{
    "version": "2023-08-31",
    "name": "gpt-4-1-nano_5500_350_summary",
    "model": "gpt-4.1-nano",
    "mean_input_tokens": 5500,
    "stddev_input_tokens": 2250,
    "mean_output_tokens": 350,
    "stddev_output_tokens": 75,
    "num_concurrent_requests": 1,
    "results_inter_token_latency_s_quantiles_p25": 0.00892183633394963,
    "results_inter_token_latency_s_quantiles_p50": 0.01052954923145791,
    "results_inter_token_latency_s_quantiles_p75": 0.011110044671818652,
    "results_inter_token_latency_s_quantiles_p90": 0.011158159489727018,
    "results_inter_token_latency_s_quantiles_p95": 0.011204824023794257,
    "results_inter_token_latency_s_quantiles_p99": 0.011242155651048049,
    "results_inter_token_latency_s_mean": 0.010080953654015656,
    "results_inter_token_latency_s_min": 0.008399935032355354,
    "results_inter_token_latency_s_max": 0.011251488557861497,
    "results_inter_token_latency_s_stddev": 0.0011847509959022787,
    "results_ttft_s_quantiles_p25": 0.5624074347615533,
    "results_ttft_s_quantiles_p50": 0.9509877990058158,
    "results_ttft_s_quantiles_p75": 1.425636035255593,
    "results_ttft_s_quantiles_p90": 1.52641430979711,
    "results_ttft_s_quantiles_p95": 1.6008718669007065,
    "results_ttft_s_quantiles_p99": 1.660437912583584,
    "results_ttft_s_mean": 1.015032337102457,
    "results_ttft_s_min": 0.4794474899972556,
    "results_ttft_s_max": 1.6753294240043033,
    "results_ttft_s_stddev": 0.46809053393466077,
    "results_end_to_end_latency_s_quantiles_p25": 2.9875091100038844,
    "results_end_to_end_latency_s_quantiles_p50": 3.578087375506584,
    "results_end_to_end_latency_s_quantiles_p75": 4.222261197250191,
    "results_end_to_end_latency_s_quantiles_p90": 4.5061789306011635,
    "results_end_to_end_latency_s_quantiles_p95": 4.828897648306883,
    "results_end_to_end_latency_s_quantiles_p99": 5.08707262247146,
    "results_end_to_end_latency_s_mean": 3.635591738302901,
    "results_end_to_end_latency_s_min": 2.329934562003473,
    "results_end_to_end_latency_s_max": 5.151616366012604,
    "results_end_to_end_latency_s_stddev": 0.8683837312679591,
    "results_request_output_throughput_token_per_s_quantiles_p25": 108.68040341302178,
    "results_request_output_throughput_token_per_s_quantiles_p50": 115.35384505848059,
    "results_request_output_throughput_token_per_s_quantiles_p75": 133.06617087072186,
    "results_request_output_throughput_token_per_s_quantiles_p90": 141.20678635059514,
    "results_request_output_throughput_token_per_s_quantiles_p95": 142.06462763023836,
    "results_request_output_throughput_token_per_s_quantiles_p99": 142.75090065395295,
    "results_request_output_throughput_token_per_s_mean": 120.63994525879112,
    "results_request_output_throughput_token_per_s_min": 104.74957886106215,
    "results_request_output_throughput_token_per_s_max": 142.92246890988162,
    "results_request_output_throughput_token_per_s_stddev": 14.770841221423359,
    "results_number_input_tokens_quantiles_p25": 3417.25,
    "results_number_input_tokens_quantiles_p50": 5199.5,
    "results_number_input_tokens_quantiles_p75": 8701.75,
    "results_number_input_tokens_quantiles_p90": 9276.699999999999,
    "results_number_input_tokens_quantiles_p95": 10170.849999999999,
    "results_number_input_tokens_quantiles_p99": 10886.17,
    "results_number_input_tokens_mean": 5895.1,
    "results_number_input_tokens_min": "1891",
    "results_number_input_tokens_max": "11065",
    "results_number_input_tokens_stddev": 3167.794201017484,
    "results_number_output_tokens_quantiles_p25": 381.75,
    "results_number_output_tokens_quantiles_p50": 426.5,
    "results_number_output_tokens_quantiles_p75": 459.5,
    "results_number_output_tokens_quantiles_p90": 488.4,
    "results_number_output_tokens_quantiles_p95": 521.6999999999999,
    "results_number_output_tokens_quantiles_p99": 548.34,
    "results_number_output_tokens_mean": 428.6,
    "results_number_output_tokens_min": "333",
    "results_number_output_tokens_max": "555",
    "results_number_output_tokens_stddev": 63.65567095274736,
    "results_num_requests_started": 10,
    "results_error_rate": 0.0,
    "results_number_errors": 0,
    "results_error_code_frequency": "{}",
    "results_mean_output_throughput_token_per_s": 112.96303982235125,
    "results_num_completed_requests": 10,
    "results_num_completed_requests_per_min": 15.813771323707595,
    "timestamp": 1769510345
}