{
    "version": "2023-08-31",
    "name": "gpt-4-1-nano_150_5500_summary",
    "model": "gpt-4.1-nano",
    "mean_input_tokens": 150,
    "stddev_input_tokens": 25,
    "mean_output_tokens": 5500,
    "stddev_output_tokens": 2250,
    "num_concurrent_requests": 1,
    "results_inter_token_latency_s_quantiles_p25": 0.00788557962814641,
    "results_inter_token_latency_s_quantiles_p50": 0.010296982911989348,
    "results_inter_token_latency_s_quantiles_p75": 0.013692143938025142,
    "results_inter_token_latency_s_quantiles_p90": 0.015354160232792763,
    "results_inter_token_latency_s_quantiles_p95": 0.01669916675763293,
    "results_inter_token_latency_s_quantiles_p99": 0.01777517197750507,
    "results_inter_token_latency_s_mean": 0.01091909021536238,
    "results_inter_token_latency_s_min": 0.006614328815908769,
    "results_inter_token_latency_s_max": 0.018044173282473104,
    "results_inter_token_latency_s_stddev": 0.003833444902334412,
    "results_ttft_s_quantiles_p25": 0.6432576942606829,
    "results_ttft_s_quantiles_p50": 0.6863723369897343,
    "results_ttft_s_quantiles_p75": 0.7521474292734638,
    "results_ttft_s_quantiles_p90": 0.7794457190961112,
    "results_ttft_s_quantiles_p95": 0.8095518355286913,
    "results_ttft_s_quantiles_p99": 0.8336367286747555,
    "results_ttft_s_mean": 0.6953656569006853,
    "results_ttft_s_min": 0.5854242100031115,
    "results_ttft_s_max": 0.8396579519612715,
    "results_ttft_s_stddev": 0.08076927762900661,
    "results_end_to_end_latency_s_quantiles_p25": 1.1803683350008214,
    "results_end_to_end_latency_s_quantiles_p50": 1.528851915471023,
    "results_end_to_end_latency_s_quantiles_p75": 2.0851305007818155,
    "results_end_to_end_latency_s_quantiles_p90": 3.7618306887103246,
    "results_end_to_end_latency_s_quantiles_p95": 3.8277795058500486,
    "results_end_to_end_latency_s_quantiles_p99": 3.880538559561828,
    "results_end_to_end_latency_s_mean": 1.9224158004974015,
    "results_end_to_end_latency_s_min": 1.0475043099722825,
    "results_end_to_end_latency_s_max": 3.893728322989773,
    "results_end_to_end_latency_s_stddev": 1.0599425862356653,
    "results_request_output_throughput_token_per_s_quantiles_p25": 84.57752806208975,
    "results_request_output_throughput_token_per_s_quantiles_p50": 121.99495368617224,
    "results_request_output_throughput_token_per_s_quantiles_p75": 150.02559346104107,
    "results_request_output_throughput_token_per_s_quantiles_p90": 182.05303742519564,
    "results_request_output_throughput_token_per_s_quantiles_p95": 187.07841781192343,
    "results_request_output_throughput_token_per_s_quantiles_p99": 191.09872212130566,
    "results_request_output_throughput_token_per_s_mean": 123.28083617140105,
    "results_request_output_throughput_token_per_s_min": 63.006900660624865,
    "results_request_output_throughput_token_per_s_max": 192.10379819865122,
    "results_request_output_throughput_token_per_s_stddev": 44.07074262338747,
    "results_number_input_tokens_quantiles_p25": 127.25,
    "results_number_input_tokens_quantiles_p50": 137.5,
    "results_number_input_tokens_quantiles_p75": 150.75,
    "results_number_input_tokens_quantiles_p90": 158.2,
    "results_number_input_tokens_quantiles_p95": 168.09999999999997,
    "results_number_input_tokens_quantiles_p99": 176.02,
    "results_number_input_tokens_mean": 140.5,
    "results_number_input_tokens_min": "120",
    "results_number_input_tokens_max": "178",
    "results_number_input_tokens_stddev": 18.25893997166563,
    "results_number_output_tokens_quantiles_p25": 98.5,
    "results_number_output_tokens_quantiles_p50": 206.0,
    "results_number_output_tokens_quantiles_p75": 271.75,
    "results_number_output_tokens_quantiles_p90": 685.0,
    "results_number_output_tokens_quantiles_p95": 716.4999999999999,
    "results_number_output_tokens_quantiles_p99": 741.7,
    "results_number_output_tokens_mean": 273.3,
    "results_number_output_tokens_min": "66",
    "results_number_output_tokens_max": "748",
    "results_number_output_tokens_stddev": 243.28266595784328,
    "results_num_requests_started": 10,
    "results_error_rate": 0.0,
    "results_number_errors": 0,
    "results_error_code_frequency": "{}",
    "results_mean_output_throughput_token_per_s": 129.31586569082467,
    "results_num_completed_requests": 10,
    "results_num_completed_requests_per_min": 28.389871721366553,
    "timestamp": 1769065471
}