{
    "version": "2023-08-31",
    "name": "gpt-4-1-nano_150_350_summary",
    "model": "gpt-4.1-nano",
    "mean_input_tokens": 150,
    "stddev_input_tokens": 25,
    "mean_output_tokens": 350,
    "stddev_output_tokens": 75,
    "num_concurrent_requests": 20,
    "results_inter_token_latency_s_quantiles_p25": 0.013402045720969607,
    "results_inter_token_latency_s_quantiles_p50": 0.015113817945527092,
    "results_inter_token_latency_s_quantiles_p75": 0.02104202453743793,
    "results_inter_token_latency_s_quantiles_p90": 0.021795243487008106,
    "results_inter_token_latency_s_quantiles_p95": 0.022236746482449235,
    "results_inter_token_latency_s_quantiles_p99": 0.022589948878802137,
    "results_inter_token_latency_s_mean": 0.016788308443517422,
    "results_inter_token_latency_s_min": 0.011976005395892969,
    "results_inter_token_latency_s_max": 0.022678249477890364,
    "results_inter_token_latency_s_stddev": 0.004179894565389348,
    "results_ttft_s_quantiles_p25": 0.40617235725949286,
    "results_ttft_s_quantiles_p50": 0.4913520289992448,
    "results_ttft_s_quantiles_p75": 0.5620624577422859,
    "results_ttft_s_quantiles_p90": 0.6683242899976903,
    "results_ttft_s_quantiles_p95": 0.7213482354971346,
    "results_ttft_s_quantiles_p99": 0.7637673918966903,
    "results_ttft_s_mean": 0.5132660179020604,
    "results_ttft_s_min": 0.3831642770092003,
    "results_ttft_s_max": 0.7743721809965791,
    "results_ttft_s_stddev": 0.12706535724398263,
    "results_end_to_end_latency_s_quantiles_p25": 1.0281290449966036,
    "results_end_to_end_latency_s_quantiles_p50": 1.2479150510043837,
    "results_end_to_end_latency_s_quantiles_p75": 1.3810540195045178,
    "results_end_to_end_latency_s_quantiles_p90": 1.4401736562984297,
    "results_end_to_end_latency_s_quantiles_p95": 1.4696982971494434,
    "results_end_to_end_latency_s_quantiles_p99": 1.4933180098302545,
    "results_end_to_end_latency_s_mean": 1.2057756231020904,
    "results_end_to_end_latency_s_min": 0.875223435999942,
    "results_end_to_end_latency_s_max": 1.4992229380004574,
    "results_end_to_end_latency_s_stddev": 0.22884944384320988,
    "results_request_output_throughput_token_per_s_quantiles_p25": 55.07037427478919,
    "results_request_output_throughput_token_per_s_quantiles_p50": 77.56573808772879,
    "results_request_output_throughput_token_per_s_quantiles_p75": 87.65411295515479,
    "results_request_output_throughput_token_per_s_quantiles_p90": 93.15845122506433,
    "results_request_output_throughput_token_per_s_quantiles_p95": 95.0581513614506,
    "results_request_output_throughput_token_per_s_quantiles_p99": 96.57791147055961,
    "results_request_output_throughput_token_per_s_mean": 72.65632313802821,
    "results_request_output_throughput_token_per_s_min": 49.10239115424536,
    "results_request_output_throughput_token_per_s_max": 96.95785149783687,
    "results_request_output_throughput_token_per_s_stddev": 18.505901417052115,
    "results_number_input_tokens_quantiles_p25": 126.0,
    "results_number_input_tokens_quantiles_p50": 134.0,
    "results_number_input_tokens_quantiles_p75": 174.0,
    "results_number_input_tokens_quantiles_p90": 179.4,
    "results_number_input_tokens_quantiles_p95": 181.2,
    "results_number_input_tokens_quantiles_p99": 182.64,
    "results_number_input_tokens_mean": 142.6,
    "results_number_input_tokens_min": "103",
    "results_number_input_tokens_max": "183",
    "results_number_input_tokens_stddev": 30.52576325372098,
    "results_number_output_tokens_quantiles_p25": 66.75,
    "results_number_output_tokens_quantiles_p50": 87.5,
    "results_number_output_tokens_quantiles_p75": 116.25,
    "results_number_output_tokens_quantiles_p90": 125.5,
    "results_number_output_tokens_quantiles_p95": 132.24999999999997,
    "results_number_output_tokens_quantiles_p99": 137.65,
    "results_number_output_tokens_mean": 89.2,
    "results_number_output_tokens_min": "43",
    "results_number_output_tokens_max": "139",
    "results_number_output_tokens_stddev": 32.536475258119495,
    "results_num_requests_started": 10,
    "results_error_rate": 0.0,
    "results_number_errors": 0,
    "results_error_code_frequency": "{}",
    "results_mean_output_throughput_token_per_s": 136.26274110832898,
    "results_num_completed_requests": 10,
    "results_num_completed_requests_per_min": 91.65655231501948,
    "timestamp": 1769519667
}