Concurrent_Users,P25,P50,P75
1,0.9859773627467803,1.3348379195012967,1.49592551375099
10,0.9097488549959962,1.134107498502999,1.193164958505804
20,0.7900381047511473,0.9514526209968608,1.0241690329930861
30,0.7404146065055102,0.8469333124958212,0.8746941562458233
40,0.9965735250043508,1.2631005840084981,1.4523869444965385
50,0.92409396450239,1.202652494503127,1.3263418427522993
