Concurrent_Users,P25,P50,P75
1,0.010212850148743909,0.010916930872869102,0.014110585708859777
10,0.01115090823831257,0.012454989026435142,0.013899917473282328
20,0.012295179996971455,0.013171077412576396,0.016733798260095984
30,0.012789314716795515,0.014709619081701524,0.01750223604274429
40,0.013663974633090263,0.016804405943528347,0.019372422212931933
50,0.0131151390111653,0.01490654046246042,0.017477120896574244
