Concurrent_Users,P25,P50,P75
1,85.33880254060905,106.32162163221861,114.77173447039283
10,80.27765527427121,87.08773933378671,101.32109215013799
20,69.60087571161638,90.99674686287128,94.30783971230457
30,62.21854681835455,77.30576208287667,90.68195816620192
40,63.54753538639445,68.427375658633,81.27613382774221
50,62.040574551434446,77.2033569864751,86.16324113802165
