Concurrent_Users,P25,P50,P75
1,0.3803546009949059,0.45567749949987046,0.49201853375780047
10,0.3681258260003233,0.4173790845015901,0.4847415907534014
20,0.3586433847412991,0.36879512049927143,0.471221754742146
30,0.37702436974359443,0.42047753799852217,0.5046588732548116
40,0.4146411777546746,0.528993811494729,0.9290105932486767
50,0.4683298532436311,0.5416361950046849,0.7575878855022893
