{
    "version": "2023-08-31",
    "name": "gpt-4-1-nano_150_5500_summary",
    "model": "gpt-4.1-nano",
    "mean_input_tokens": 150,
    "stddev_input_tokens": 25,
    "mean_output_tokens": 5500,
    "stddev_output_tokens": 2250,
    "num_concurrent_requests": 40,
    "results_inter_token_latency_s_quantiles_p25": 0.012292868584103717,
    "results_inter_token_latency_s_quantiles_p50": 0.014217667876493506,
    "results_inter_token_latency_s_quantiles_p75": 0.015475690739418924,
    "results_inter_token_latency_s_quantiles_p90": 0.01728499676769843,
    "results_inter_token_latency_s_quantiles_p95": 0.01866871662646417,
    "results_inter_token_latency_s_quantiles_p99": 0.01977569251347677,
    "results_inter_token_latency_s_mean": 0.014441847063882513,
    "results_inter_token_latency_s_min": 0.011057191530434305,
    "results_inter_token_latency_s_max": 0.02005243648522992,
    "results_inter_token_latency_s_stddev": 0.0027369863161136646,
    "results_ttft_s_quantiles_p25": 0.4439309749977838,
    "results_ttft_s_quantiles_p50": 0.4769181040028343,
    "results_ttft_s_quantiles_p75": 0.5206656205118634,
    "results_ttft_s_quantiles_p90": 0.5400553137995302,
    "results_ttft_s_quantiles_p95": 0.5920130643993615,
    "results_ttft_s_quantiles_p99": 0.6335792648792267,
    "results_ttft_s_mean": 0.4792258927016519,
    "results_ttft_s_min": 0.3699130960012553,
    "results_ttft_s_max": 0.643970814999193,
    "results_ttft_s_stddev": 0.07969200310650235,
    "results_end_to_end_latency_s_quantiles_p25": 0.9584743082450586,
    "results_end_to_end_latency_s_quantiles_p50": 1.0404105834968504,
    "results_end_to_end_latency_s_quantiles_p75": 1.1429637272449327,
    "results_end_to_end_latency_s_quantiles_p90": 1.1746526170070866,
    "results_end_to_end_latency_s_quantiles_p95": 1.232423905001633,
    "results_end_to_end_latency_s_quantiles_p99": 1.2786409353972703,
    "results_end_to_end_latency_s_mean": 1.0478755576987169,
    "results_end_to_end_latency_s_min": 0.8283357390027959,
    "results_end_to_end_latency_s_max": 1.2901951929961797,
    "results_end_to_end_latency_s_stddev": 0.13360544972994662,
    "results_request_output_throughput_token_per_s_quantiles_p25": 75.51076992570451,
    "results_request_output_throughput_token_per_s_quantiles_p50": 79.44323027133998,
    "results_request_output_throughput_token_per_s_quantiles_p75": 95.1015874165619,
    "results_request_output_throughput_token_per_s_quantiles_p90": 99.2018409191043,
    "results_request_output_throughput_token_per_s_quantiles_p95": 100.18619861170798,
    "results_request_output_throughput_token_per_s_quantiles_p99": 100.97368476579094,
    "results_request_output_throughput_token_per_s_mean": 82.19383100710965,
    "results_request_output_throughput_token_per_s_min": 58.13073898208368,
    "results_request_output_throughput_token_per_s_max": 101.17055630431167,
    "results_request_output_throughput_token_per_s_stddev": 14.04106743115165,
    "results_number_input_tokens_quantiles_p25": 128.75,
    "results_number_input_tokens_quantiles_p50": 139.0,
    "results_number_input_tokens_quantiles_p75": 144.75,
    "results_number_input_tokens_quantiles_p90": 166.0,
    "results_number_input_tokens_quantiles_p95": 166.0,
    "results_number_input_tokens_quantiles_p99": 166.0,
    "results_number_input_tokens_mean": 141.1,
    "results_number_input_tokens_min": "125",
    "results_number_input_tokens_max": "166",
    "results_number_input_tokens_stddev": 14.955118038837258,
    "results_number_output_tokens_quantiles_p25": 76.25,
    "results_number_output_tokens_quantiles_p50": 81.0,
    "results_number_output_tokens_quantiles_p75": 91.75,
    "results_number_output_tokens_quantiles_p90": 110.5,
    "results_number_output_tokens_quantiles_p95": 112.75,
    "results_number_output_tokens_quantiles_p99": 114.55,
    "results_number_output_tokens_mean": 85.7,
    "results_number_output_tokens_min": "63",
    "results_number_output_tokens_max": "115",
    "results_number_output_tokens_stddev": 16.43877529907059,
    "results_num_requests_started": 10,
    "results_error_rate": 0.0,
    "results_number_errors": 0,
    "results_error_code_frequency": "{}",
    "results_mean_output_throughput_token_per_s": 53.135637835715784,
    "results_num_completed_requests": 10,
    "results_num_completed_requests_per_min": 37.20114667611374,
    "timestamp": 1769518479
}