{
    "version": "2023-08-31",
    "name": "gpt-4-1-nano_5500_350_summary",
    "model": "gpt-4.1-nano",
    "mean_input_tokens": 5500,
    "stddev_input_tokens": 2250,
    "mean_output_tokens": 350,
    "stddev_output_tokens": 75,
    "num_concurrent_requests": 10,
    "results_inter_token_latency_s_quantiles_p25": 0.008539468918039616,
    "results_inter_token_latency_s_quantiles_p50": 0.009107393820848353,
    "results_inter_token_latency_s_quantiles_p75": 0.009294061388835487,
    "results_inter_token_latency_s_quantiles_p90": 0.010107944868041207,
    "results_inter_token_latency_s_quantiles_p95": 0.010204506741081087,
    "results_inter_token_latency_s_quantiles_p99": 0.010281756239512992,
    "results_inter_token_latency_s_mean": 0.00895759986566937,
    "results_inter_token_latency_s_min": 0.007562205914326739,
    "results_inter_token_latency_s_max": 0.010301068614120968,
    "results_inter_token_latency_s_stddev": 0.0009064094432026738,
    "results_ttft_s_quantiles_p25": 0.790099587480654,
    "results_ttft_s_quantiles_p50": 0.8153579639911186,
    "results_ttft_s_quantiles_p75": 0.8609782429994084,
    "results_ttft_s_quantiles_p90": 0.9363743679306935,
    "results_ttft_s_quantiles_p95": 0.9585111814754782,
    "results_ttft_s_quantiles_p99": 0.976220632311306,
    "results_ttft_s_mean": 0.8315356782986782,
    "results_ttft_s_min": 0.7351604089490138,
    "results_ttft_s_max": 0.9806479950202629,
    "results_ttft_s_stddev": 0.0783343620383629,
    "results_end_to_end_latency_s_quantiles_p25": 2.9587796677660663,
    "results_end_to_end_latency_s_quantiles_p50": 3.1832303980190773,
    "results_end_to_end_latency_s_quantiles_p75": 3.9314752555219457,
    "results_end_to_end_latency_s_quantiles_p90": 4.0995964014262425,
    "results_end_to_end_latency_s_quantiles_p95": 4.244516846715123,
    "results_end_to_end_latency_s_quantiles_p99": 4.360453202946228,
    "results_end_to_end_latency_s_mean": 3.3966441978118382,
    "results_end_to_end_latency_s_min": 2.676882678992115,
    "results_end_to_end_latency_s_max": 4.389437292004004,
    "results_end_to_end_latency_s_stddev": 0.5888621297029782,
    "results_request_output_throughput_token_per_s_quantiles_p25": 129.45581172471145,
    "results_request_output_throughput_token_per_s_quantiles_p50": 133.68713759363155,
    "results_request_output_throughput_token_per_s_quantiles_p75": 140.6259879136245,
    "results_request_output_throughput_token_per_s_quantiles_p90": 158.12616231550226,
    "results_request_output_throughput_token_per_s_quantiles_p95": 159.48341217444903,
    "results_request_output_throughput_token_per_s_quantiles_p99": 160.56921206160644,
    "results_request_output_throughput_token_per_s_mean": 136.07730275265777,
    "results_request_output_throughput_token_per_s_min": 115.84841082610852,
    "results_request_output_throughput_token_per_s_max": 160.84066203339577,
    "results_request_output_throughput_token_per_s_stddev": 14.534668588067262,
    "results_number_input_tokens_quantiles_p25": 6111.25,
    "results_number_input_tokens_quantiles_p50": 7028.0,
    "results_number_input_tokens_quantiles_p75": 7929.0,
    "results_number_input_tokens_quantiles_p90": 8384.2,
    "results_number_input_tokens_quantiles_p95": 8452.6,
    "results_number_input_tokens_quantiles_p99": 8507.32,
    "results_number_input_tokens_mean": 6814.9,
    "results_number_input_tokens_min": "3775",
    "results_number_input_tokens_max": "8521",
    "results_number_input_tokens_stddev": 1530.2326947232568,
    "results_number_output_tokens_quantiles_p25": 386.75,
    "results_number_output_tokens_quantiles_p50": 454.5,
    "results_number_output_tokens_quantiles_p75": 489.75,
    "results_number_output_tokens_quantiles_p90": 546.6999999999999,
    "results_number_output_tokens_quantiles_p95": 626.3499999999998,
    "results_number_output_tokens_quantiles_p99": 690.07,
    "results_number_output_tokens_mean": 463.3,
    "results_number_output_tokens_min": "346",
    "results_number_output_tokens_max": "706",
    "results_number_output_tokens_stddev": 104.22203861627987,
    "results_num_requests_started": 10,
    "results_error_rate": 0.0,
    "results_number_errors": 0,
    "results_error_code_frequency": "{}",
    "results_mean_output_throughput_token_per_s": 397.8532510441452,
    "results_num_completed_requests": 10,
    "results_num_completed_requests_per_min": 51.524271665548696,
    "timestamp": 1769065273
}