{
    "version": "2023-08-31",
    "name": "gpt-4-1-nano_5500_350_summary",
    "model": "gpt-4.1-nano",
    "mean_input_tokens": 5500,
    "stddev_input_tokens": 2250,
    "mean_output_tokens": 350,
    "stddev_output_tokens": 75,
    "num_concurrent_requests": 40,
    "results_inter_token_latency_s_quantiles_p25": 0.00905710930831458,
    "results_inter_token_latency_s_quantiles_p50": 0.00951653945882356,
    "results_inter_token_latency_s_quantiles_p75": 0.01061859760837772,
    "results_inter_token_latency_s_quantiles_p90": 0.011144097819071481,
    "results_inter_token_latency_s_quantiles_p95": 0.011325091488487898,
    "results_inter_token_latency_s_quantiles_p99": 0.011469886424021034,
    "results_inter_token_latency_s_mean": 0.009596965467076205,
    "results_inter_token_latency_s_min": 0.0073853041779898005,
    "results_inter_token_latency_s_max": 0.011506085157904317,
    "results_inter_token_latency_s_stddev": 0.001328966842430242,
    "results_ttft_s_quantiles_p25": 0.9683523989995138,
    "results_ttft_s_quantiles_p50": 1.3237518070000078,
    "results_ttft_s_quantiles_p75": 1.397888876500474,
    "results_ttft_s_quantiles_p90": 1.4406179073998828,
    "results_ttft_s_quantiles_p95": 1.4635551112003213,
    "results_ttft_s_quantiles_p99": 1.4819048742406722,
    "results_ttft_s_mean": 1.1894772243000262,
    "results_ttft_s_min": 0.7356263479996414,
    "results_ttft_s_max": 1.4864923150007598,
    "results_ttft_s_stddev": 0.28589984892354725,
    "results_end_to_end_latency_s_quantiles_p25": 2.873037060499655,
    "results_end_to_end_latency_s_quantiles_p50": 3.1213526944998193,
    "results_end_to_end_latency_s_quantiles_p75": 3.2821004575000643,
    "results_end_to_end_latency_s_quantiles_p90": 3.5104127476002756,
    "results_end_to_end_latency_s_quantiles_p95": 3.6908302783001994,
    "results_end_to_end_latency_s_quantiles_p99": 3.8351643028601394,
    "results_end_to_end_latency_s_mean": 3.1067773533000036,
    "results_end_to_end_latency_s_min": 2.4062571300000855,
    "results_end_to_end_latency_s_max": 3.871247809000124,
    "results_end_to_end_latency_s_stddev": 0.40065360221817914,
    "results_request_output_throughput_token_per_s_quantiles_p25": 111.1149104647135,
    "results_request_output_throughput_token_per_s_quantiles_p50": 128.64267783389283,
    "results_request_output_throughput_token_per_s_quantiles_p75": 133.35529830577457,
    "results_request_output_throughput_token_per_s_quantiles_p90": 135.68155036101578,
    "results_request_output_throughput_token_per_s_quantiles_p95": 142.61774179071267,
    "results_request_output_throughput_token_per_s_quantiles_p99": 148.1666949344702,
    "results_request_output_throughput_token_per_s_mean": 124.45816208562569,
    "results_request_output_throughput_token_per_s_min": 104.72696240903858,
    "results_request_output_throughput_token_per_s_max": 149.55393322040956,
    "results_request_output_throughput_token_per_s_stddev": 14.768782268669774,
    "results_number_input_tokens_quantiles_p25": 4793.0,
    "results_number_input_tokens_quantiles_p50": 6246.5,
    "results_number_input_tokens_quantiles_p75": 7644.25,
    "results_number_input_tokens_quantiles_p90": 8982.0,
    "results_number_input_tokens_quantiles_p95": 8982.0,
    "results_number_input_tokens_quantiles_p99": 8982.0,
    "results_number_input_tokens_mean": 6116.2,
    "results_number_input_tokens_min": "3146",
    "results_number_input_tokens_max": "8982",
    "results_number_input_tokens_stddev": 2130.2680478182915,
    "results_number_output_tokens_quantiles_p25": 363.75,
    "results_number_output_tokens_quantiles_p50": 379.0,
    "results_number_output_tokens_quantiles_p75": 411.0,
    "results_number_output_tokens_quantiles_p90": 471.29999999999995,
    "results_number_output_tokens_quantiles_p95": 495.1499999999999,
    "results_number_output_tokens_quantiles_p99": 514.23,
    "results_number_output_tokens_mean": 387.7,
    "results_number_output_tokens_min": "252",
    "results_number_output_tokens_max": "519",
    "results_number_output_tokens_stddev": 72.68967525645502,
    "results_num_requests_started": 10,
    "results_error_rate": 0.0,
    "results_number_errors": 0,
    "results_error_code_frequency": "{}",
    "results_mean_output_throughput_token_per_s": 160.57304246461072,
    "results_num_completed_requests": 10,
    "results_num_completed_requests_per_min": 24.850096847760234,
    "timestamp": 1769149558
}