{
    "version": "2023-08-31",
    "name": "gpt-4-1-nano_150_5500_summary",
    "model": "gpt-4.1-nano",
    "mean_input_tokens": 150,
    "stddev_input_tokens": 25,
    "mean_output_tokens": 5500,
    "stddev_output_tokens": 2250,
    "num_concurrent_requests": 50,
    "results_inter_token_latency_s_quantiles_p25": 0.021280291668213516,
    "results_inter_token_latency_s_quantiles_p50": 0.025191960383222814,
    "results_inter_token_latency_s_quantiles_p75": 0.037839429712413906,
    "results_inter_token_latency_s_quantiles_p90": 0.05276001823507588,
    "results_inter_token_latency_s_quantiles_p95": 0.059997147750596454,
    "results_inter_token_latency_s_quantiles_p99": 0.06578685136301295,
    "results_inter_token_latency_s_mean": 0.031254503881773046,
    "results_inter_token_latency_s_min": 0.01064527566254948,
    "results_inter_token_latency_s_max": 0.06723427726611705,
    "results_inter_token_latency_s_stddev": 0.017014428252427945,
    "results_ttft_s_quantiles_p25": 2.0094507412723033,
    "results_ttft_s_quantiles_p50": 2.6959306850039866,
    "results_ttft_s_quantiles_p75": 3.630388737015892,
    "results_ttft_s_quantiles_p90": 4.5051435238099655,
    "results_ttft_s_quantiles_p95": 4.5796973223972595,
    "results_ttft_s_quantiles_p99": 4.639340361267095,
    "results_ttft_s_mean": 2.8321152846037876,
    "results_ttft_s_min": 1.1842733250232413,
    "results_ttft_s_max": 4.654251120984554,
    "results_ttft_s_stddev": 1.2430649272573373,
    "results_end_to_end_latency_s_quantiles_p25": 2.9604869162430987,
    "results_end_to_end_latency_s_quantiles_p50": 3.5331342094868887,
    "results_end_to_end_latency_s_quantiles_p75": 4.527421891500126,
    "results_end_to_end_latency_s_quantiles_p90": 4.938881642202613,
    "results_end_to_end_latency_s_quantiles_p95": 5.678766706588792,
    "results_end_to_end_latency_s_quantiles_p99": 6.270674758097739,
    "results_end_to_end_latency_s_mean": 3.7570980086980854,
    "results_end_to_end_latency_s_min": 1.491354378988035,
    "results_end_to_end_latency_s_max": 6.418651770974975,
    "results_end_to_end_latency_s_stddev": 1.351677624249536,
    "results_request_output_throughput_token_per_s_quantiles_p25": 33.60202681533714,
    "results_request_output_throughput_token_per_s_quantiles_p50": 47.12038158642986,
    "results_request_output_throughput_token_per_s_quantiles_p75": 56.386164598527586,
    "results_request_output_throughput_token_per_s_quantiles_p90": 64.57052729345413,
    "results_request_output_throughput_token_per_s_quantiles_p95": 89.52369418157309,
    "results_request_output_throughput_token_per_s_quantiles_p99": 109.48622769206837,
    "results_request_output_throughput_token_per_s_mean": 49.18636472012999,
    "results_request_output_throughput_token_per_s_min": 16.546364338462155,
    "results_request_output_throughput_token_per_s_max": 114.47686106969216,
    "results_request_output_throughput_token_per_s_stddev": 26.948369529734656,
    "results_number_input_tokens_quantiles_p25": 157.25,
    "results_number_input_tokens_quantiles_p50": 170.0,
    "results_number_input_tokens_quantiles_p75": 177.0,
    "results_number_input_tokens_quantiles_p90": 194.7,
    "results_number_input_tokens_quantiles_p95": 202.35,
    "results_number_input_tokens_quantiles_p99": 208.47,
    "results_number_input_tokens_mean": 170.8,
    "results_number_input_tokens_min": "149",
    "results_number_input_tokens_max": "210",
    "results_number_input_tokens_stddev": 19.337930487918182,
    "results_number_output_tokens_quantiles_p25": 107.25,
    "results_number_output_tokens_quantiles_p50": 151.5,
    "results_number_output_tokens_quantiles_p75": 205.5,
    "results_number_output_tokens_quantiles_p90": 316.0,
    "results_number_output_tokens_quantiles_p95": 325.0,
    "results_number_output_tokens_quantiles_p99": 332.2,
    "results_number_output_tokens_mean": 172.6,
    "results_number_output_tokens_min": "79",
    "results_number_output_tokens_max": "334",
    "results_number_output_tokens_stddev": 91.27029454683856,
    "results_num_requests_started": 10,
    "results_error_rate": 0.0,
    "results_number_errors": 0,
    "results_error_code_frequency": "{}",
    "results_mean_output_throughput_token_per_s": 39.03934188795249,
    "results_num_completed_requests": 10,
    "results_num_completed_requests_per_min": 13.571034260006659,
    "timestamp": 1769053669
}