{
    "version": "2023-08-31",
    "name": "gpt-4-1-nano_150_5500_summary",
    "model": "gpt-4.1-nano",
    "mean_input_tokens": 150,
    "stddev_input_tokens": 25,
    "mean_output_tokens": 5500,
    "stddev_output_tokens": 2250,
    "num_concurrent_requests": 50,
    "results_inter_token_latency_s_quantiles_p25": 0.014729283720612614,
    "results_inter_token_latency_s_quantiles_p50": 0.01873485707553863,
    "results_inter_token_latency_s_quantiles_p75": 0.02308792453725083,
    "results_inter_token_latency_s_quantiles_p90": 0.024561085805485793,
    "results_inter_token_latency_s_quantiles_p95": 0.024868361471129634,
    "results_inter_token_latency_s_quantiles_p99": 0.025114182003644712,
    "results_inter_token_latency_s_mean": 0.018639387728849863,
    "results_inter_token_latency_s_min": 0.01038381366633835,
    "results_inter_token_latency_s_max": 0.02517563713677348,
    "results_inter_token_latency_s_stddev": 0.005188032467114702,
    "results_ttft_s_quantiles_p25": 0.540145950501028,
    "results_ttft_s_quantiles_p50": 0.5904263539996464,
    "results_ttft_s_quantiles_p75": 0.7637694340010057,
    "results_ttft_s_quantiles_p90": 0.9957988292022492,
    "results_ttft_s_quantiles_p95": 1.0493355776059614,
    "results_ttft_s_quantiles_p99": 1.0921649763289316,
    "results_ttft_s_mean": 0.671566186803102,
    "results_ttft_s_min": 0.450051934007206,
    "results_ttft_s_max": 1.102872326009674,
    "results_ttft_s_stddev": 0.22055975954847237,
    "results_end_to_end_latency_s_quantiles_p25": 1.0234031002510164,
    "results_end_to_end_latency_s_quantiles_p50": 1.493762506506755,
    "results_end_to_end_latency_s_quantiles_p75": 2.0005542959988816,
    "results_end_to_end_latency_s_quantiles_p90": 2.398352962298668,
    "results_end_to_end_latency_s_quantiles_p95": 2.460943594148557,
    "results_end_to_end_latency_s_quantiles_p99": 2.5110160996284687,
    "results_end_to_end_latency_s_mean": 1.5350872880022508,
    "results_end_to_end_latency_s_min": 0.656176257005427,
    "results_end_to_end_latency_s_max": 2.5235342259984463,
    "results_end_to_end_latency_s_stddev": 0.6588759693275316,
    "results_request_output_throughput_token_per_s_quantiles_p25": 52.28804082400361,
    "results_request_output_throughput_token_per_s_quantiles_p50": 60.33035590740111,
    "results_request_output_throughput_token_per_s_quantiles_p75": 79.70733001689507,
    "results_request_output_throughput_token_per_s_quantiles_p90": 98.10509874576103,
    "results_request_output_throughput_token_per_s_quantiles_p95": 106.51164721516562,
    "results_request_output_throughput_token_per_s_quantiles_p99": 113.23688599068933,
    "results_request_output_throughput_token_per_s_mean": 67.95286755796475,
    "results_request_output_throughput_token_per_s_min": 43.52448712704595,
    "results_request_output_throughput_token_per_s_max": 114.91819568457025,
    "results_request_output_throughput_token_per_s_stddev": 23.153937766722507,
    "results_number_input_tokens_quantiles_p25": 122.0,
    "results_number_input_tokens_quantiles_p50": 133.0,
    "results_number_input_tokens_quantiles_p75": 171.0,
    "results_number_input_tokens_quantiles_p90": 178.0,
    "results_number_input_tokens_quantiles_p95": 186.99999999999997,
    "results_number_input_tokens_quantiles_p99": 194.2,
    "results_number_input_tokens_mean": 146.8,
    "results_number_input_tokens_min": "120",
    "results_number_input_tokens_max": "196",
    "results_number_input_tokens_stddev": 28.545480280500527,
    "results_number_output_tokens_quantiles_p25": 64.5,
    "results_number_output_tokens_quantiles_p50": 81.5,
    "results_number_output_tokens_quantiles_p75": 122.5,
    "results_number_output_tokens_quantiles_p90": 160.39999999999995,
    "results_number_output_tokens_quantiles_p95": 225.19999999999985,
    "results_number_output_tokens_quantiles_p99": 277.04,
    "results_number_output_tokens_mean": 107.0,
    "results_number_output_tokens_min": "36",
    "results_number_output_tokens_max": "290",
    "results_number_output_tokens_stddev": 72.80720355080868,
    "results_num_requests_started": 10,
    "results_error_rate": 0.0,
    "results_number_errors": 0,
    "results_error_code_frequency": "{}",
    "results_mean_output_throughput_token_per_s": 60.297817558179,
    "results_num_completed_requests": 10,
    "results_num_completed_requests_per_min": 33.81186031299757,
    "timestamp": 1769518505
}