{
    "version": "2023-08-31",
    "name": "gpt-4-1-nano_150_5500_summary",
    "model": "gpt-4.1-nano",
    "mean_input_tokens": 150,
    "stddev_input_tokens": 25,
    "mean_output_tokens": 5500,
    "stddev_output_tokens": 2250,
    "num_concurrent_requests": 20,
    "results_inter_token_latency_s_quantiles_p25": 0.011933706523644123,
    "results_inter_token_latency_s_quantiles_p50": 0.012706376514274623,
    "results_inter_token_latency_s_quantiles_p75": 0.01324836712318982,
    "results_inter_token_latency_s_quantiles_p90": 0.014458474731595328,
    "results_inter_token_latency_s_quantiles_p95": 0.01626540258159366,
    "results_inter_token_latency_s_quantiles_p99": 0.01771094486159233,
    "results_inter_token_latency_s_mean": 0.013020289465474122,
    "results_inter_token_latency_s_min": 0.011086145071785984,
    "results_inter_token_latency_s_max": 0.018072330431591996,
    "results_inter_token_latency_s_stddev": 0.002005264674983951,
    "results_ttft_s_quantiles_p25": 0.4508197282484616,
    "results_ttft_s_quantiles_p50": 0.4773336645012023,
    "results_ttft_s_quantiles_p75": 0.5073430432530586,
    "results_ttft_s_quantiles_p90": 0.5335677281022072,
    "results_ttft_s_quantiles_p95": 0.5556149115465814,
    "results_ttft_s_quantiles_p99": 0.5732526583020808,
    "results_ttft_s_mean": 0.4743242487005773,
    "results_ttft_s_min": 0.3761117880058009,
    "results_ttft_s_max": 0.5776620949909557,
    "results_ttft_s_stddev": 0.06036324332173742,
    "results_end_to_end_latency_s_quantiles_p25": 0.8113463549925655,
    "results_end_to_end_latency_s_quantiles_p50": 1.3450607810009387,
    "results_end_to_end_latency_s_quantiles_p75": 1.5305890114977956,
    "results_end_to_end_latency_s_quantiles_p90": 1.5622625784977573,
    "results_end_to_end_latency_s_quantiles_p95": 1.5842795957476483,
    "results_end_to_end_latency_s_quantiles_p99": 1.601893209547561,
    "results_end_to_end_latency_s_mean": 1.2017455024964874,
    "results_end_to_end_latency_s_min": 0.739046625996707,
    "results_end_to_end_latency_s_max": 1.6062966129975393,
    "results_end_to_end_latency_s_stddev": 0.37229536304727556,
    "results_request_output_throughput_token_per_s_quantiles_p25": 86.3763546227741,
    "results_request_output_throughput_token_per_s_quantiles_p50": 95.16534599535257,
    "results_request_output_throughput_token_per_s_quantiles_p75": 101.35284942396598,
    "results_request_output_throughput_token_per_s_quantiles_p90": 110.33101458811963,
    "results_request_output_throughput_token_per_s_quantiles_p95": 110.95948362583371,
    "results_request_output_throughput_token_per_s_quantiles_p99": 111.462258856005,
    "results_request_output_throughput_token_per_s_mean": 93.21688289814804,
    "results_request_output_throughput_token_per_s_min": 60.621603730767596,
    "results_request_output_throughput_token_per_s_max": 111.58795266354781,
    "results_request_output_throughput_token_per_s_stddev": 14.700303577334868,
    "results_number_input_tokens_quantiles_p25": 128.0,
    "results_number_input_tokens_quantiles_p50": 145.5,
    "results_number_input_tokens_quantiles_p75": 158.0,
    "results_number_input_tokens_quantiles_p90": 176.1,
    "results_number_input_tokens_quantiles_p95": 176.55,
    "results_number_input_tokens_quantiles_p99": 176.91,
    "results_number_input_tokens_mean": 146.7,
    "results_number_input_tokens_min": "123",
    "results_number_input_tokens_max": "177",
    "results_number_input_tokens_stddev": 20.97114419598723,
    "results_number_output_tokens_quantiles_p25": 68.75,
    "results_number_output_tokens_quantiles_p50": 126.0,
    "results_number_output_tokens_quantiles_p75": 148.0,
    "results_number_output_tokens_quantiles_p90": 173.4,
    "results_number_output_tokens_quantiles_p95": 175.2,
    "results_number_output_tokens_quantiles_p99": 176.64,
    "results_number_output_tokens_mean": 115.2,
    "results_number_output_tokens_min": "49",
    "results_number_output_tokens_max": "177",
    "results_number_output_tokens_stddev": 47.26238814674237,
    "results_num_requests_started": 10,
    "results_error_rate": 0.0,
    "results_number_errors": 0,
    "results_error_code_frequency": "{}",
    "results_mean_output_throughput_token_per_s": 127.10547380361152,
    "results_num_completed_requests": 10,
    "results_num_completed_requests_per_min": 66.20076760604766,
    "timestamp": 1769511289
}