{
    "version": "2023-08-31",
    "name": "gpt-4-1-nano_150_5500_summary",
    "model": "gpt-4.1-nano",
    "mean_input_tokens": 150,
    "stddev_input_tokens": 25,
    "mean_output_tokens": 5500,
    "stddev_output_tokens": 2250,
    "num_concurrent_requests": 10,
    "results_inter_token_latency_s_quantiles_p25": 0.009814676440521784,
    "results_inter_token_latency_s_quantiles_p50": 0.010563488415742586,
    "results_inter_token_latency_s_quantiles_p75": 0.011471017981475986,
    "results_inter_token_latency_s_quantiles_p90": 0.01597800495798311,
    "results_inter_token_latency_s_quantiles_p95": 0.01654372196276808,
    "results_inter_token_latency_s_quantiles_p99": 0.016996295566596063,
    "results_inter_token_latency_s_mean": 0.011484858423893927,
    "results_inter_token_latency_s_min": 0.009047943720579496,
    "results_inter_token_latency_s_max": 0.017109438967553056,
    "results_inter_token_latency_s_stddev": 0.0027527831022224787,
    "results_ttft_s_quantiles_p25": 0.42832176624506246,
    "results_ttft_s_quantiles_p50": 0.48818415150162764,
    "results_ttft_s_quantiles_p75": 0.5739998137505609,
    "results_ttft_s_quantiles_p90": 0.6224726033979096,
    "results_ttft_s_quantiles_p95": 0.6576874136953846,
    "results_ttft_s_quantiles_p99": 0.6858592619333649,
    "results_ttft_s_mean": 0.5080047704992466,
    "results_ttft_s_min": 0.39812328200787306,
    "results_ttft_s_max": 0.69290222399286,
    "results_ttft_s_stddev": 0.09847046259934317,
    "results_end_to_end_latency_s_quantiles_p25": 1.2153998762587435,
    "results_end_to_end_latency_s_quantiles_p50": 1.3748656840034528,
    "results_end_to_end_latency_s_quantiles_p75": 1.754672588998801,
    "results_end_to_end_latency_s_quantiles_p90": 1.8171378054001253,
    "results_end_to_end_latency_s_quantiles_p95": 1.8197642276958503,
    "results_end_to_end_latency_s_quantiles_p99": 1.8218653655324306,
    "results_end_to_end_latency_s_mean": 1.428626200799772,
    "results_end_to_end_latency_s_min": 0.9447749849932734,
    "results_end_to_end_latency_s_max": 1.8223906499915756,
    "results_end_to_end_latency_s_stddev": 0.32337417398266194,
    "results_request_output_throughput_token_per_s_quantiles_p25": 104.07209618150328,
    "results_request_output_throughput_token_per_s_quantiles_p50": 116.76804345742916,
    "results_request_output_throughput_token_per_s_quantiles_p75": 120.91489318584397,
    "results_request_output_throughput_token_per_s_quantiles_p90": 131.0858645929796,
    "results_request_output_throughput_token_per_s_quantiles_p95": 132.15256218298154,
    "results_request_output_throughput_token_per_s_quantiles_p99": 133.0059202549831,
    "results_request_output_throughput_token_per_s_mean": 108.683663686623,
    "results_request_output_throughput_token_per_s_min": 63.15440619303804,
    "results_request_output_throughput_token_per_s_max": 133.2192597729835,
    "results_request_output_throughput_token_per_s_stddev": 23.307988031124104,
    "results_number_input_tokens_quantiles_p25": 130.0,
    "results_number_input_tokens_quantiles_p50": 143.5,
    "results_number_input_tokens_quantiles_p75": 157.75,
    "results_number_input_tokens_quantiles_p90": 174.0,
    "results_number_input_tokens_quantiles_p95": 178.5,
    "results_number_input_tokens_quantiles_p99": 182.1,
    "results_number_input_tokens_mean": 147.6,
    "results_number_input_tokens_min": "128",
    "results_number_input_tokens_max": "183",
    "results_number_input_tokens_stddev": 20.06212573205763,
    "results_number_output_tokens_quantiles_p25": 131.25,
    "results_number_output_tokens_quantiles_p50": 157.5,
    "results_number_output_tokens_quantiles_p75": 213.5,
    "results_number_output_tokens_quantiles_p90": 221.29999999999998,
    "results_number_output_tokens_quantiles_p95": 231.64999999999998,
    "results_number_output_tokens_quantiles_p99": 239.93,
    "results_number_output_tokens_mean": 160.7,
    "results_number_output_tokens_min": "67",
    "results_number_output_tokens_max": "242",
    "results_number_output_tokens_stddev": 61.60095598103797,
    "results_num_requests_started": 10,
    "results_error_rate": 0.0,
    "results_number_errors": 0,
    "results_error_code_frequency": "{}",
    "results_mean_output_throughput_token_per_s": 188.35025063994556,
    "results_num_completed_requests": 10,
    "results_num_completed_requests_per_min": 70.3236778991707,
    "timestamp": 1769518415
}