{
    "version": "2023-08-31",
    "name": "gpt-4-1-nano_5500_350_summary",
    "model": "gpt-4.1-nano",
    "mean_input_tokens": 5500,
    "stddev_input_tokens": 2250,
    "mean_output_tokens": 350,
    "stddev_output_tokens": 75,
    "num_concurrent_requests": 1,
    "results_inter_token_latency_s_quantiles_p25": 0.009799354027520045,
    "results_inter_token_latency_s_quantiles_p50": 0.01047011530256597,
    "results_inter_token_latency_s_quantiles_p75": 0.011000651435684771,
    "results_inter_token_latency_s_quantiles_p90": 0.011975715043559118,
    "results_inter_token_latency_s_quantiles_p95": 0.01258565368915892,
    "results_inter_token_latency_s_quantiles_p99": 0.013073604605638764,
    "results_inter_token_latency_s_mean": 0.010529819947594724,
    "results_inter_token_latency_s_min": 0.008633483395574031,
    "results_inter_token_latency_s_max": 0.013195592334758725,
    "results_inter_token_latency_s_stddev": 0.0013276424022900374,
    "results_ttft_s_quantiles_p25": 0.5725689789978787,
    "results_ttft_s_quantiles_p50": 0.6508005980067537,
    "results_ttft_s_quantiles_p75": 0.7689732452527096,
    "results_ttft_s_quantiles_p90": 0.7970439000986517,
    "results_ttft_s_quantiles_p95": 0.8032898240518989,
    "results_ttft_s_quantiles_p99": 0.8082865632144967,
    "results_ttft_s_mean": 0.667735876502411,
    "results_ttft_s_min": 0.5093509029975394,
    "results_ttft_s_max": 0.8095357480051462,
    "results_ttft_s_stddev": 0.11258582042875272,
    "results_end_to_end_latency_s_quantiles_p25": 3.4337410385087423,
    "results_end_to_end_latency_s_quantiles_p50": 3.7121899129997473,
    "results_end_to_end_latency_s_quantiles_p75": 3.847544917007326,
    "results_end_to_end_latency_s_quantiles_p90": 4.160877551493468,
    "results_end_to_end_latency_s_quantiles_p95": 4.277984010246291,
    "results_end_to_end_latency_s_quantiles_p99": 4.37166917724855,
    "results_end_to_end_latency_s_mean": 3.6888400272015134,
    "results_end_to_end_latency_s_min": 3.090457066995441,
    "results_end_to_end_latency_s_max": 4.395090468999115,
    "results_end_to_end_latency_s_stddev": 0.38755997375409906,
    "results_request_output_throughput_token_per_s_quantiles_p25": 110.71610010130995,
    "results_request_output_throughput_token_per_s_quantiles_p50": 115.11020766169983,
    "results_request_output_throughput_token_per_s_quantiles_p75": 122.45249416081046,
    "results_request_output_throughput_token_per_s_quantiles_p90": 131.51880247044122,
    "results_request_output_throughput_token_per_s_quantiles_p95": 135.65220055910396,
    "results_request_output_throughput_token_per_s_quantiles_p99": 138.95891903003417,
    "results_request_output_throughput_token_per_s_mean": 115.79510160314457,
    "results_request_output_throughput_token_per_s_min": 89.70735275890462,
    "results_request_output_throughput_token_per_s_max": 139.7855986477667,
    "results_request_output_throughput_token_per_s_stddev": 13.976462160670295,
    "results_number_input_tokens_quantiles_p25": 3224.5,
    "results_number_input_tokens_quantiles_p50": 5743.0,
    "results_number_input_tokens_quantiles_p75": 6905.75,
    "results_number_input_tokens_quantiles_p90": 7810.3,
    "results_number_input_tokens_quantiles_p95": 7874.65,
    "results_number_input_tokens_quantiles_p99": 7926.13,
    "results_number_input_tokens_mean": 5359.8,
    "results_number_input_tokens_min": "2747",
    "results_number_input_tokens_max": "7939",
    "results_number_input_tokens_stddev": 2047.8943549140636,
    "results_number_output_tokens_quantiles_p25": 387.5,
    "results_number_output_tokens_quantiles_p50": 420.5,
    "results_number_output_tokens_quantiles_p75": 475.5,
    "results_number_output_tokens_quantiles_p90": 492.09999999999997,
    "results_number_output_tokens_quantiles_p95": 533.05,
    "results_number_output_tokens_quantiles_p99": 565.8100000000001,
    "results_number_output_tokens_mean": 428.3,
    "results_number_output_tokens_min": "318",
    "results_number_output_tokens_max": "574",
    "results_number_output_tokens_stddev": 76.51150966430548,
    "results_num_requests_started": 10,
    "results_error_rate": 0.0,
    "results_number_errors": 0,
    "results_error_code_frequency": "{}",
    "results_mean_output_throughput_token_per_s": 111.53034298521695,
    "results_num_completed_requests": 10,
    "results_num_completed_requests_per_min": 15.624143308692544,
    "timestamp": 1769519363
}