{
    "version": "2023-08-31",
    "name": "gpt-4-1-nano_5500_350_summary",
    "model": "gpt-4.1-nano",
    "mean_input_tokens": 5500,
    "stddev_input_tokens": 2250,
    "mean_output_tokens": 350,
    "stddev_output_tokens": 75,
    "num_concurrent_requests": 40,
    "results_inter_token_latency_s_quantiles_p25": 0.00826615665149196,
    "results_inter_token_latency_s_quantiles_p50": 0.009325753892279373,
    "results_inter_token_latency_s_quantiles_p75": 0.009418060516600574,
    "results_inter_token_latency_s_quantiles_p90": 0.010107667955713849,
    "results_inter_token_latency_s_quantiles_p95": 0.010320610337816517,
    "results_inter_token_latency_s_quantiles_p99": 0.010490964243498652,
    "results_inter_token_latency_s_mean": 0.009167967729208408,
    "results_inter_token_latency_s_min": 0.008073628801872648,
    "results_inter_token_latency_s_max": 0.010533552719919187,
    "results_inter_token_latency_s_stddev": 0.0008324551164943364,
    "results_ttft_s_quantiles_p25": 0.4458789859927492,
    "results_ttft_s_quantiles_p50": 0.4670529729919508,
    "results_ttft_s_quantiles_p75": 0.5791928660037229,
    "results_ttft_s_quantiles_p90": 0.6260977379948599,
    "results_ttft_s_quantiles_p95": 0.6294844619958895,
    "results_ttft_s_quantiles_p99": 0.6321938411967131,
    "results_ttft_s_mean": 0.509154143219348,
    "results_ttft_s_min": 0.4091392700065626,
    "results_ttft_s_max": 0.6328711859969189,
    "results_ttft_s_stddev": 0.09075196469255573,
    "results_end_to_end_latency_s_quantiles_p25": 2.616430574998958,
    "results_end_to_end_latency_s_quantiles_p50": 2.9019185499928426,
    "results_end_to_end_latency_s_quantiles_p75": 3.378821332997177,
    "results_end_to_end_latency_s_quantiles_p90": 3.4348034724011085,
    "results_end_to_end_latency_s_quantiles_p95": 3.538590781204402,
    "results_end_to_end_latency_s_quantiles_p99": 3.6216206282470376,
    "results_end_to_end_latency_s_mean": 2.9651578301094963,
    "results_end_to_end_latency_s_min": 2.4962175480031874,
    "results_end_to_end_latency_s_max": 3.6423780900076963,
    "results_end_to_end_latency_s_stddev": 0.41879556468864265,
    "results_request_output_throughput_token_per_s_quantiles_p25": 119.99431760274685,
    "results_request_output_throughput_token_per_s_quantiles_p50": 129.58566857593925,
    "results_request_output_throughput_token_per_s_quantiles_p75": 142.77649301500736,
    "results_request_output_throughput_token_per_s_quantiles_p90": 147.41678706943102,
    "results_request_output_throughput_token_per_s_quantiles_p95": 147.47301081300003,
    "results_request_output_throughput_token_per_s_quantiles_p99": 147.5179898078552,
    "results_request_output_throughput_token_per_s_mean": 130.8500757151176,
    "results_request_output_throughput_token_per_s_min": 112.68957149045333,
    "results_request_output_throughput_token_per_s_max": 147.529234556569,
    "results_request_output_throughput_token_per_s_stddev": 12.669416472848784,
    "results_number_input_tokens_quantiles_p25": 3368.0,
    "results_number_input_tokens_quantiles_p50": 5026.0,
    "results_number_input_tokens_quantiles_p75": 5251.0,
    "results_number_input_tokens_quantiles_p90": 5842.6,
    "results_number_input_tokens_quantiles_p95": 6001.8,
    "results_number_input_tokens_quantiles_p99": 6129.16,
    "results_number_input_tokens_mean": 4702.666666666667,
    "results_number_input_tokens_min": "3239",
    "results_number_input_tokens_max": "6161",
    "results_number_input_tokens_stddev": 1125.1358806828623,
    "results_number_output_tokens_quantiles_p25": 327.0,
    "results_number_output_tokens_quantiles_p50": 346.0,
    "results_number_output_tokens_quantiles_p75": 472.0,
    "results_number_output_tokens_quantiles_p90": 486.0,
    "results_number_output_tokens_quantiles_p95": 492.0,
    "results_number_output_tokens_quantiles_p99": 496.8,
    "results_number_output_tokens_mean": 389.0,
    "results_number_output_tokens_min": "324",
    "results_number_output_tokens_max": "498",
    "results_number_output_tokens_stddev": 74.2142169668319,
    "results_num_requests_started": 9,
    "results_error_rate": 0.0,
    "results_number_errors": 0,
    "results_error_code_frequency": "{}",
    "results_mean_output_throughput_token_per_s": 413.57376766872574,
    "results_num_completed_requests": 9,
    "results_num_completed_requests_per_min": 63.790298355073375,
    "timestamp": 1769510620
}