{
    "version": "2023-08-31",
    "name": "gpt-4-1-nano_150_5500_summary",
    "model": "gpt-4.1-nano",
    "mean_input_tokens": 150,
    "stddev_input_tokens": 25,
    "mean_output_tokens": 5500,
    "stddev_output_tokens": 2250,
    "num_concurrent_requests": 1,
    "results_inter_token_latency_s_quantiles_p25": 0.008743347171123747,
    "results_inter_token_latency_s_quantiles_p50": 0.009190815931518825,
    "results_inter_token_latency_s_quantiles_p75": 0.014167343465593243,
    "results_inter_token_latency_s_quantiles_p90": 0.020522957304275627,
    "results_inter_token_latency_s_quantiles_p95": 0.030746001671541942,
    "results_inter_token_latency_s_quantiles_p99": 0.038924437165355034,
    "results_inter_token_latency_s_mean": 0.013817228408591875,
    "results_inter_token_latency_s_min": 0.008129693516995757,
    "results_inter_token_latency_s_max": 0.0409690460388083,
    "results_inter_token_latency_s_stddev": 0.010110626354003473,
    "results_ttft_s_quantiles_p25": 0.42567334150589886,
    "results_ttft_s_quantiles_p50": 0.4818329949994222,
    "results_ttft_s_quantiles_p75": 0.6030158200046571,
    "results_ttft_s_quantiles_p90": 0.9763257640108347,
    "results_ttft_s_quantiles_p95": 1.259924156509077,
    "results_ttft_s_quantiles_p99": 1.4868028705076723,
    "results_ttft_s_mean": 0.6266068652039394,
    "results_ttft_s_min": 0.39209489499626216,
    "results_ttft_s_max": 1.5435225490073208,
    "results_ttft_s_stddev": 0.3573655073254066,
    "results_end_to_end_latency_s_quantiles_p25": 1.7176555060068495,
    "results_end_to_end_latency_s_quantiles_p50": 2.6266570730003878,
    "results_end_to_end_latency_s_quantiles_p75": 3.426715888752369,
    "results_end_to_end_latency_s_quantiles_p90": 3.695351398299681,
    "results_end_to_end_latency_s_quantiles_p95": 4.011240181147877,
    "results_end_to_end_latency_s_quantiles_p99": 4.263951207426435,
    "results_end_to_end_latency_s_mean": 2.5612769474028028,
    "results_end_to_end_latency_s_min": 0.8848416730033932,
    "results_end_to_end_latency_s_max": 4.327128963996074,
    "results_end_to_end_latency_s_stddev": 1.1154833225777003,
    "results_request_output_throughput_token_per_s_quantiles_p25": 83.36794030016053,
    "results_request_output_throughput_token_per_s_quantiles_p50": 131.94135017156628,
    "results_request_output_throughput_token_per_s_quantiles_p75": 141.27608938504642,
    "results_request_output_throughput_token_per_s_quantiles_p90": 142.56500761577908,
    "results_request_output_throughput_token_per_s_quantiles_p95": 143.59696181334272,
    "results_request_output_throughput_token_per_s_quantiles_p99": 144.4225251713936,
    "results_request_output_throughput_token_per_s_mean": 111.46668266686872,
    "results_request_output_throughput_token_per_s_min": 24.81512073304391,
    "results_request_output_throughput_token_per_s_max": 144.62891601090632,
    "results_request_output_throughput_token_per_s_stddev": 40.737558155267706,
    "results_number_input_tokens_quantiles_p25": 116.5,
    "results_number_input_tokens_quantiles_p50": 127.5,
    "results_number_input_tokens_quantiles_p75": 161.25,
    "results_number_input_tokens_quantiles_p90": 184.1,
    "results_number_input_tokens_quantiles_p95": 184.55,
    "results_number_input_tokens_quantiles_p99": 184.91,
    "results_number_input_tokens_mean": 138.7,
    "results_number_input_tokens_min": "105",
    "results_number_input_tokens_max": "185",
    "results_number_input_tokens_stddev": 29.747268782192428,
    "results_number_output_tokens_quantiles_p25": 150.0,
    "results_number_output_tokens_quantiles_p50": 314.0,
    "results_number_output_tokens_quantiles_p75": 428.25,
    "results_number_output_tokens_quantiles_p90": 514.5,
    "results_number_output_tokens_quantiles_p95": 557.2499999999999,
    "results_number_output_tokens_quantiles_p99": 591.45,
    "results_number_output_tokens_mean": 301.2,
    "results_number_output_tokens_min": "51",
    "results_number_output_tokens_max": "600",
    "results_number_output_tokens_stddev": 187.90056472033876,
    "results_num_requests_started": 10,
    "results_error_rate": 0.0,
    "results_number_errors": 0,
    "results_error_code_frequency": "{}",
    "results_mean_output_throughput_token_per_s": 110.97662987012194,
    "results_num_completed_requests": 10,
    "results_num_completed_requests_per_min": 22.10689838050238,
    "timestamp": 1769510678
}