{
    "version": "2023-08-31",
    "name": "gpt-4-1-nano_5500_350_summary",
    "model": "gpt-4.1-nano",
    "mean_input_tokens": 5500,
    "stddev_input_tokens": 2250,
    "mean_output_tokens": 350,
    "stddev_output_tokens": 75,
    "num_concurrent_requests": 1,
    "results_inter_token_latency_s_quantiles_p25": 0.00801252663748718,
    "results_inter_token_latency_s_quantiles_p50": 0.008514864268614595,
    "results_inter_token_latency_s_quantiles_p75": 0.009618442350088999,
    "results_inter_token_latency_s_quantiles_p90": 0.010975258685275106,
    "results_inter_token_latency_s_quantiles_p95": 0.012905003727672676,
    "results_inter_token_latency_s_quantiles_p99": 0.014448799761590738,
    "results_inter_token_latency_s_mean": 0.009001867243846415,
    "results_inter_token_latency_s_min": 0.00619794031607081,
    "results_inter_token_latency_s_max": 0.014834748770070252,
    "results_inter_token_latency_s_stddev": 0.002436182895825096,
    "results_ttft_s_quantiles_p25": 0.5794694894866552,
    "results_ttft_s_quantiles_p50": 0.8961952369718347,
    "results_ttft_s_quantiles_p75": 1.2686696347518591,
    "results_ttft_s_quantiles_p90": 1.3136269745242317,
    "results_ttft_s_quantiles_p95": 1.3213140972628026,
    "results_ttft_s_quantiles_p99": 1.3274637954536592,
    "results_ttft_s_mean": 0.9157762126938905,
    "results_ttft_s_min": 0.525496190006379,
    "results_ttft_s_max": 1.3290012200013734,
    "results_ttft_s_stddev": 0.3552870285778745,
    "results_end_to_end_latency_s_quantiles_p25": 2.7078368440270424,
    "results_end_to_end_latency_s_quantiles_p50": 2.7637554024986457,
    "results_end_to_end_latency_s_quantiles_p75": 3.0460764037416084,
    "results_end_to_end_latency_s_quantiles_p90": 3.3027751125860956,
    "results_end_to_end_latency_s_quantiles_p95": 3.605582459783181,
    "results_end_to_end_latency_s_quantiles_p99": 3.84782833754085,
    "results_end_to_end_latency_s_mean": 2.776578104798682,
    "results_end_to_end_latency_s_min": 1.4271234489860944,
    "results_end_to_end_latency_s_max": 3.908389806980267,
    "results_end_to_end_latency_s_stddev": 0.6458371446770924,
    "results_request_output_throughput_token_per_s_quantiles_p25": 124.7777329364944,
    "results_request_output_throughput_token_per_s_quantiles_p50": 141.06439085392057,
    "results_request_output_throughput_token_per_s_quantiles_p75": 149.04165767241017,
    "results_request_output_throughput_token_per_s_quantiles_p90": 182.78494438873471,
    "results_request_output_throughput_token_per_s_quantiles_p95": 188.10457046734425,
    "results_request_output_throughput_token_per_s_quantiles_p99": 192.36027133023188,
    "results_request_output_throughput_token_per_s_mean": 140.718353157657,
    "results_request_output_throughput_token_per_s_min": 81.03983221723597,
    "results_request_output_throughput_token_per_s_max": 193.42419654595378,
    "results_request_output_throughput_token_per_s_stddev": 32.18281689742032,
    "results_number_input_tokens_quantiles_p25": 2750.75,
    "results_number_input_tokens_quantiles_p50": 4368.5,
    "results_number_input_tokens_quantiles_p75": 6989.5,
    "results_number_input_tokens_quantiles_p90": 9473.0,
    "results_number_input_tokens_quantiles_p95": 9833.0,
    "results_number_input_tokens_quantiles_p99": 10121.0,
    "results_number_input_tokens_mean": 5046.0,
    "results_number_input_tokens_min": "510",
    "results_number_input_tokens_max": "10193",
    "results_number_input_tokens_stddev": 3187.773447965767,
    "results_number_output_tokens_quantiles_p25": 323.0,
    "results_number_output_tokens_quantiles_p50": 413.5,
    "results_number_output_tokens_quantiles_p75": 452.5,
    "results_number_output_tokens_quantiles_p90": 496.59999999999997,
    "results_number_output_tokens_quantiles_p95": 521.8,
    "results_number_output_tokens_quantiles_p99": 541.96,
    "results_number_output_tokens_mean": 385.9,
    "results_number_output_tokens_min": "214",
    "results_number_output_tokens_max": "547",
    "results_number_output_tokens_stddev": 109.84681252645532,
    "results_num_requests_started": 10,
    "results_error_rate": 0.0,
    "results_number_errors": 0,
    "results_error_code_frequency": "{}",
    "results_mean_output_throughput_token_per_s": 133.63915761873994,
    "results_num_completed_requests": 10,
    "results_num_completed_requests_per_min": 20.778309036342048,
    "timestamp": 1769053026
}