{
    "version": "2023-08-31",
    "name": "gpt-4-1-nano_5500_350_summary",
    "model": "gpt-4.1-nano",
    "mean_input_tokens": 5500,
    "stddev_input_tokens": 2250,
    "mean_output_tokens": 350,
    "stddev_output_tokens": 75,
    "num_concurrent_requests": 10,
    "results_inter_token_latency_s_quantiles_p25": 0.009214721849470423,
    "results_inter_token_latency_s_quantiles_p50": 0.009836653113770959,
    "results_inter_token_latency_s_quantiles_p75": 0.01036196804727196,
    "results_inter_token_latency_s_quantiles_p90": 0.010726008496619288,
    "results_inter_token_latency_s_quantiles_p95": 0.01134740369182868,
    "results_inter_token_latency_s_quantiles_p99": 0.011844519847996195,
    "results_inter_token_latency_s_mean": 0.009774979172666872,
    "results_inter_token_latency_s_min": 0.007887075118109,
    "results_inter_token_latency_s_max": 0.011968798887038074,
    "results_inter_token_latency_s_stddev": 0.0011745245107586443,
    "results_ttft_s_quantiles_p25": 0.7139488747925498,
    "results_ttft_s_quantiles_p50": 0.7617162225069478,
    "results_ttft_s_quantiles_p75": 1.156788881518878,
    "results_ttft_s_quantiles_p90": 1.3298326921765693,
    "results_ttft_s_quantiles_p95": 1.3917292210739105,
    "results_ttft_s_quantiles_p99": 1.4412464441917836,
    "results_ttft_s_mean": 0.9158674161066301,
    "results_ttft_s_min": 0.648758125025779,
    "results_ttft_s_max": 1.453625749971252,
    "results_ttft_s_stddev": 0.30362260463669516,
    "results_end_to_end_latency_s_quantiles_p25": 2.5464871832809877,
    "results_end_to_end_latency_s_quantiles_p50": 3.0568915064795874,
    "results_end_to_end_latency_s_quantiles_p75": 3.4825491602387046,
    "results_end_to_end_latency_s_quantiles_p90": 3.619148361298721,
    "results_end_to_end_latency_s_quantiles_p95": 3.774158980627544,
    "results_end_to_end_latency_s_quantiles_p99": 3.8981674760906024,
    "results_end_to_end_latency_s_mean": 3.0059079511964226,
    "results_end_to_end_latency_s_min": 2.134881446021609,
    "results_end_to_end_latency_s_max": 3.929169599956367,
    "results_end_to_end_latency_s_stddev": 0.6009459495957461,
    "results_request_output_throughput_token_per_s_quantiles_p25": 117.3433621166299,
    "results_request_output_throughput_token_per_s_quantiles_p50": 120.03144778405483,
    "results_request_output_throughput_token_per_s_quantiles_p75": 132.60484890907728,
    "results_request_output_throughput_token_per_s_quantiles_p90": 145.11891061349783,
    "results_request_output_throughput_token_per_s_quantiles_p95": 149.72969658143074,
    "results_request_output_throughput_token_per_s_quantiles_p99": 153.41832535577709,
    "results_request_output_throughput_token_per_s_mean": 124.89977376108352,
    "results_request_output_throughput_token_per_s_min": 98.91734247270122,
    "results_request_output_throughput_token_per_s_max": 154.34048254936366,
    "results_request_output_throughput_token_per_s_stddev": 15.892038942650055,
    "results_number_input_tokens_quantiles_p25": 4645.0,
    "results_number_input_tokens_quantiles_p50": 5680.5,
    "results_number_input_tokens_quantiles_p75": 6137.5,
    "results_number_input_tokens_quantiles_p90": 7090.9,
    "results_number_input_tokens_quantiles_p95": 7522.449999999999,
    "results_number_input_tokens_quantiles_p99": 7867.6900000000005,
    "results_number_input_tokens_mean": 5331.7,
    "results_number_input_tokens_min": "2520",
    "results_number_input_tokens_max": "7954",
    "results_number_input_tokens_stddev": 1727.4473170934427,
    "results_number_output_tokens_quantiles_p25": 327.0,
    "results_number_output_tokens_quantiles_p50": 349.5,
    "results_number_output_tokens_quantiles_p75": 405.75,
    "results_number_output_tokens_quantiles_p90": 509.09999999999997,
    "results_number_output_tokens_quantiles_p95": 518.55,
    "results_number_output_tokens_quantiles_p99": 526.11,
    "results_number_output_tokens_mean": 374.6,
    "results_number_output_tokens_min": "251",
    "results_number_output_tokens_max": "528",
    "results_number_output_tokens_stddev": 87.15656410544571,
    "results_num_requests_started": 10,
    "results_error_rate": 0.0,
    "results_number_errors": 0,
    "results_error_code_frequency": "{}",
    "results_mean_output_throughput_token_per_s": 336.2954097152911,
    "results_num_completed_requests": 10,
    "results_num_completed_requests_per_min": 53.864721257120834,
    "timestamp": 1769053053
}