{
    "version": "2023-08-31",
    "name": "gpt-4-1-nano_150_350_summary",
    "model": "gpt-4.1-nano",
    "mean_input_tokens": 150,
    "stddev_input_tokens": 25,
    "mean_output_tokens": 350,
    "stddev_output_tokens": 75,
    "num_concurrent_requests": 30,
    "results_inter_token_latency_s_quantiles_p25": 0.014247678558186193,
    "results_inter_token_latency_s_quantiles_p50": 0.016186779302801435,
    "results_inter_token_latency_s_quantiles_p75": 0.018725087262168556,
    "results_inter_token_latency_s_quantiles_p90": 0.0206178912587185,
    "results_inter_token_latency_s_quantiles_p95": 0.021355230617062612,
    "results_inter_token_latency_s_quantiles_p99": 0.021945102103737905,
    "results_inter_token_latency_s_mean": 0.01662717972740211,
    "results_inter_token_latency_s_min": 0.012844120938457364,
    "results_inter_token_latency_s_max": 0.022092569975406727,
    "results_inter_token_latency_s_stddev": 0.003131541172360512,
    "results_ttft_s_quantiles_p25": 0.46496738150017336,
    "results_ttft_s_quantiles_p50": 0.4872351259982679,
    "results_ttft_s_quantiles_p75": 0.5733762365052826,
    "results_ttft_s_quantiles_p90": 0.6345757516028243,
    "results_ttft_s_quantiles_p95": 0.6845025343027372,
    "results_ttft_s_quantiles_p99": 0.7244439604626678,
    "results_ttft_s_mean": 0.5231298849001178,
    "results_ttft_s_min": 0.4099265020049643,
    "results_ttft_s_max": 0.7344293170026504,
    "results_ttft_s_stddev": 0.09852865279335193,
    "results_end_to_end_latency_s_quantiles_p25": 1.1036125882528722,
    "results_end_to_end_latency_s_quantiles_p50": 1.1672023820065078,
    "results_end_to_end_latency_s_quantiles_p75": 1.2439212402423436,
    "results_end_to_end_latency_s_quantiles_p90": 1.2749393033052911,
    "results_end_to_end_latency_s_quantiles_p95": 1.3166334291548991,
    "results_end_to_end_latency_s_quantiles_p99": 1.3499887298345856,
    "results_end_to_end_latency_s_mean": 1.1605366937015789,
    "results_end_to_end_latency_s_min": 0.9072626300039701,
    "results_end_to_end_latency_s_max": 1.3583275550045073,
    "results_end_to_end_latency_s_stddev": 0.12659086431444905,
    "results_request_output_throughput_token_per_s_quantiles_p25": 62.23518738413384,
    "results_request_output_throughput_token_per_s_quantiles_p50": 70.96762318733677,
    "results_request_output_throughput_token_per_s_quantiles_p75": 80.68998502729362,
    "results_request_output_throughput_token_per_s_quantiles_p90": 84.50122015418393,
    "results_request_output_throughput_token_per_s_quantiles_p95": 87.1408283152202,
    "results_request_output_throughput_token_per_s_quantiles_p99": 89.25251484404924,
    "results_request_output_throughput_token_per_s_mean": 70.78913263410986,
    "results_request_output_throughput_token_per_s_min": 48.497533729354046,
    "results_request_output_throughput_token_per_s_max": 89.7804364762565,
    "results_request_output_throughput_token_per_s_stddev": 12.82950781800282,
    "results_number_input_tokens_quantiles_p25": 136.0,
    "results_number_input_tokens_quantiles_p50": 137.5,
    "results_number_input_tokens_quantiles_p75": 152.75,
    "results_number_input_tokens_quantiles_p90": 154.9,
    "results_number_input_tokens_quantiles_p95": 163.45,
    "results_number_input_tokens_quantiles_p99": 170.29,
    "results_number_input_tokens_mean": 140.7,
    "results_number_input_tokens_min": "102",
    "results_number_input_tokens_max": "172",
    "results_number_input_tokens_stddev": 18.672915620699886,
    "results_number_output_tokens_quantiles_p25": 75.5,
    "results_number_output_tokens_quantiles_p50": 87.0,
    "results_number_output_tokens_quantiles_p75": 90.75,
    "results_number_output_tokens_quantiles_p90": 94.0,
    "results_number_output_tokens_quantiles_p95": 98.49999999999999,
    "results_number_output_tokens_quantiles_p99": 102.1,
    "results_number_output_tokens_mean": 82.3,
    "results_number_output_tokens_min": "44",
    "results_number_output_tokens_max": "103",
    "results_number_output_tokens_stddev": 16.539850865913714,
    "results_num_requests_started": 10,
    "results_error_rate": 0.0,
    "results_number_errors": 0,
    "results_error_code_frequency": "{}",
    "results_mean_output_throughput_token_per_s": 87.80480617502248,
    "results_num_completed_requests": 10,
    "results_num_completed_requests_per_min": 64.01322442893498,
    "timestamp": 1769518580
}