{
    "version": "2023-08-31",
    "name": "gpt-4-1-nano_5500_350_summary",
    "model": "gpt-4.1-nano",
    "mean_input_tokens": 5500,
    "stddev_input_tokens": 2250,
    "mean_output_tokens": 350,
    "stddev_output_tokens": 75,
    "num_concurrent_requests": 20,
    "results_inter_token_latency_s_quantiles_p25": 0.00997311868580326,
    "results_inter_token_latency_s_quantiles_p50": 0.012776968780045049,
    "results_inter_token_latency_s_quantiles_p75": 0.014929444212203581,
    "results_inter_token_latency_s_quantiles_p90": 0.016116224551090644,
    "results_inter_token_latency_s_quantiles_p95": 0.01782545697465244,
    "results_inter_token_latency_s_quantiles_p99": 0.019192842913501883,
    "results_inter_token_latency_s_mean": 0.01297716137575999,
    "results_inter_token_latency_s_min": 0.009783065563387936,
    "results_inter_token_latency_s_max": 0.019534689398214244,
    "results_inter_token_latency_s_stddev": 0.0032974179731696954,
    "results_ttft_s_quantiles_p25": 1.6608924340398517,
    "results_ttft_s_quantiles_p50": 1.8761269229871687,
    "results_ttft_s_quantiles_p75": 2.0607192972674966,
    "results_ttft_s_quantiles_p90": 2.10591813189676,
    "results_ttft_s_quantiles_p95": 2.1075161669345106,
    "results_ttft_s_quantiles_p99": 2.108794594964711,
    "results_ttft_s_mean": 1.7934090148017277,
    "results_ttft_s_min": 1.2403168909950182,
    "results_ttft_s_max": 2.109114201972261,
    "results_ttft_s_stddev": 0.323404642256559,
    "results_end_to_end_latency_s_quantiles_p25": 3.1166462595138,
    "results_end_to_end_latency_s_quantiles_p50": 3.7295077915186994,
    "results_end_to_end_latency_s_quantiles_p75": 3.939344930520747,
    "results_end_to_end_latency_s_quantiles_p90": 4.166713638108922,
    "results_end_to_end_latency_s_quantiles_p95": 4.4853287495468965,
    "results_end_to_end_latency_s_quantiles_p99": 4.740220838697278,
    "results_end_to_end_latency_s_mean": 3.6482805604056923,
    "results_end_to_end_latency_s_min": 2.9162022639648058,
    "results_end_to_end_latency_s_max": 4.803943860984873,
    "results_end_to_end_latency_s_stddev": 0.5900770260652017,
    "results_request_output_throughput_token_per_s_quantiles_p25": 80.47569946353407,
    "results_request_output_throughput_token_per_s_quantiles_p50": 95.20051749281762,
    "results_request_output_throughput_token_per_s_quantiles_p75": 119.26717361426783,
    "results_request_output_throughput_token_per_s_quantiles_p90": 122.58247847337338,
    "results_request_output_throughput_token_per_s_quantiles_p95": 123.77653582409764,
    "results_request_output_throughput_token_per_s_quantiles_p99": 124.73178170467705,
    "results_request_output_throughput_token_per_s_mean": 97.47763300361385,
    "results_request_output_throughput_token_per_s_min": 59.39720562480875,
    "results_request_output_throughput_token_per_s_max": 124.9705931748219,
    "results_request_output_throughput_token_per_s_stddev": 23.425586793772847,
    "results_number_input_tokens_quantiles_p25": 5135.0,
    "results_number_input_tokens_quantiles_p50": 5929.0,
    "results_number_input_tokens_quantiles_p75": 6210.0,
    "results_number_input_tokens_quantiles_p90": 6547.2,
    "results_number_input_tokens_quantiles_p95": 7281.5999999999985,
    "results_number_input_tokens_quantiles_p99": 7869.12,
    "results_number_input_tokens_mean": 5704.5,
    "results_number_input_tokens_min": "3564",
    "results_number_input_tokens_max": "8016",
    "results_number_input_tokens_stddev": 1194.3494975183028,
    "results_number_output_tokens_quantiles_p25": 259.0,
    "results_number_output_tokens_quantiles_p50": 345.0,
    "results_number_output_tokens_quantiles_p75": 467.0,
    "results_number_output_tokens_quantiles_p90": 508.09999999999997,
    "results_number_output_tokens_quantiles_p95": 540.05,
    "results_number_output_tokens_quantiles_p99": 565.61,
    "results_number_output_tokens_mean": 362.5,
    "results_number_output_tokens_min": "184",
    "results_number_output_tokens_max": "572",
    "results_number_output_tokens_stddev": 127.49575156320569,
    "results_num_requests_started": 10,
    "results_error_rate": 0.0,
    "results_number_errors": 0,
    "results_error_code_frequency": "{}",
    "results_mean_output_throughput_token_per_s": 262.27441219345667,
    "results_num_completed_requests": 10,
    "results_num_completed_requests_per_min": 43.4109371906411,
    "timestamp": 1768990242
}