Concurrent_Users,P25,P50,P75
1,0.008743347171123747,0.009190815931518825,0.014167343465593243
10,0.010403539706748833,0.011507968389632878,0.013408226783940335
20,0.012760899836499813,0.013772271378200645,0.015241191912840199
30,0.011518056258039394,0.012075833952518293,0.01342677505194884
40,0.011254146350874922,0.013542237861235519,0.01696948303415939
50,0.013140842163225851,0.01411798307390806,0.01710257168334128
