Concurrent_Users,P25,P50,P75
1,83.36794030016053,131.94135017156628,141.27608938504642
10,89.38219744883625,104.90330179184592,117.74737307161757
20,75.9279315579394,87.30439313977018,91.76051976247574
30,87.47769383298967,101.10576977224497,104.24044368247168
40,70.72513860932321,88.4907313908733,107.6759131105394
50,68.61087761206913,79.45800123800791,90.88167079188055
