Concurrent_Users,P25,P50,P75
1,0.42567334150589886,0.4818329949994222,0.6030158200046571
10,0.36598025925195543,0.41339468100341037,0.5264049662546313
20,0.38700208674708847,0.4313093585005845,0.5618804094992811
30,0.4171657815022627,0.43040241349081043,0.46633068351002294
40,0.4627380330020969,0.5298722200022894,0.6489642324995657
50,0.5613856664967898,0.6743291340098949,0.7654385552450549
