{
    "version": "2023-08-31",
    "name": "gpt-4-1-nano_5500_350_summary",
    "model": "gpt-4.1-nano",
    "mean_input_tokens": 5500,
    "stddev_input_tokens": 2250,
    "mean_output_tokens": 350,
    "stddev_output_tokens": 75,
    "num_concurrent_requests": 10,
    "results_inter_token_latency_s_quantiles_p25": 0.010435676818319299,
    "results_inter_token_latency_s_quantiles_p50": 0.010872893765138846,
    "results_inter_token_latency_s_quantiles_p75": 0.01158870118331169,
    "results_inter_token_latency_s_quantiles_p90": 0.011836271114692062,
    "results_inter_token_latency_s_quantiles_p95": 0.012518806424182018,
    "results_inter_token_latency_s_quantiles_p99": 0.013064834671773986,
    "results_inter_token_latency_s_mean": 0.011078100734394799,
    "results_inter_token_latency_s_min": 0.009695558242638154,
    "results_inter_token_latency_s_max": 0.013201341733671977,
    "results_inter_token_latency_s_stddev": 0.0009901241963255422,
    "results_ttft_s_quantiles_p25": 0.4835473599996476,
    "results_ttft_s_quantiles_p50": 0.6491512020074879,
    "results_ttft_s_quantiles_p75": 1.1029888467601268,
    "results_ttft_s_quantiles_p90": 1.4424969523082836,
    "results_ttft_s_quantiles_p95": 1.527223012154718,
    "results_ttft_s_quantiles_p99": 1.595003860031866,
    "results_ttft_s_mean": 0.8182175954061677,
    "results_ttft_s_min": 0.427551051005139,
    "results_ttft_s_max": 1.6119490720011527,
    "results_ttft_s_stddev": 0.4379570279743234,
    "results_end_to_end_latency_s_quantiles_p25": 3.0468247752578463,
    "results_end_to_end_latency_s_quantiles_p50": 3.8002241650101496,
    "results_end_to_end_latency_s_quantiles_p75": 4.257486948252335,
    "results_end_to_end_latency_s_quantiles_p90": 4.304901490305201,
    "results_end_to_end_latency_s_quantiles_p95": 4.342620712150529,
    "results_end_to_end_latency_s_quantiles_p99": 4.372796089626791,
    "results_end_to_end_latency_s_mean": 3.613883055104816,
    "results_end_to_end_latency_s_min": 2.3721552430070005,
    "results_end_to_end_latency_s_max": 4.380339933995856,
    "results_end_to_end_latency_s_stddev": 0.7432253803763503,
    "results_request_output_throughput_token_per_s_quantiles_p25": 103.57510996074475,
    "results_request_output_throughput_token_per_s_quantiles_p50": 110.61976039664297,
    "results_request_output_throughput_token_per_s_quantiles_p75": 114.73711916247112,
    "results_request_output_throughput_token_per_s_quantiles_p90": 116.4741643170675,
    "results_request_output_throughput_token_per_s_quantiles_p95": 119.02292530486754,
    "results_request_output_throughput_token_per_s_quantiles_p99": 121.06193409510757,
    "results_request_output_throughput_token_per_s_mean": 108.96095606601102,
    "results_request_output_throughput_token_per_s_min": 92.4585776680918,
    "results_request_output_throughput_token_per_s_max": 121.57168629266758,
    "results_request_output_throughput_token_per_s_stddev": 8.532917067823023,
    "results_number_input_tokens_quantiles_p25": 5347.0,
    "results_number_input_tokens_quantiles_p50": 5872.0,
    "results_number_input_tokens_quantiles_p75": 7214.25,
    "results_number_input_tokens_quantiles_p90": 9320.9,
    "results_number_input_tokens_quantiles_p95": 10413.949999999997,
    "results_number_input_tokens_quantiles_p99": 11288.390000000001,
    "results_number_input_tokens_mean": 6484.8,
    "results_number_input_tokens_min": "2598",
    "results_number_input_tokens_max": "11507",
    "results_number_input_tokens_stddev": 2426.5568564898244,
    "results_number_output_tokens_quantiles_p25": 323.0,
    "results_number_output_tokens_quantiles_p50": 406.5,
    "results_number_output_tokens_quantiles_p75": 443.0,
    "results_number_output_tokens_quantiles_p90": 500.3,
    "results_number_output_tokens_quantiles_p95": 510.65,
    "results_number_output_tokens_quantiles_p99": 518.93,
    "results_number_output_tokens_mean": 394.0,
    "results_number_output_tokens_min": "270",
    "results_number_output_tokens_max": "521",
    "results_number_output_tokens_stddev": 88.86194035943872,
    "results_num_requests_started": 10,
    "results_error_rate": 0.0,
    "results_number_errors": 0,
    "results_error_code_frequency": "{}",
    "results_mean_output_throughput_token_per_s": 383.4488880680389,
    "results_num_completed_requests": 10,
    "results_num_completed_requests_per_min": 58.39323168548816,
    "timestamp": 1769518288
}