{
    "version": "2023-08-31",
    "name": "gpt-4-1-nano_5500_350_summary",
    "model": "gpt-4.1-nano",
    "mean_input_tokens": 5500,
    "stddev_input_tokens": 2250,
    "mean_output_tokens": 350,
    "stddev_output_tokens": 75,
    "num_concurrent_requests": 30,
    "results_inter_token_latency_s_quantiles_p25": 0.011365319224852202,
    "results_inter_token_latency_s_quantiles_p50": 0.012532977554923176,
    "results_inter_token_latency_s_quantiles_p75": 0.013103514846471688,
    "results_inter_token_latency_s_quantiles_p90": 0.014499302631652384,
    "results_inter_token_latency_s_quantiles_p95": 0.014593493863094801,
    "results_inter_token_latency_s_quantiles_p99": 0.014668846848248736,
    "results_inter_token_latency_s_mean": 0.0125284769727529,
    "results_inter_token_latency_s_min": 0.010958616165804022,
    "results_inter_token_latency_s_max": 0.014687685094537219,
    "results_inter_token_latency_s_stddev": 0.0013485309714458265,
    "results_ttft_s_quantiles_p25": 0.9199413782625925,
    "results_ttft_s_quantiles_p50": 0.9869142094976269,
    "results_ttft_s_quantiles_p75": 1.1152081287291367,
    "results_ttft_s_quantiles_p90": 1.1801435595203655,
    "results_ttft_s_quantiles_p95": 1.269124136274331,
    "results_ttft_s_quantiles_p99": 1.3403085976775038,
    "results_ttft_s_mean": 1.011038920399733,
    "results_ttft_s_min": 0.7744138559792191,
    "results_ttft_s_max": 1.3581047130282968,
    "results_ttft_s_stddev": 0.1754404827948847,
    "results_end_to_end_latency_s_quantiles_p25": 4.149410884259851,
    "results_end_to_end_latency_s_quantiles_p50": 5.068070256500505,
    "results_end_to_end_latency_s_quantiles_p75": 5.4327687795012025,
    "results_end_to_end_latency_s_quantiles_p90": 5.605347568047,
    "results_end_to_end_latency_s_quantiles_p95": 5.867179879042668,
    "results_end_to_end_latency_s_quantiles_p99": 6.076645727839205,
    "results_end_to_end_latency_s_mean": 4.89394172381144,
    "results_end_to_end_latency_s_min": 3.776157148007769,
    "results_end_to_end_latency_s_max": 6.129012190038338,
    "results_end_to_end_latency_s_stddev": 0.7974536800131811,
    "results_request_output_throughput_token_per_s_quantiles_p25": 91.76993064902604,
    "results_request_output_throughput_token_per_s_quantiles_p50": 95.82459978287994,
    "results_request_output_throughput_token_per_s_quantiles_p75": 106.35145296749846,
    "results_request_output_throughput_token_per_s_quantiles_p90": 107.81394351754818,
    "results_request_output_throughput_token_per_s_quantiles_p95": 107.95979830789241,
    "results_request_output_throughput_token_per_s_quantiles_p99": 108.07648214016778,
    "results_request_output_throughput_token_per_s_mean": 96.92895994809405,
    "results_request_output_throughput_token_per_s_min": 82.39500662452446,
    "results_request_output_throughput_token_per_s_max": 108.10565309823663,
    "results_request_output_throughput_token_per_s_stddev": 9.670581938032846,
    "results_number_input_tokens_quantiles_p25": 4399.5,
    "results_number_input_tokens_quantiles_p50": 4759.5,
    "results_number_input_tokens_quantiles_p75": 5566.25,
    "results_number_input_tokens_quantiles_p90": 6823.099999999999,
    "results_number_input_tokens_quantiles_p95": 7858.549999999997,
    "results_number_input_tokens_quantiles_p99": 8686.91,
    "results_number_input_tokens_mean": 5239.2,
    "results_number_input_tokens_min": "3213",
    "results_number_input_tokens_max": "8894",
    "results_number_input_tokens_stddev": 1578.2169122849436,
    "results_number_output_tokens_quantiles_p25": 416.75,
    "results_number_output_tokens_quantiles_p50": 487.0,
    "results_number_output_tokens_quantiles_p75": 508.0,
    "results_number_output_tokens_quantiles_p90": 529.5,
    "results_number_output_tokens_quantiles_p95": 536.25,
    "results_number_output_tokens_quantiles_p99": 541.65,
    "results_number_output_tokens_mean": 469.4,
    "results_number_output_tokens_min": "391",
    "results_number_output_tokens_max": "543",
    "results_number_output_tokens_stddev": 55.45809228597753,
    "results_num_requests_started": 10,
    "results_error_rate": 0.0,
    "results_number_errors": 0,
    "results_error_code_frequency": "{}",
    "results_mean_output_throughput_token_per_s": 160.97204084104186,
    "results_num_completed_requests": 10,
    "results_num_completed_requests_per_min": 20.575889327785493,
    "timestamp": 1769092387
}