{
    "version": "2023-08-31",
    "name": "gpt-4-1-nano_5500_350_summary",
    "model": "gpt-4.1-nano",
    "mean_input_tokens": 5500,
    "stddev_input_tokens": 2250,
    "mean_output_tokens": 350,
    "stddev_output_tokens": 75,
    "num_concurrent_requests": 1,
    "results_inter_token_latency_s_quantiles_p25": 0.008590275550246723,
    "results_inter_token_latency_s_quantiles_p50": 0.009403212108499308,
    "results_inter_token_latency_s_quantiles_p75": 0.01116359683990996,
    "results_inter_token_latency_s_quantiles_p90": 0.011936890841117584,
    "results_inter_token_latency_s_quantiles_p95": 0.01260453898715196,
    "results_inter_token_latency_s_quantiles_p99": 0.013138657503979464,
    "results_inter_token_latency_s_mean": 0.00995289800593299,
    "results_inter_token_latency_s_min": 0.007818176859776335,
    "results_inter_token_latency_s_max": 0.013272187133186338,
    "results_inter_token_latency_s_stddev": 0.0017607704481536395,
    "results_ttft_s_quantiles_p25": 0.451827418000903,
    "results_ttft_s_quantiles_p50": 0.48876908200327307,
    "results_ttft_s_quantiles_p75": 0.5470293895014038,
    "results_ttft_s_quantiles_p90": 0.876903460503672,
    "results_ttft_s_quantiles_p95": 1.1824924417509457,
    "results_ttft_s_quantiles_p99": 1.426963626748766,
    "results_ttft_s_mean": 0.6121338285011007,
    "results_ttft_s_min": 0.4224422880070051,
    "results_ttft_s_max": 1.4880814229982207,
    "results_ttft_s_stddev": 0.32742040394380767,
    "results_end_to_end_latency_s_quantiles_p25": 3.158302361742244,
    "results_end_to_end_latency_s_quantiles_p50": 3.610216785004013,
    "results_end_to_end_latency_s_quantiles_p75": 4.4836527152510826,
    "results_end_to_end_latency_s_quantiles_p90": 5.423786813202605,
    "results_end_to_end_latency_s_quantiles_p95": 5.923374280602,
    "results_end_to_end_latency_s_quantiles_p99": 6.32304425452152,
    "results_end_to_end_latency_s_mean": 3.9982550524000544,
    "results_end_to_end_latency_s_min": 2.685429484001361,
    "results_end_to_end_latency_s_max": 6.4229617480013985,
    "results_end_to_end_latency_s_stddev": 1.1764488009169414,
    "results_request_output_throughput_token_per_s_quantiles_p25": 107.14649566560222,
    "results_request_output_throughput_token_per_s_quantiles_p50": 127.25338244248769,
    "results_request_output_throughput_token_per_s_quantiles_p75": 141.44070795674656,
    "results_request_output_throughput_token_per_s_quantiles_p90": 145.86601314818176,
    "results_request_output_throughput_token_per_s_quantiles_p95": 148.52612909299785,
    "results_request_output_throughput_token_per_s_quantiles_p99": 150.6542218488507,
    "results_request_output_throughput_token_per_s_mean": 123.76431320254946,
    "results_request_output_throughput_token_per_s_min": 90.34839397789446,
    "results_request_output_throughput_token_per_s_max": 151.18624503781393,
    "results_request_output_throughput_token_per_s_stddev": 20.758509846567076,
    "results_number_input_tokens_quantiles_p25": 2781.5,
    "results_number_input_tokens_quantiles_p50": 4767.0,
    "results_number_input_tokens_quantiles_p75": 6734.5,
    "results_number_input_tokens_quantiles_p90": 7280.7,
    "results_number_input_tokens_quantiles_p95": 7720.3499999999985,
    "results_number_input_tokens_quantiles_p99": 8072.07,
    "results_number_input_tokens_mean": 4763.2,
    "results_number_input_tokens_min": "1566",
    "results_number_input_tokens_max": "8160",
    "results_number_input_tokens_stddev": 2288.4525970377645,
    "results_number_output_tokens_quantiles_p25": 428.5,
    "results_number_output_tokens_quantiles_p50": 461.5,
    "results_number_output_tokens_quantiles_p75": 486.75,
    "results_number_output_tokens_quantiles_p90": 594.6,
    "results_number_output_tokens_quantiles_p95": 619.8,
    "results_number_output_tokens_quantiles_p99": 639.96,
    "results_number_output_tokens_mean": 477.1,
    "results_number_output_tokens_min": "375",
    "results_number_output_tokens_max": "645",
    "results_number_output_tokens_stddev": 82.47215018147372,
    "results_num_requests_started": 10,
    "results_error_rate": 0.0,
    "results_number_errors": 0,
    "results_error_code_frequency": "{}",
    "results_mean_output_throughput_token_per_s": 115.03178049061876,
    "results_num_completed_requests": 10,
    "results_num_completed_requests_per_min": 14.466373568302506,
    "timestamp": 1769510549
}