{
    "version": "2023-08-31",
    "name": "gpt-4-1-nano_550_150_summary",
    "model": "gpt-4.1-nano",
    "mean_input_tokens": 550,
    "stddev_input_tokens": 150,
    "mean_output_tokens": 150,
    "stddev_output_tokens": 10,
    "num_concurrent_requests": 20,
    "results_inter_token_latency_s_quantiles_p25": 0.015250314783360596,
    "results_inter_token_latency_s_quantiles_p50": 0.016438972603275467,
    "results_inter_token_latency_s_quantiles_p75": 0.01704386521993012,
    "results_inter_token_latency_s_quantiles_p90": 0.017671029295212037,
    "results_inter_token_latency_s_quantiles_p95": 0.018936853540622068,
    "results_inter_token_latency_s_quantiles_p99": 0.0199495129369501,
    "results_inter_token_latency_s_mean": 0.01642361447119888,
    "results_inter_token_latency_s_min": 0.014226287913639502,
    "results_inter_token_latency_s_max": 0.020202677786032106,
    "results_inter_token_latency_s_stddev": 0.001715030329693358,
    "results_ttft_s_quantiles_p25": 0.9111654242296936,
    "results_ttft_s_quantiles_p50": 1.0338662905123783,
    "results_ttft_s_quantiles_p75": 1.1519768864891375,
    "results_ttft_s_quantiles_p90": 1.2999093854945385,
    "results_ttft_s_quantiles_p95": 1.3051755217413301,
    "results_ttft_s_quantiles_p99": 1.3093884307387633,
    "results_ttft_s_mean": 1.0511705557990354,
    "results_ttft_s_min": 0.8043822230247315,
    "results_ttft_s_max": 1.3104416579881217,
    "results_ttft_s_stddev": 0.17239318052825933,
    "results_end_to_end_latency_s_quantiles_p25": 2.157044024002971,
    "results_end_to_end_latency_s_quantiles_p50": 2.253900204988895,
    "results_end_to_end_latency_s_quantiles_p75": 2.345254250270955,
    "results_end_to_end_latency_s_quantiles_p90": 2.5767507847049274,
    "results_end_to_end_latency_s_quantiles_p95": 2.6177786423504585,
    "results_end_to_end_latency_s_quantiles_p99": 2.6506009284668837,
    "results_end_to_end_latency_s_mean": 2.273570272300276,
    "results_end_to_end_latency_s_min": 1.8976381569809746,
    "results_end_to_end_latency_s_max": 2.6588064999959897,
    "results_end_to_end_latency_s_stddev": 0.22088655067834279,
    "results_request_output_throughput_token_per_s_quantiles_p25": 64.60594945964684,
    "results_request_output_throughput_token_per_s_quantiles_p50": 69.88245634760457,
    "results_request_output_throughput_token_per_s_quantiles_p75": 74.58969540091333,
    "results_request_output_throughput_token_per_s_quantiles_p90": 80.85298296881547,
    "results_request_output_throughput_token_per_s_quantiles_p95": 82.54067982169548,
    "results_request_output_throughput_token_per_s_quantiles_p99": 83.89083730399949,
    "results_request_output_throughput_token_per_s_mean": 70.59029382410748,
    "results_request_output_throughput_token_per_s_min": 60.17737657864208,
    "results_request_output_throughput_token_per_s_max": 84.2283766745755,
    "results_request_output_throughput_token_per_s_stddev": 7.670574314766987,
    "results_number_input_tokens_quantiles_p25": 509.0,
    "results_number_input_tokens_quantiles_p50": 534.5,
    "results_number_input_tokens_quantiles_p75": 575.75,
    "results_number_input_tokens_quantiles_p90": 637.5999999999999,
    "results_number_input_tokens_quantiles_p95": 802.2999999999996,
    "results_number_input_tokens_quantiles_p99": 934.0600000000001,
    "results_number_input_tokens_mean": 575.1,
    "results_number_input_tokens_min": "472",
    "results_number_input_tokens_max": "967",
    "results_number_input_tokens_stddev": 143.63955660688399,
    "results_number_output_tokens_quantiles_p25": 153.0,
    "results_number_output_tokens_quantiles_p50": 159.0,
    "results_number_output_tokens_quantiles_p75": 169.75,
    "results_number_output_tokens_quantiles_p90": 182.4,
    "results_number_output_tokens_quantiles_p95": 188.7,
    "results_number_output_tokens_quantiles_p99": 193.74,
    "results_number_output_tokens_mean": 160.2,
    "results_number_output_tokens_min": "123",
    "results_number_output_tokens_max": "195",
    "results_number_output_tokens_stddev": 20.503658210182884,
    "results_num_requests_started": 10,
    "results_error_rate": 0.0,
    "results_number_errors": 0,
    "results_error_code_frequency": "{}",
    "results_mean_output_throughput_token_per_s": 137.71763062380958,
    "results_num_completed_requests": 10,
    "results_num_completed_requests_per_min": 51.5796369377564,
    "timestamp": 1768899460
}