{
    "version": "2023-08-31",
    "name": "gpt-4-1-nano_150_5500_summary",
    "model": "gpt-4.1-nano",
    "mean_input_tokens": 150,
    "stddev_input_tokens": 25,
    "mean_output_tokens": 5500,
    "stddev_output_tokens": 2250,
    "num_concurrent_requests": 10,
    "results_inter_token_latency_s_quantiles_p25": 0.012254701074754983,
    "results_inter_token_latency_s_quantiles_p50": 0.014260667314853268,
    "results_inter_token_latency_s_quantiles_p75": 0.015113378592856032,
    "results_inter_token_latency_s_quantiles_p90": 0.021706534025474556,
    "results_inter_token_latency_s_quantiles_p95": 0.03946912486897107,
    "results_inter_token_latency_s_quantiles_p99": 0.05367919754376834,
    "results_inter_token_latency_s_mean": 0.018221887798148987,
    "results_inter_token_latency_s_min": 0.011948772999799784,
    "results_inter_token_latency_s_max": 0.05723171571246764,
    "results_inter_token_latency_s_stddev": 0.013825949484913539,
    "results_ttft_s_quantiles_p25": 0.45675826674414566,
    "results_ttft_s_quantiles_p50": 0.5176539145031711,
    "results_ttft_s_quantiles_p75": 0.5871687534963712,
    "results_ttft_s_quantiles_p90": 0.9272324013058094,
    "results_ttft_s_quantiles_p95": 1.1764764406572787,
    "results_ttft_s_quantiles_p99": 1.3758716721384554,
    "results_ttft_s_mean": 0.6213972027020646,
    "results_ttft_s_min": 0.37369113600288983,
    "results_ttft_s_max": 1.4257204800087493,
    "results_ttft_s_stddev": 0.31364500861414707,
    "results_end_to_end_latency_s_quantiles_p25": 1.3166543902552803,
    "results_end_to_end_latency_s_quantiles_p50": 1.4146161815078813,
    "results_end_to_end_latency_s_quantiles_p75": 1.7336164845037274,
    "results_end_to_end_latency_s_quantiles_p90": 1.9365562061007948,
    "results_end_to_end_latency_s_quantiles_p95": 1.9735337190511926,
    "results_end_to_end_latency_s_quantiles_p99": 2.003115729411511,
    "results_end_to_end_latency_s_mean": 1.4985245443036548,
    "results_end_to_end_latency_s_min": 1.0759487159957644,
    "results_end_to_end_latency_s_max": 2.0105112320015905,
    "results_end_to_end_latency_s_stddev": 0.32362972137934926,
    "results_request_output_throughput_token_per_s_quantiles_p25": 77.76872035130427,
    "results_request_output_throughput_token_per_s_quantiles_p50": 86.77162190093662,
    "results_request_output_throughput_token_per_s_quantiles_p75": 96.54075200947017,
    "results_request_output_throughput_token_per_s_quantiles_p90": 101.4549438474053,
    "results_request_output_throughput_token_per_s_quantiles_p95": 102.87263085209847,
    "results_request_output_throughput_token_per_s_quantiles_p99": 104.006780455853,
    "results_request_output_throughput_token_per_s_mean": 81.02876899307249,
    "results_request_output_throughput_token_per_s_min": 16.737195846167875,
    "results_request_output_throughput_token_per_s_max": 104.29031785679163,
    "results_request_output_throughput_token_per_s_stddev": 25.405299818698502,
    "results_number_input_tokens_quantiles_p25": 142.0,
    "results_number_input_tokens_quantiles_p50": 148.0,
    "results_number_input_tokens_quantiles_p75": 172.25,
    "results_number_input_tokens_quantiles_p90": 183.5,
    "results_number_input_tokens_quantiles_p95": 190.24999999999997,
    "results_number_input_tokens_quantiles_p99": 195.65,
    "results_number_input_tokens_mean": 152.6,
    "results_number_input_tokens_min": "98",
    "results_number_input_tokens_max": "197",
    "results_number_input_tokens_stddev": 28.05233204803717,
    "results_number_output_tokens_quantiles_p25": 94.25,
    "results_number_output_tokens_quantiles_p50": 126.0,
    "results_number_output_tokens_quantiles_p75": 144.5,
    "results_number_output_tokens_quantiles_p90": 177.0,
    "results_number_output_tokens_quantiles_p95": 177.0,
    "results_number_output_tokens_quantiles_p99": 177.0,
    "results_number_output_tokens_mean": 120.2,
    "results_number_output_tokens_min": "27",
    "results_number_output_tokens_max": "177",
    "results_number_output_tokens_stddev": 45.126488895104615,
    "results_num_requests_started": 10,
    "results_error_rate": 0.0,
    "results_number_errors": 0,
    "results_error_code_frequency": "{}",
    "results_mean_output_throughput_token_per_s": 122.59674463344513,
    "results_num_completed_requests": 10,
    "results_num_completed_requests_per_min": 61.196378352801226,
    "timestamp": 1769519520
}