{
    "version": "2023-08-31",
    "name": "gpt-4-1-nano_5500_350_summary",
    "model": "gpt-4.1-nano",
    "mean_input_tokens": 5500,
    "stddev_input_tokens": 2250,
    "mean_output_tokens": 350,
    "stddev_output_tokens": 75,
    "num_concurrent_requests": 10,
    "results_inter_token_latency_s_quantiles_p25": 0.008788735222951894,
    "results_inter_token_latency_s_quantiles_p50": 0.009068919342982373,
    "results_inter_token_latency_s_quantiles_p75": 0.009398001301254476,
    "results_inter_token_latency_s_quantiles_p90": 0.0102698182466761,
    "results_inter_token_latency_s_quantiles_p95": 0.011075694696225248,
    "results_inter_token_latency_s_quantiles_p99": 0.01172039585586457,
    "results_inter_token_latency_s_mean": 0.009355864002204395,
    "results_inter_token_latency_s_min": 0.008274085178326411,
    "results_inter_token_latency_s_max": 0.0118815711457744,
    "results_inter_token_latency_s_stddev": 0.0010117074773212586,
    "results_ttft_s_quantiles_p25": 0.4630308794985467,
    "results_ttft_s_quantiles_p50": 0.5417380164944916,
    "results_ttft_s_quantiles_p75": 0.5813581024995074,
    "results_ttft_s_quantiles_p90": 0.814881280697591,
    "results_ttft_s_quantiles_p95": 1.0129524603507885,
    "results_ttft_s_quantiles_p99": 1.1714094040733471,
    "results_ttft_s_mean": 0.6039694675986539,
    "results_ttft_s_min": 0.43136268299713265,
    "results_ttft_s_max": 1.2110236400039867,
    "results_ttft_s_stddev": 0.23471693785944234,
    "results_end_to_end_latency_s_quantiles_p25": 3.038965715746599,
    "results_end_to_end_latency_s_quantiles_p50": 3.1292125820036745,
    "results_end_to_end_latency_s_quantiles_p75": 3.723634138743364,
    "results_end_to_end_latency_s_quantiles_p90": 4.331148469804611,
    "results_end_to_end_latency_s_quantiles_p95": 4.612669863904738,
    "results_end_to_end_latency_s_quantiles_p99": 4.837886979184841,
    "results_end_to_end_latency_s_mean": 3.4172618789001716,
    "results_end_to_end_latency_s_min": 2.64048500599165,
    "results_end_to_end_latency_s_max": 4.8941912580048665,
    "results_end_to_end_latency_s_stddev": 0.7130519152866873,
    "results_request_output_throughput_token_per_s_quantiles_p25": 128.10918303245788,
    "results_request_output_throughput_token_per_s_quantiles_p50": 131.7580279107136,
    "results_request_output_throughput_token_per_s_quantiles_p75": 136.44936155656234,
    "results_request_output_throughput_token_per_s_quantiles_p90": 139.4752995563209,
    "results_request_output_throughput_token_per_s_quantiles_p95": 143.36510287187076,
    "results_request_output_throughput_token_per_s_quantiles_p99": 146.47694552431068,
    "results_request_output_throughput_token_per_s_mean": 129.84345913435564,
    "results_request_output_throughput_token_per_s_min": 101.75327725198287,
    "results_request_output_throughput_token_per_s_max": 147.25490618742066,
    "results_request_output_throughput_token_per_s_stddev": 12.327647321929652,
    "results_number_input_tokens_quantiles_p25": 3202.0,
    "results_number_input_tokens_quantiles_p50": 5304.5,
    "results_number_input_tokens_quantiles_p75": 6464.25,
    "results_number_input_tokens_quantiles_p90": 7554.7,
    "results_number_input_tokens_quantiles_p95": 8255.349999999999,
    "results_number_input_tokens_quantiles_p99": 8815.87,
    "results_number_input_tokens_mean": 5211.5,
    "results_number_input_tokens_min": "2599",
    "results_number_input_tokens_max": "8956",
    "results_number_input_tokens_stddev": 2165.7122128502874,
    "results_number_output_tokens_quantiles_p25": 396.25,
    "results_number_output_tokens_quantiles_p50": 439.5,
    "results_number_output_tokens_quantiles_p75": 489.5,
    "results_number_output_tokens_quantiles_p90": 509.1,
    "results_number_output_tokens_quantiles_p95": 509.55,
    "results_number_output_tokens_quantiles_p99": 509.91,
    "results_number_output_tokens_mean": 437.5,
    "results_number_output_tokens_min": "354",
    "results_number_output_tokens_max": "510",
    "results_number_output_tokens_stddev": 58.912835801905025,
    "results_num_requests_started": 10,
    "results_error_rate": 0.0,
    "results_number_errors": 0,
    "results_error_code_frequency": "{}",
    "results_mean_output_throughput_token_per_s": 433.3600745026694,
    "results_num_completed_requests": 10,
    "results_num_completed_requests_per_min": 59.43223878893752,
    "timestamp": 1769510568
}