Concurrent_Users,P25,P50,P75
1,91.05986723777137,101.4693242342301,107.99660004849835
10,103.57510996074475,110.61976039664297,114.73711916247112
20,105.99168103506824,111.99088250405732,118.3656867759592
30,111.91003473229527,116.38599432032615,121.64293421296324
40,93.44208853747105,101.46395750609645,105.78696751635434
50,107.64851332796363,112.06296689083209,115.93414448576736
