Concurrent_Users,P25,P50,P75
1,1.9101434599942877,2.0447643189982045,2.384348967243568
10,2.2521830527621205,2.3909372779889964,2.4463850284955697
20,2.157044024002971,2.253900204988895,2.345254250270955
30,2.1919272652594373,2.2637948189949384,2.885032728248916
40,2.854325293243164,2.880178278501262,3.27257186226052
50,2.337871892756084,2.651674034015741,3.1977333912509494
