Concurrent_Users,P25,P50,P75
1,0.013268632757967955,0.014961231476247363,0.017105115164752164
10,0.015071772179588001,0.01673182731255516,0.01738066794278168
20,0.015250314783360596,0.016438972603275467,0.01704386521993012
30,0.01602860630515612,0.018127743798017577,0.019867511261447347
40,0.01958407592153827,0.021539585520513275,0.023973557238480988
50,0.015823065669405036,0.01750240559471311,0.022230987151890008
