Concurrent_Users,P25,P50,P75
1,70.37312057245386,76.76272752890614,88.17184415207721
10,69.10558809406149,71.37523767567816,77.49988888783271
20,64.60594945964684,69.88245634760457,74.58969540091333
30,60.57547082653018,66.09828748729258,72.53284072513087
40,48.55916004326311,54.23750477860756,62.06928705103281
50,53.05398936278283,68.86978218702049,74.6058830315296
