Concurrent_Users,P25,P50,P75
1,0.6486241279853857,0.6660815749928588,0.7013960607582703
10,0.930048490750778,1.030747970493394,1.0942140535116778
20,0.9111654242296936,1.0338662905123783,1.1519768864891375
30,1.1436327944902587,1.3023681880004006,1.7088113075078581
40,1.5068676364971907,1.563882073503919,1.7737650232520537
50,1.125360481259122,1.3883890850120224,1.8291363292519236
