{
    "version": "2023-08-31",
    "name": "gpt-4-1-nano_150_5500_summary",
    "model": "gpt-4.1-nano",
    "mean_input_tokens": 150,
    "stddev_input_tokens": 25,
    "mean_output_tokens": 5500,
    "stddev_output_tokens": 2250,
    "num_concurrent_requests": 10,
    "results_inter_token_latency_s_quantiles_p25": 0.010403539706748833,
    "results_inter_token_latency_s_quantiles_p50": 0.011507968389632878,
    "results_inter_token_latency_s_quantiles_p75": 0.013408226783940335,
    "results_inter_token_latency_s_quantiles_p90": 0.014325956849385412,
    "results_inter_token_latency_s_quantiles_p95": 0.01534128344277218,
    "results_inter_token_latency_s_quantiles_p99": 0.016153544717481597,
    "results_inter_token_latency_s_mean": 0.011818617457300182,
    "results_inter_token_latency_s_min": 0.008454967749818776,
    "results_inter_token_latency_s_max": 0.01635661003615895,
    "results_inter_token_latency_s_stddev": 0.002370515060217648,
    "results_ttft_s_quantiles_p25": 0.36598025925195543,
    "results_ttft_s_quantiles_p50": 0.41339468100341037,
    "results_ttft_s_quantiles_p75": 0.5264049662546313,
    "results_ttft_s_quantiles_p90": 0.5618333473103121,
    "results_ttft_s_quantiles_p95": 0.5636276426594122,
    "results_ttft_s_quantiles_p99": 0.5650630789386923,
    "results_ttft_s_mean": 0.44118619440414475,
    "results_ttft_s_min": 0.3229065680061467,
    "results_ttft_s_max": 0.5654219380085124,
    "results_ttft_s_stddev": 0.0933370192275008,
    "results_end_to_end_latency_s_quantiles_p25": 0.9914580347503943,
    "results_end_to_end_latency_s_quantiles_p50": 1.2652263429990853,
    "results_end_to_end_latency_s_quantiles_p75": 1.459080025244475,
    "results_end_to_end_latency_s_quantiles_p90": 1.7069522530073298,
    "results_end_to_end_latency_s_quantiles_p95": 1.923170516500249,
    "results_end_to_end_latency_s_quantiles_p99": 2.096145127294585,
    "results_end_to_end_latency_s_mean": 1.282938705800916,
    "results_end_to_end_latency_s_min": 0.7018413430050714,
    "results_end_to_end_latency_s_max": 2.139388779993169,
    "results_end_to_end_latency_s_stddev": 0.4237320007934243,
    "results_request_output_throughput_token_per_s_quantiles_p25": 89.38219744883625,
    "results_request_output_throughput_token_per_s_quantiles_p50": 104.90330179184592,
    "results_request_output_throughput_token_per_s_quantiles_p75": 117.74737307161757,
    "results_request_output_throughput_token_per_s_quantiles_p90": 130.54414596128908,
    "results_request_output_throughput_token_per_s_quantiles_p95": 137.48896102120597,
    "results_request_output_throughput_token_per_s_quantiles_p99": 143.04481306913948,
    "results_request_output_throughput_token_per_s_mean": 105.92755992278289,
    "results_request_output_throughput_token_per_s_min": 73.23542180570259,
    "results_request_output_throughput_token_per_s_max": 144.43377608112286,
    "results_request_output_throughput_token_per_s_stddev": 21.914807971955778,
    "results_number_input_tokens_quantiles_p25": 120.75,
    "results_number_input_tokens_quantiles_p50": 133.0,
    "results_number_input_tokens_quantiles_p75": 161.0,
    "results_number_input_tokens_quantiles_p90": 171.0,
    "results_number_input_tokens_quantiles_p95": 171.0,
    "results_number_input_tokens_quantiles_p99": 171.0,
    "results_number_input_tokens_mean": 139.0,
    "results_number_input_tokens_min": "110",
    "results_number_input_tokens_max": "171",
    "results_number_input_tokens_stddev": 23.290436759417897,
    "results_number_output_tokens_quantiles_p25": 92.0,
    "results_number_output_tokens_quantiles_p50": 121.5,
    "results_number_output_tokens_quantiles_p75": 169.75,
    "results_number_output_tokens_quantiles_p90": 223.49999999999997,
    "results_number_output_tokens_quantiles_p95": 266.2499999999999,
    "results_number_output_tokens_quantiles_p99": 300.45,
    "results_number_output_tokens_mean": 143.0,
    "results_number_output_tokens_min": "58",
    "results_number_output_tokens_max": "309",
    "results_number_output_tokens_stddev": 75.825823804002,
    "results_num_requests_started": 10,
    "results_error_rate": 0.0,
    "results_number_errors": 0,
    "results_error_code_frequency": "{}",
    "results_mean_output_throughput_token_per_s": 212.55637739638956,
    "results_num_completed_requests": 10,
    "results_num_completed_requests_per_min": 89.18449401247113,
    "timestamp": 1769510693
}