{
    "version": "2023-08-31",
    "name": "gpt-4-1-nano_150_350_summary",
    "model": "gpt-4.1-nano",
    "mean_input_tokens": 150,
    "stddev_input_tokens": 25,
    "mean_output_tokens": 350,
    "stddev_output_tokens": 75,
    "num_concurrent_requests": 50,
    "results_inter_token_latency_s_quantiles_p25": 0.015009756565837404,
    "results_inter_token_latency_s_quantiles_p50": 0.017886417619351606,
    "results_inter_token_latency_s_quantiles_p75": 0.019998103417732976,
    "results_inter_token_latency_s_quantiles_p90": 0.020556194842847507,
    "results_inter_token_latency_s_quantiles_p95": 0.02065275215675418,
    "results_inter_token_latency_s_quantiles_p99": 0.020729998007879516,
    "results_inter_token_latency_s_mean": 0.0175842483973698,
    "results_inter_token_latency_s_min": 0.013651609714042006,
    "results_inter_token_latency_s_max": 0.02074930947066085,
    "results_inter_token_latency_s_stddev": 0.0026821978223005253,
    "results_ttft_s_quantiles_p25": 0.6505340114999854,
    "results_ttft_s_quantiles_p50": 0.7176304169988725,
    "results_ttft_s_quantiles_p75": 0.9508980792561488,
    "results_ttft_s_quantiles_p90": 1.0855556926107965,
    "results_ttft_s_quantiles_p95": 1.0997610118065495,
    "results_ttft_s_quantiles_p99": 1.111125267163152,
    "results_ttft_s_mean": 0.7968521595015773,
    "results_ttft_s_min": 0.5496514889964601,
    "results_ttft_s_max": 1.1139663310023025,
    "results_ttft_s_stddev": 0.20631366716073654,
    "results_end_to_end_latency_s_quantiles_p25": 1.207610470992222,
    "results_end_to_end_latency_s_quantiles_p50": 1.3361253375041997,
    "results_end_to_end_latency_s_quantiles_p75": 1.4495840812560346,
    "results_end_to_end_latency_s_quantiles_p90": 1.4765097277908352,
    "results_end_to_end_latency_s_quantiles_p95": 1.4782615003961836,
    "results_end_to_end_latency_s_quantiles_p99": 1.4796629184804624,
    "results_end_to_end_latency_s_mean": 1.3206145456992089,
    "results_end_to_end_latency_s_min": 1.072654292001971,
    "results_end_to_end_latency_s_max": 1.480013273001532,
    "results_end_to_end_latency_s_stddev": 0.1451561791995147,
    "results_request_output_throughput_token_per_s_quantiles_p25": 61.54014324275954,
    "results_request_output_throughput_token_per_s_quantiles_p50": 63.66477023706309,
    "results_request_output_throughput_token_per_s_quantiles_p75": 80.05488015549187,
    "results_request_output_throughput_token_per_s_quantiles_p90": 83.11088312613145,
    "results_request_output_throughput_token_per_s_quantiles_p95": 83.73699793585496,
    "results_request_output_throughput_token_per_s_quantiles_p99": 84.23788978363378,
    "results_request_output_throughput_token_per_s_mean": 69.10772127375931,
    "results_request_output_throughput_token_per_s_min": 58.938279931899594,
    "results_request_output_throughput_token_per_s_max": 84.36311274557848,
    "results_request_output_throughput_token_per_s_stddev": 10.469922634707515,
    "results_number_input_tokens_quantiles_p25": 155.0,
    "results_number_input_tokens_quantiles_p50": 160.0,
    "results_number_input_tokens_quantiles_p75": 162.25,
    "results_number_input_tokens_quantiles_p90": 169.29999999999998,
    "results_number_input_tokens_quantiles_p95": 175.14999999999998,
    "results_number_input_tokens_quantiles_p99": 179.83,
    "results_number_input_tokens_mean": 159.5,
    "results_number_input_tokens_min": "142",
    "results_number_input_tokens_max": "181",
    "results_number_input_tokens_stddev": 10.362861037806542,
    "results_number_output_tokens_quantiles_p25": 86.25,
    "results_number_output_tokens_quantiles_p50": 88.5,
    "results_number_output_tokens_quantiles_p75": 92.25,
    "results_number_output_tokens_quantiles_p90": 99.39999999999999,
    "results_number_output_tokens_quantiles_p95": 105.69999999999999,
    "results_number_output_tokens_quantiles_p99": 110.74000000000001,
    "results_number_output_tokens_mean": 90.3,
    "results_number_output_tokens_min": "75",
    "results_number_output_tokens_max": "112",
    "results_number_output_tokens_stddev": 9.638464608017191,
    "results_num_requests_started": 10,
    "results_error_rate": 0.0,
    "results_number_errors": 0,
    "results_error_code_frequency": "{}",
    "results_mean_output_throughput_token_per_s": 68.7531459542268,
    "results_num_completed_requests": 10,
    "results_num_completed_requests_per_min": 45.683153457958,
    "timestamp": 1769519728
}