{
    "version": "2023-08-31",
    "name": "gpt-4-1-nano_5500_350_summary",
    "model": "gpt-4.1-nano",
    "mean_input_tokens": 5500,
    "stddev_input_tokens": 2250,
    "mean_output_tokens": 350,
    "stddev_output_tokens": 75,
    "num_concurrent_requests": 50,
    "results_inter_token_latency_s_quantiles_p25": 0.011146037731722408,
    "results_inter_token_latency_s_quantiles_p50": 0.012504852286077537,
    "results_inter_token_latency_s_quantiles_p75": 0.014254529067637543,
    "results_inter_token_latency_s_quantiles_p90": 0.015500015935201108,
    "results_inter_token_latency_s_quantiles_p95": 0.016315024323503437,
    "results_inter_token_latency_s_quantiles_p99": 0.0169670310341453,
    "results_inter_token_latency_s_mean": 0.012666056099973727,
    "results_inter_token_latency_s_min": 0.008636995820008944,
    "results_inter_token_latency_s_max": 0.017130032711805767,
    "results_inter_token_latency_s_stddev": 0.0025385192915218344,
    "results_ttft_s_quantiles_p25": 1.7151258407684509,
    "results_ttft_s_quantiles_p50": 2.3275053814868443,
    "results_ttft_s_quantiles_p75": 2.8688854137435555,
    "results_ttft_s_quantiles_p90": 2.9915457585826517,
    "results_ttft_s_quantiles_p95": 3.0938519383023957,
    "results_ttft_s_quantiles_p99": 3.1756968820781912,
    "results_ttft_s_mean": 2.303801044099964,
    "results_ttft_s_min": 1.5325227960129268,
    "results_ttft_s_max": 3.19615811802214,
    "results_ttft_s_stddev": 0.6339947802196956,
    "results_end_to_end_latency_s_quantiles_p25": 4.140073058762937,
    "results_end_to_end_latency_s_quantiles_p50": 4.498464411008172,
    "results_end_to_end_latency_s_quantiles_p75": 5.2912253852555295,
    "results_end_to_end_latency_s_quantiles_p90": 5.814987110922812,
    "results_end_to_end_latency_s_quantiles_p95": 5.821455387960304,
    "results_end_to_end_latency_s_quantiles_p99": 5.826630009590299,
    "results_end_to_end_latency_s_mean": 4.721702160709538,
    "results_end_to_end_latency_s_min": 3.797176441992633,
    "results_end_to_end_latency_s_max": 5.8279236649977975,
    "results_end_to_end_latency_s_stddev": 0.7703747185232932,
    "results_request_output_throughput_token_per_s_quantiles_p25": 84.40129681047333,
    "results_request_output_throughput_token_per_s_quantiles_p50": 99.20845974896311,
    "results_request_output_throughput_token_per_s_quantiles_p75": 106.22813314771372,
    "results_request_output_throughput_token_per_s_quantiles_p90": 112.19117582502446,
    "results_request_output_throughput_token_per_s_quantiles_p95": 125.23866125187084,
    "results_request_output_throughput_token_per_s_quantiles_p99": 135.676649593348,
    "results_request_output_throughput_token_per_s_mean": 97.85825108024389,
    "results_request_output_throughput_token_per_s_min": 72.1324098536524,
    "results_request_output_throughput_token_per_s_max": 138.28614667871727,
    "results_request_output_throughput_token_per_s_stddev": 19.47699300481957,
    "results_number_input_tokens_quantiles_p25": 4070.0,
    "results_number_input_tokens_quantiles_p50": 5198.5,
    "results_number_input_tokens_quantiles_p75": 8030.0,
    "results_number_input_tokens_quantiles_p90": 8571.4,
    "results_number_input_tokens_quantiles_p95": 8654.199999999999,
    "results_number_input_tokens_quantiles_p99": 8720.44,
    "results_number_input_tokens_mean": 5731.9,
    "results_number_input_tokens_min": "2602",
    "results_number_input_tokens_max": "8737",
    "results_number_input_tokens_stddev": 2418.8107017935718,
    "results_number_output_tokens_quantiles_p25": 405.25,
    "results_number_output_tokens_quantiles_p50": 471.5,
    "results_number_output_tokens_quantiles_p75": 540.25,
    "results_number_output_tokens_quantiles_p90": 569.6,
    "results_number_output_tokens_quantiles_p95": 594.8,
    "results_number_output_tokens_quantiles_p99": 614.96,
    "results_number_output_tokens_mean": 460.2,
    "results_number_output_tokens_min": "292",
    "results_number_output_tokens_max": "620",
    "results_number_output_tokens_stddev": 104.87219735362552,
    "results_num_requests_started": 10,
    "results_error_rate": 0.0,
    "results_number_errors": 0,
    "results_error_code_frequency": "{}",
    "results_mean_output_throughput_token_per_s": 169.47560787533442,
    "results_num_completed_requests": 10,
    "results_num_completed_requests_per_min": 22.095907154541642,
    "timestamp": 1769053226
}