{
    "version": "2023-08-31",
    "name": "gpt-4-1-nano_150_350_summary",
    "model": "gpt-4.1-nano",
    "mean_input_tokens": 150,
    "stddev_input_tokens": 25,
    "mean_output_tokens": 350,
    "stddev_output_tokens": 75,
    "num_concurrent_requests": 30,
    "results_inter_token_latency_s_quantiles_p25": 0.012235325874159268,
    "results_inter_token_latency_s_quantiles_p50": 0.014775204906071752,
    "results_inter_token_latency_s_quantiles_p75": 0.016454577204049622,
    "results_inter_token_latency_s_quantiles_p90": 0.018473617300040057,
    "results_inter_token_latency_s_quantiles_p95": 0.026716090828640855,
    "results_inter_token_latency_s_quantiles_p99": 0.03331006965152153,
    "results_inter_token_latency_s_mean": 0.016165732759024363,
    "results_inter_token_latency_s_min": 0.01108364881159097,
    "results_inter_token_latency_s_max": 0.034958564357241685,
    "results_inter_token_latency_s_stddev": 0.006922836474233103,
    "results_ttft_s_quantiles_p25": 0.390588615246088,
    "results_ttft_s_quantiles_p50": 0.4386384169993107,
    "results_ttft_s_quantiles_p75": 0.5734481610015791,
    "results_ttft_s_quantiles_p90": 0.650875356598408,
    "results_ttft_s_quantiles_p95": 0.6538112898037071,
    "results_ttft_s_quantiles_p99": 0.6561600363679463,
    "results_ttft_s_mean": 0.48534561120031866,
    "results_ttft_s_min": 0.37178292899625376,
    "results_ttft_s_max": 0.6567472230090061,
    "results_ttft_s_stddev": 0.11241960372212752,
    "results_end_to_end_latency_s_quantiles_p25": 1.1570217964945186,
    "results_end_to_end_latency_s_quantiles_p50": 1.2784421114920406,
    "results_end_to_end_latency_s_quantiles_p75": 1.317659778505913,
    "results_end_to_end_latency_s_quantiles_p90": 1.4037011545035056,
    "results_end_to_end_latency_s_quantiles_p95": 1.44702172075049,
    "results_end_to_end_latency_s_quantiles_p99": 1.4816781737480778,
    "results_end_to_end_latency_s_mean": 1.2005189304996748,
    "results_end_to_end_latency_s_min": 0.4894830060075037,
    "results_end_to_end_latency_s_max": 1.4903422869974747,
    "results_end_to_end_latency_s_stddev": 0.2752072795399987,
    "results_request_output_throughput_token_per_s_quantiles_p25": 68.51656924389829,
    "results_request_output_throughput_token_per_s_quantiles_p50": 80.67760662197034,
    "results_request_output_throughput_token_per_s_quantiles_p75": 90.74448661739675,
    "results_request_output_throughput_token_per_s_quantiles_p90": 95.86808409957979,
    "results_request_output_throughput_token_per_s_quantiles_p95": 98.2580519462675,
    "results_request_output_throughput_token_per_s_quantiles_p99": 100.17002622361768,
    "results_request_output_throughput_token_per_s_mean": 77.89777223876634,
    "results_request_output_throughput_token_per_s_min": 36.77349321443871,
    "results_request_output_throughput_token_per_s_max": 100.64801979295522,
    "results_request_output_throughput_token_per_s_stddev": 18.814724096156525,
    "results_number_input_tokens_quantiles_p25": 151.0,
    "results_number_input_tokens_quantiles_p50": 159.0,
    "results_number_input_tokens_quantiles_p75": 186.75,
    "results_number_input_tokens_quantiles_p90": 196.0,
    "results_number_input_tokens_quantiles_p95": 196.0,
    "results_number_input_tokens_quantiles_p99": 196.0,
    "results_number_input_tokens_mean": 156.2,
    "results_number_input_tokens_min": "68",
    "results_number_input_tokens_max": "196",
    "results_number_input_tokens_stddev": 38.67471180672628,
    "results_number_output_tokens_quantiles_p25": 86.5,
    "results_number_output_tokens_quantiles_p50": 101.5,
    "results_number_output_tokens_quantiles_p75": 119.75,
    "results_number_output_tokens_quantiles_p90": 127.49999999999999,
    "results_number_output_tokens_quantiles_p95": 138.74999999999997,
    "results_number_output_tokens_quantiles_p99": 147.75,
    "results_number_output_tokens_mean": 97.4,
    "results_number_output_tokens_min": "18",
    "results_number_output_tokens_max": "150",
    "results_number_output_tokens_stddev": 35.6937591806249,
    "results_num_requests_started": 10,
    "results_error_rate": 0.0,
    "results_number_errors": 0,
    "results_error_code_frequency": "{}",
    "results_mean_output_throughput_token_per_s": 96.75508308635742,
    "results_num_completed_requests": 10,
    "results_num_completed_requests_per_min": 59.602720587078494,
    "timestamp": 1769519686
}