{
    "version": "2023-08-31",
    "name": "gpt-4-1-nano_150_350_summary",
    "model": "gpt-4.1-nano",
    "mean_input_tokens": 150,
    "stddev_input_tokens": 25,
    "mean_output_tokens": 350,
    "stddev_output_tokens": 75,
    "num_concurrent_requests": 40,
    "results_inter_token_latency_s_quantiles_p25": 0.013369227547715948,
    "results_inter_token_latency_s_quantiles_p50": 0.015256686724320657,
    "results_inter_token_latency_s_quantiles_p75": 0.0190049406901728,
    "results_inter_token_latency_s_quantiles_p90": 0.021189105115416336,
    "results_inter_token_latency_s_quantiles_p95": 0.02186969763536953,
    "results_inter_token_latency_s_quantiles_p99": 0.02241417165133209,
    "results_inter_token_latency_s_mean": 0.016274677311232603,
    "results_inter_token_latency_s_min": 0.012177459504749086,
    "results_inter_token_latency_s_max": 0.022550290155322728,
    "results_inter_token_latency_s_stddev": 0.0036998448501776903,
    "results_ttft_s_quantiles_p25": 0.4744810465017508,
    "results_ttft_s_quantiles_p50": 0.5075197870028205,
    "results_ttft_s_quantiles_p75": 0.5409673357462452,
    "results_ttft_s_quantiles_p90": 0.5808550313027808,
    "results_ttft_s_quantiles_p95": 0.6402389901530112,
    "results_ttft_s_quantiles_p99": 0.6877461572331959,
    "results_ttft_s_mean": 0.5032362769008614,
    "results_ttft_s_min": 0.35913512999832164,
    "results_ttft_s_max": 0.699622949003242,
    "results_ttft_s_stddev": 0.09785677929541364,
    "results_end_to_end_latency_s_quantiles_p25": 0.7030110234991298,
    "results_end_to_end_latency_s_quantiles_p50": 0.7917607600029442,
    "results_end_to_end_latency_s_quantiles_p75": 1.063832239000476,
    "results_end_to_end_latency_s_quantiles_p90": 1.277813168503053,
    "results_end_to_end_latency_s_quantiles_p95": 1.3082372477503668,
    "results_end_to_end_latency_s_quantiles_p99": 1.3325765111482177,
    "results_end_to_end_latency_s_mean": 0.8947491834012908,
    "results_end_to_end_latency_s_min": 0.5825663849973353,
    "results_end_to_end_latency_s_max": 1.3386613269976806,
    "results_end_to_end_latency_s_stddev": 0.26971190583328036,
    "results_request_output_throughput_token_per_s_quantiles_p25": 60.72275231337178,
    "results_request_output_throughput_token_per_s_quantiles_p50": 69.7630142388666,
    "results_request_output_throughput_token_per_s_quantiles_p75": 89.18704957703379,
    "results_request_output_throughput_token_per_s_quantiles_p90": 92.0910416480063,
    "results_request_output_throughput_token_per_s_quantiles_p95": 94.06406720009375,
    "results_request_output_throughput_token_per_s_quantiles_p99": 95.64248764176371,
    "results_request_output_throughput_token_per_s_mean": 73.16745446577286,
    "results_request_output_throughput_token_per_s_min": 50.40470667757571,
    "results_request_output_throughput_token_per_s_max": 96.0370927521812,
    "results_request_output_throughput_token_per_s_stddev": 16.878888648851735,
    "results_number_input_tokens_quantiles_p25": 98.25,
    "results_number_input_tokens_quantiles_p50": 117.0,
    "results_number_input_tokens_quantiles_p75": 137.75,
    "results_number_input_tokens_quantiles_p90": 148.49999999999997,
    "results_number_input_tokens_quantiles_p95": 168.74999999999994,
    "results_number_input_tokens_quantiles_p99": 184.95000000000002,
    "results_number_input_tokens_mean": 122.3,
    "results_number_input_tokens_min": "92",
    "results_number_input_tokens_max": "189",
    "results_number_input_tokens_stddev": 30.258332185807376,
    "results_number_output_tokens_quantiles_p25": 39.0,
    "results_number_output_tokens_quantiles_p50": 64.0,
    "results_number_output_tokens_quantiles_p75": 88.0,
    "results_number_output_tokens_quantiles_p90": 100.19999999999999,
    "results_number_output_tokens_quantiles_p95": 110.09999999999998,
    "results_number_output_tokens_quantiles_p99": 118.02000000000001,
    "results_number_output_tokens_mean": 67.0,
    "results_number_output_tokens_min": "37",
    "results_number_output_tokens_max": "120",
    "results_number_output_tokens_stddev": 29.34469476943168,
    "results_num_requests_started": 10,
    "results_error_rate": 0.0,
    "results_number_errors": 0,
    "results_error_code_frequency": "{}",
    "results_mean_output_throughput_token_per_s": 67.67251101432764,
    "results_num_completed_requests": 10,
    "results_num_completed_requests_per_min": 60.60224866954714,
    "timestamp": 1769510864
}