{
    "version": "2023-08-31",
    "name": "gpt-4-1-nano_5500_350_summary",
    "model": "gpt-4.1-nano",
    "mean_input_tokens": 5500,
    "stddev_input_tokens": 2250,
    "mean_output_tokens": 350,
    "stddev_output_tokens": 75,
    "num_concurrent_requests": 50,
    "results_inter_token_latency_s_quantiles_p25": 0.009846778473101557,
    "results_inter_token_latency_s_quantiles_p50": 0.01053015901971403,
    "results_inter_token_latency_s_quantiles_p75": 0.01155608559942823,
    "results_inter_token_latency_s_quantiles_p90": 0.012214298946949571,
    "results_inter_token_latency_s_quantiles_p95": 0.012610092482326331,
    "results_inter_token_latency_s_quantiles_p99": 0.012926727310627741,
    "results_inter_token_latency_s_mean": 0.010389592622069446,
    "results_inter_token_latency_s_min": 0.00546073191491622,
    "results_inter_token_latency_s_max": 0.013005886017703094,
    "results_inter_token_latency_s_stddev": 0.0020862879013026662,
    "results_ttft_s_quantiles_p25": 1.375505306525156,
    "results_ttft_s_quantiles_p50": 1.6434117619937751,
    "results_ttft_s_quantiles_p75": 1.9476741764956387,
    "results_ttft_s_quantiles_p90": 2.8098790825810283,
    "results_ttft_s_quantiles_p95": 3.0803078498167444,
    "results_ttft_s_quantiles_p99": 3.296650863605319,
    "results_ttft_s_mean": 1.8472093429008964,
    "results_ttft_s_min": 1.263663881982211,
    "results_ttft_s_max": 3.350736617052462,
    "results_ttft_s_stddev": 0.6896393422786676,
    "results_end_to_end_latency_s_quantiles_p25": 3.3832838132511824,
    "results_end_to_end_latency_s_quantiles_p50": 3.670370672480203,
    "results_end_to_end_latency_s_quantiles_p75": 4.145015772752231,
    "results_end_to_end_latency_s_quantiles_p90": 4.826685184339294,
    "results_end_to_end_latency_s_quantiles_p95": 5.11214269916818,
    "results_end_to_end_latency_s_quantiles_p99": 5.340508711031289,
    "results_end_to_end_latency_s_mean": 3.8357203701976688,
    "results_end_to_end_latency_s_min": 2.6874385499977507,
    "results_end_to_end_latency_s_max": 5.397600213997066,
    "results_end_to_end_latency_s_stddev": 0.7890100969116808,
    "results_request_output_throughput_token_per_s_quantiles_p25": 103.54479235326662,
    "results_request_output_throughput_token_per_s_quantiles_p50": 115.89357068068398,
    "results_request_output_throughput_token_per_s_quantiles_p75": 122.59606098714083,
    "results_request_output_throughput_token_per_s_quantiles_p90": 139.378840437485,
    "results_request_output_throughput_token_per_s_quantiles_p95": 172.7615444167941,
    "results_request_output_throughput_token_per_s_quantiles_p99": 199.46770760024148,
    "results_request_output_throughput_token_per_s_mean": 121.05725400356599,
    "results_request_output_throughput_token_per_s_min": 92.72211982630058,
    "results_request_output_throughput_token_per_s_max": 206.1442483961033,
    "results_request_output_throughput_token_per_s_stddev": 32.21819986685442,
    "results_number_input_tokens_quantiles_p25": 5537.5,
    "results_number_input_tokens_quantiles_p50": 6512.0,
    "results_number_input_tokens_quantiles_p75": 8745.5,
    "results_number_input_tokens_quantiles_p90": 9034.0,
    "results_number_input_tokens_quantiles_p95": 9034.0,
    "results_number_input_tokens_quantiles_p99": 9034.0,
    "results_number_input_tokens_mean": 6939.0,
    "results_number_input_tokens_min": "4216",
    "results_number_input_tokens_max": "9034",
    "results_number_input_tokens_stddev": 1773.2865908626652,
    "results_number_output_tokens_quantiles_p25": 393.5,
    "results_number_output_tokens_quantiles_p50": 430.5,
    "results_number_output_tokens_quantiles_p75": 514.0,
    "results_number_output_tokens_quantiles_p90": 557.8,
    "results_number_output_tokens_quantiles_p95": 574.9,
    "results_number_output_tokens_quantiles_p99": 588.58,
    "results_number_output_tokens_mean": 451.2,
    "results_number_output_tokens_min": "338",
    "results_number_output_tokens_max": "592",
    "results_number_output_tokens_stddev": 82.90396050048916,
    "results_num_requests_started": 10,
    "results_error_rate": 0.0,
    "results_number_errors": 0,
    "results_error_code_frequency": "{}",
    "results_mean_output_throughput_token_per_s": 189.75819353632463,
    "results_num_completed_requests": 10,
    "results_num_completed_requests_per_min": 25.23380233195806,
    "timestamp": 1769065430
}