{
    "version": "2023-08-31",
    "name": "gpt-4-1-nano_550_150_summary",
    "model": "gpt-4.1-nano",
    "mean_input_tokens": 550,
    "stddev_input_tokens": 150,
    "mean_output_tokens": 150,
    "stddev_output_tokens": 10,
    "num_concurrent_requests": 40,
    "results_inter_token_latency_s_quantiles_p25": 0.01958407592153827,
    "results_inter_token_latency_s_quantiles_p50": 0.021539585520513275,
    "results_inter_token_latency_s_quantiles_p75": 0.023973557238480988,
    "results_inter_token_latency_s_quantiles_p90": 0.024759567331928353,
    "results_inter_token_latency_s_quantiles_p95": 0.02671260935942654,
    "results_inter_token_latency_s_quantiles_p99": 0.028275042981425098,
    "results_inter_token_latency_s_mean": 0.021876456169511862,
    "results_inter_token_latency_s_min": 0.017462678510914154,
    "results_inter_token_latency_s_max": 0.028665651386924736,
    "results_inter_token_latency_s_stddev": 0.0033352227264870846,
    "results_ttft_s_quantiles_p25": 1.5068676364971907,
    "results_ttft_s_quantiles_p50": 1.563882073503919,
    "results_ttft_s_quantiles_p75": 1.7737650232520537,
    "results_ttft_s_quantiles_p90": 1.907962862483691,
    "results_ttft_s_quantiles_p95": 2.4127803257404583,
    "results_ttft_s_quantiles_p99": 2.8166342963458737,
    "results_ttft_s_mean": 1.7093609706993447,
    "results_ttft_s_min": 1.2735226090007927,
    "results_ttft_s_max": 2.9175977889972273,
    "results_ttft_s_stddev": 0.45623247855244675,
    "results_end_to_end_latency_s_quantiles_p25": 2.854325293243164,
    "results_end_to_end_latency_s_quantiles_p50": 2.880178278501262,
    "results_end_to_end_latency_s_quantiles_p75": 3.27257186226052,
    "results_end_to_end_latency_s_quantiles_p90": 3.4928395475202705,
    "results_end_to_end_latency_s_quantiles_p95": 3.638684819760965,
    "results_end_to_end_latency_s_quantiles_p99": 3.755361037553521,
    "results_end_to_end_latency_s_mean": 3.0495084494992626,
    "results_end_to_end_latency_s_min": 2.572655248979572,
    "results_end_to_end_latency_s_max": 3.78453009200166,
    "results_end_to_end_latency_s_stddev": 0.36712653362359726,
    "results_request_output_throughput_token_per_s_quantiles_p25": 48.55916004326311,
    "results_request_output_throughput_token_per_s_quantiles_p50": 54.23750477860756,
    "results_request_output_throughput_token_per_s_quantiles_p75": 62.06928705103281,
    "results_request_output_throughput_token_per_s_quantiles_p90": 63.96470132414267,
    "results_request_output_throughput_token_per_s_quantiles_p95": 66.44204862132179,
    "results_request_output_throughput_token_per_s_quantiles_p99": 68.42392645906509,
    "results_request_output_throughput_token_per_s_mean": 54.46044674713262,
    "results_request_output_throughput_token_per_s_min": 37.52117080535496,
    "results_request_output_throughput_token_per_s_max": 68.91939591850091,
    "results_request_output_throughput_token_per_s_stddev": 9.675606203327488,
    "results_number_input_tokens_quantiles_p25": 514.5,
    "results_number_input_tokens_quantiles_p50": 549.0,
    "results_number_input_tokens_quantiles_p75": 577.75,
    "results_number_input_tokens_quantiles_p90": 637.5999999999999,
    "results_number_input_tokens_quantiles_p95": 802.2999999999996,
    "results_number_input_tokens_quantiles_p99": 934.0600000000001,
    "results_number_input_tokens_mean": 581.0,
    "results_number_input_tokens_min": "472",
    "results_number_input_tokens_max": "967",
    "results_number_input_tokens_stddev": 141.8230509394639,
    "results_number_output_tokens_quantiles_p25": 150.25,
    "results_number_output_tokens_quantiles_p50": 169.5,
    "results_number_output_tokens_quantiles_p75": 178.75,
    "results_number_output_tokens_quantiles_p90": 184.2,
    "results_number_output_tokens_quantiles_p95": 189.6,
    "results_number_output_tokens_quantiles_p99": 193.92000000000002,
    "results_number_output_tokens_mean": 164.2,
    "results_number_output_tokens_min": "117",
    "results_number_output_tokens_max": "195",
    "results_number_output_tokens_stddev": 23.136311047547938,
    "results_num_requests_started": 10,
    "results_error_rate": 0.0,
    "results_number_errors": 0,
    "results_error_code_frequency": "{}",
    "results_mean_output_throughput_token_per_s": 79.07255260616512,
    "results_num_completed_requests": 10,
    "results_num_completed_requests_per_min": 28.893746384713197,
    "timestamp": 1768899520
}