{
    "version": "2023-08-31",
    "name": "gpt-4-1-nano_150_5500_summary",
    "model": "gpt-4.1-nano",
    "mean_input_tokens": 150,
    "stddev_input_tokens": 25,
    "mean_output_tokens": 5500,
    "stddev_output_tokens": 2250,
    "num_concurrent_requests": 50,
    "results_inter_token_latency_s_quantiles_p25": 0.015568207164767265,
    "results_inter_token_latency_s_quantiles_p50": 0.01971551216676383,
    "results_inter_token_latency_s_quantiles_p75": 0.027549001624510523,
    "results_inter_token_latency_s_quantiles_p90": 0.03019299482419648,
    "results_inter_token_latency_s_quantiles_p95": 0.032350292565948055,
    "results_inter_token_latency_s_quantiles_p99": 0.03407613075934932,
    "results_inter_token_latency_s_mean": 0.021030751084020673,
    "results_inter_token_latency_s_min": 0.010813712037878488,
    "results_inter_token_latency_s_max": 0.03450759030769964,
    "results_inter_token_latency_s_stddev": 0.008054842416754462,
    "results_ttft_s_quantiles_p25": 0.5834957677470811,
    "results_ttft_s_quantiles_p50": 0.8468492765023257,
    "results_ttft_s_quantiles_p75": 1.0224736467425828,
    "results_ttft_s_quantiles_p90": 1.0554713015037123,
    "results_ttft_s_quantiles_p95": 1.0831151997495907,
    "results_ttft_s_quantiles_p99": 1.1052303183462937,
    "results_ttft_s_mean": 0.7981662400969072,
    "results_ttft_s_min": 0.42139120599313173,
    "results_ttft_s_max": 1.1107590979954693,
    "results_ttft_s_stddev": 0.25228953785906805,
    "results_end_to_end_latency_s_quantiles_p25": 1.4160438619983324,
    "results_end_to_end_latency_s_quantiles_p50": 1.5414153599922429,
    "results_end_to_end_latency_s_quantiles_p75": 2.281757492746692,
    "results_end_to_end_latency_s_quantiles_p90": 2.6049130225990664,
    "results_end_to_end_latency_s_quantiles_p95": 2.6638936118019045,
    "results_end_to_end_latency_s_quantiles_p99": 2.711078083164175,
    "results_end_to_end_latency_s_mean": 1.7877240971967694,
    "results_end_to_end_latency_s_min": 1.1444641459966078,
    "results_end_to_end_latency_s_max": 2.7228742010047426,
    "results_end_to_end_latency_s_stddev": 0.581098105670491,
    "results_request_output_throughput_token_per_s_quantiles_p25": 41.12404421746909,
    "results_request_output_throughput_token_per_s_quantiles_p50": 58.16777453782717,
    "results_request_output_throughput_token_per_s_quantiles_p75": 75.9384881030967,
    "results_request_output_throughput_token_per_s_quantiles_p90": 110.82420388212766,
    "results_request_output_throughput_token_per_s_quantiles_p95": 113.73349920909678,
    "results_request_output_throughput_token_per_s_quantiles_p99": 116.06093547067208,
    "results_request_output_throughput_token_per_s_mean": 64.32214616860765,
    "results_request_output_throughput_token_per_s_min": 32.31857365772222,
    "results_request_output_throughput_token_per_s_max": 116.64279453606589,
    "results_request_output_throughput_token_per_s_stddev": 29.517014638452892,
    "results_number_input_tokens_quantiles_p25": 109.0,
    "results_number_input_tokens_quantiles_p50": 142.5,
    "results_number_input_tokens_quantiles_p75": 152.5,
    "results_number_input_tokens_quantiles_p90": 158.2,
    "results_number_input_tokens_quantiles_p95": 181.59999999999994,
    "results_number_input_tokens_quantiles_p99": 200.32,
    "results_number_input_tokens_mean": 138.3,
    "results_number_input_tokens_min": "109",
    "results_number_input_tokens_max": "205",
    "results_number_input_tokens_stddev": 30.753680899835206,
    "results_number_output_tokens_quantiles_p25": 58.0,
    "results_number_output_tokens_quantiles_p50": 94.0,
    "results_number_output_tokens_quantiles_p75": 149.25,
    "results_number_output_tokens_quantiles_p90": 179.39999999999995,
    "results_number_output_tokens_quantiles_p95": 239.69999999999987,
    "results_number_output_tokens_quantiles_p99": 287.94,
    "results_number_output_tokens_mean": 117.9,
    "results_number_output_tokens_min": "58",
    "results_number_output_tokens_max": "300",
    "results_number_output_tokens_stddev": 76.58901865005046,
    "results_num_requests_started": 10,
    "results_error_rate": 0.0,
    "results_number_errors": 0,
    "results_error_code_frequency": "{}",
    "results_mean_output_throughput_token_per_s": 80.9573726481498,
    "results_num_completed_requests": 10,
    "results_num_completed_requests_per_min": 41.199680736971914,
    "timestamp": 1769519611
}