{
    "version": "2023-08-31",
    "name": "gpt-4-1-nano_150_350_summary",
    "model": "gpt-4.1-nano",
    "mean_input_tokens": 150,
    "stddev_input_tokens": 25,
    "mean_output_tokens": 350,
    "stddev_output_tokens": 75,
    "num_concurrent_requests": 50,
    "results_inter_token_latency_s_quantiles_p25": 0.014348651325263303,
    "results_inter_token_latency_s_quantiles_p50": 0.016574224544256562,
    "results_inter_token_latency_s_quantiles_p75": 0.01810530714495936,
    "results_inter_token_latency_s_quantiles_p90": 0.020673606875782482,
    "results_inter_token_latency_s_quantiles_p95": 0.02378576838518959,
    "results_inter_token_latency_s_quantiles_p99": 0.026275497592715292,
    "results_inter_token_latency_s_mean": 0.01677201047287603,
    "results_inter_token_latency_s_min": 0.01063212901361702,
    "results_inter_token_latency_s_max": 0.026897929894596714,
    "results_inter_token_latency_s_stddev": 0.004611429987449973,
    "results_ttft_s_quantiles_p25": 0.5606107892526779,
    "results_ttft_s_quantiles_p50": 0.7987015359976795,
    "results_ttft_s_quantiles_p75": 0.9576479380048113,
    "results_ttft_s_quantiles_p90": 1.026724800793454,
    "results_ttft_s_quantiles_p95": 1.0323569369022152,
    "results_ttft_s_quantiles_p99": 1.0368626457892243,
    "results_ttft_s_mean": 0.7698864195990609,
    "results_ttft_s_min": 0.4754892450000625,
    "results_ttft_s_max": 1.0379890730109764,
    "results_ttft_s_stddev": 0.21897514992288056,
    "results_end_to_end_latency_s_quantiles_p25": 1.1336184355059231,
    "results_end_to_end_latency_s_quantiles_p50": 1.331219260006037,
    "results_end_to_end_latency_s_quantiles_p75": 1.5022859747477924,
    "results_end_to_end_latency_s_quantiles_p90": 1.5933507019959505,
    "results_end_to_end_latency_s_quantiles_p95": 1.643607201499253,
    "results_end_to_end_latency_s_quantiles_p99": 1.6838124011018953,
    "results_end_to_end_latency_s_mean": 1.3081970642029774,
    "results_end_to_end_latency_s_min": 0.9056359499954851,
    "results_end_to_end_latency_s_max": 1.693863701002556,
    "results_end_to_end_latency_s_stddev": 0.25921133286252607,
    "results_request_output_throughput_token_per_s_quantiles_p25": 61.61894334140637,
    "results_request_output_throughput_token_per_s_quantiles_p50": 67.94567556712495,
    "results_request_output_throughput_token_per_s_quantiles_p75": 80.89482012430526,
    "results_request_output_throughput_token_per_s_quantiles_p90": 105.24540937369171,
    "results_request_output_throughput_token_per_s_quantiles_p95": 109.82217111699671,
    "results_request_output_throughput_token_per_s_quantiles_p99": 113.48358051164071,
    "results_request_output_throughput_token_per_s_mean": 73.58718301561062,
    "results_request_output_throughput_token_per_s_min": 45.72601777591064,
    "results_request_output_throughput_token_per_s_max": 114.39893286030171,
    "results_request_output_throughput_token_per_s_stddev": 21.519251384221523,
    "results_number_input_tokens_quantiles_p25": 116.0,
    "results_number_input_tokens_quantiles_p50": 124.5,
    "results_number_input_tokens_quantiles_p75": 159.0,
    "results_number_input_tokens_quantiles_p90": 189.2,
    "results_number_input_tokens_quantiles_p95": 194.6,
    "results_number_input_tokens_quantiles_p99": 198.92000000000002,
    "results_number_input_tokens_mean": 141.6,
    "results_number_input_tokens_min": "111",
    "results_number_input_tokens_max": "200",
    "results_number_input_tokens_stddev": 32.67754920770868,
    "results_number_output_tokens_quantiles_p25": 64.25,
    "results_number_output_tokens_quantiles_p50": 82.5,
    "results_number_output_tokens_quantiles_p75": 124.5,
    "results_number_output_tokens_quantiles_p90": 150.39999999999998,
    "results_number_output_tokens_quantiles_p95": 165.69999999999996,
    "results_number_output_tokens_quantiles_p99": 177.94,
    "results_number_output_tokens_mean": 98.5,
    "results_number_output_tokens_min": "58",
    "results_number_output_tokens_max": "181",
    "results_number_output_tokens_stddev": 42.369407202209786,
    "results_num_requests_started": 10,
    "results_error_rate": 0.0,
    "results_number_errors": 0,
    "results_error_code_frequency": "{}",
    "results_mean_output_throughput_token_per_s": 80.75705463933343,
    "results_num_completed_requests": 10,
    "results_num_completed_requests_per_min": 49.19211450111681,
    "timestamp": 1769510885
}