{
    "version": "2023-08-31",
    "name": "gpt-4-1-nano_150_5500_summary",
    "model": "gpt-4.1-nano",
    "mean_input_tokens": 150,
    "stddev_input_tokens": 25,
    "mean_output_tokens": 5500,
    "stddev_output_tokens": 2250,
    "num_concurrent_requests": 30,
    "results_inter_token_latency_s_quantiles_p25": 0.010854551263319936,
    "results_inter_token_latency_s_quantiles_p50": 0.011878582193846039,
    "results_inter_token_latency_s_quantiles_p75": 0.012325789108601357,
    "results_inter_token_latency_s_quantiles_p90": 0.02804234111661966,
    "results_inter_token_latency_s_quantiles_p95": 0.09772180480882407,
    "results_inter_token_latency_s_quantiles_p99": 0.15346537576258787,
    "results_inter_token_latency_s_mean": 0.026968874039655276,
    "results_inter_token_latency_s_min": 0.00921095017483458,
    "results_inter_token_latency_s_max": 0.16740126850102874,
    "results_inter_token_latency_s_stddev": 0.04935456282582136,
    "results_ttft_s_quantiles_p25": 0.4170885382445704,
    "results_ttft_s_quantiles_p50": 0.456443560498883,
    "results_ttft_s_quantiles_p75": 0.48249936475258437,
    "results_ttft_s_quantiles_p90": 0.631866705600987,
    "results_ttft_s_quantiles_p95": 0.8181267212989037,
    "results_ttft_s_quantiles_p99": 0.9671347338572378,
    "results_ttft_s_mean": 0.5074996126000769,
    "results_ttft_s_min": 0.36424137600988615,
    "results_ttft_s_max": 1.0043867369968211,
    "results_ttft_s_stddev": 0.18515832645082728,
    "results_end_to_end_latency_s_quantiles_p25": 0.9121469190067728,
    "results_end_to_end_latency_s_quantiles_p50": 1.0820317519974196,
    "results_end_to_end_latency_s_quantiles_p75": 1.166047692997381,
    "results_end_to_end_latency_s_quantiles_p90": 1.1970529999089194,
    "results_end_to_end_latency_s_quantiles_p95": 1.219670836457226,
    "results_end_to_end_latency_s_quantiles_p99": 1.2377651056958712,
    "results_end_to_end_latency_s_mean": 1.0542557125008898,
    "results_end_to_end_latency_s_min": 0.8862605809990782,
    "results_end_to_end_latency_s_max": 1.2422886730055325,
    "results_end_to_end_latency_s_stddev": 0.14333548343242417,
    "results_request_output_throughput_token_per_s_quantiles_p25": 93.72834023496426,
    "results_request_output_throughput_token_per_s_quantiles_p50": 98.39041166055964,
    "results_request_output_throughput_token_per_s_quantiles_p75": 105.10776548327284,
    "results_request_output_throughput_token_per_s_quantiles_p90": 127.69661487430791,
    "results_request_output_throughput_token_per_s_quantiles_p95": 131.1127296831729,
    "results_request_output_throughput_token_per_s_quantiles_p99": 133.84562153026488,
    "results_request_output_throughput_token_per_s_mean": 95.31435585941901,
    "results_request_output_throughput_token_per_s_min": 4.977794615742161,
    "results_request_output_throughput_token_per_s_max": 134.52884449203788,
    "results_request_output_throughput_token_per_s_stddev": 34.79358080187567,
    "results_number_input_tokens_quantiles_p25": 144.25,
    "results_number_input_tokens_quantiles_p50": 154.5,
    "results_number_input_tokens_quantiles_p75": 163.25,
    "results_number_input_tokens_quantiles_p90": 165.2,
    "results_number_input_tokens_quantiles_p95": 166.1,
    "results_number_input_tokens_quantiles_p99": 166.82,
    "results_number_input_tokens_mean": 153.7,
    "results_number_input_tokens_min": "139",
    "results_number_input_tokens_max": "167",
    "results_number_input_tokens_stddev": 10.781156400559883,
    "results_number_output_tokens_quantiles_p25": 88.5,
    "results_number_output_tokens_quantiles_p50": 103.0,
    "results_number_output_tokens_quantiles_p75": 124.0,
    "results_number_output_tokens_quantiles_p90": 148.8,
    "results_number_output_tokens_quantiles_p95": 152.39999999999998,
    "results_number_output_tokens_quantiles_p99": 155.28,
    "results_number_output_tokens_mean": 101.6,
    "results_number_output_tokens_min": "5",
    "results_number_output_tokens_max": "156",
    "results_number_output_tokens_stddev": 42.15105112700169,
    "results_num_requests_started": 10,
    "results_error_rate": 0.0,
    "results_number_errors": 0,
    "results_error_code_frequency": "{}",
    "results_mean_output_throughput_token_per_s": 82.14402039814118,
    "results_num_completed_requests": 10,
    "results_num_completed_requests_per_min": 48.5102482666188,
    "timestamp": 1769511310
}