{
    "version": "2023-08-31",
    "name": "gpt-4-1-nano_150_350_summary",
    "model": "gpt-4.1-nano",
    "mean_input_tokens": 150,
    "stddev_input_tokens": 25,
    "mean_output_tokens": 350,
    "stddev_output_tokens": 75,
    "num_concurrent_requests": 10,
    "results_inter_token_latency_s_quantiles_p25": 0.012443836100658565,
    "results_inter_token_latency_s_quantiles_p50": 0.013593763261898557,
    "results_inter_token_latency_s_quantiles_p75": 0.014748260076268544,
    "results_inter_token_latency_s_quantiles_p90": 0.016093816983774215,
    "results_inter_token_latency_s_quantiles_p95": 0.01647141212149955,
    "results_inter_token_latency_s_quantiles_p99": 0.016773488231679824,
    "results_inter_token_latency_s_mean": 0.013586795196279844,
    "results_inter_token_latency_s_min": 0.010374366309820922,
    "results_inter_token_latency_s_max": 0.01684900725922489,
    "results_inter_token_latency_s_stddev": 0.0020287477203169827,
    "results_ttft_s_quantiles_p25": 0.4057234572501329,
    "results_ttft_s_quantiles_p50": 0.4468507039928227,
    "results_ttft_s_quantiles_p75": 0.5040232682476926,
    "results_ttft_s_quantiles_p90": 0.531118763408449,
    "results_ttft_s_quantiles_p95": 0.5763804447058646,
    "results_ttft_s_quantiles_p99": 0.6125897897437972,
    "results_ttft_s_mean": 0.4575860693003051,
    "results_ttft_s_min": 0.368621401998098,
    "results_ttft_s_max": 0.6216421260032803,
    "results_ttft_s_stddev": 0.07775957781401154,
    "results_end_to_end_latency_s_quantiles_p25": 1.1127227252472949,
    "results_end_to_end_latency_s_quantiles_p50": 1.324855551996734,
    "results_end_to_end_latency_s_quantiles_p75": 1.6059474685098394,
    "results_end_to_end_latency_s_quantiles_p90": 1.6844630169012815,
    "results_end_to_end_latency_s_quantiles_p95": 1.7239656094505333,
    "results_end_to_end_latency_s_quantiles_p99": 1.755567683489935,
    "results_end_to_end_latency_s_mean": 1.3626581388001795,
    "results_end_to_end_latency_s_min": 1.0608807870012242,
    "results_end_to_end_latency_s_max": 1.7634682019997854,
    "results_end_to_end_latency_s_stddev": 0.26714072967748026,
    "results_request_output_throughput_token_per_s_quantiles_p25": 79.80158725500252,
    "results_request_output_throughput_token_per_s_quantiles_p50": 87.89608388711062,
    "results_request_output_throughput_token_per_s_quantiles_p75": 93.96759146274722,
    "results_request_output_throughput_token_per_s_quantiles_p90": 103.51410824870742,
    "results_request_output_throughput_token_per_s_quantiles_p95": 106.97592870561765,
    "results_request_output_throughput_token_per_s_quantiles_p99": 109.74538507114585,
    "results_request_output_throughput_token_per_s_mean": 87.82355382138401,
    "results_request_output_throughput_token_per_s_min": 70.31598293600254,
    "results_request_output_throughput_token_per_s_max": 110.4377491625279,
    "results_request_output_throughput_token_per_s_stddev": 12.622832988674986,
    "results_number_input_tokens_quantiles_p25": 151.75,
    "results_number_input_tokens_quantiles_p50": 162.5,
    "results_number_input_tokens_quantiles_p75": 169.0,
    "results_number_input_tokens_quantiles_p90": 177.0,
    "results_number_input_tokens_quantiles_p95": 185.99999999999997,
    "results_number_input_tokens_quantiles_p99": 193.2,
    "results_number_input_tokens_mean": 163.0,
    "results_number_input_tokens_min": "143",
    "results_number_input_tokens_max": "195",
    "results_number_input_tokens_stddev": 15.0996688705415,
    "results_number_output_tokens_quantiles_p25": 103.5,
    "results_number_output_tokens_quantiles_p50": 110.0,
    "results_number_output_tokens_quantiles_p75": 122.25,
    "results_number_output_tokens_quantiles_p90": 149.6,
    "results_number_output_tokens_quantiles_p95": 165.79999999999995,
    "results_number_output_tokens_quantiles_p99": 178.76,
    "results_number_output_tokens_mean": 118.9,
    "results_number_output_tokens_min": "90",
    "results_number_output_tokens_max": "182",
    "results_number_output_tokens_stddev": 26.818111624629932,
    "results_num_requests_started": 10,
    "results_error_rate": 0.0,
    "results_number_errors": 0,
    "results_error_code_frequency": "{}",
    "results_mean_output_throughput_token_per_s": 203.2406856206827,
    "results_num_completed_requests": 10,
    "results_num_completed_requests_per_min": 102.56048054870449,
    "timestamp": 1769519652
}