{
    "version": "2023-08-31",
    "name": "gpt-4-1-nano_150_350_summary",
    "model": "gpt-4.1-nano",
    "mean_input_tokens": 150,
    "stddev_input_tokens": 25,
    "mean_output_tokens": 350,
    "stddev_output_tokens": 75,
    "num_concurrent_requests": 10,
    "results_inter_token_latency_s_quantiles_p25": 0.01115090823831257,
    "results_inter_token_latency_s_quantiles_p50": 0.012454989026435142,
    "results_inter_token_latency_s_quantiles_p75": 0.013899917473282328,
    "results_inter_token_latency_s_quantiles_p90": 0.0171786880822171,
    "results_inter_token_latency_s_quantiles_p95": 0.017707635579635176,
    "results_inter_token_latency_s_quantiles_p99": 0.018130793577569637,
    "results_inter_token_latency_s_mean": 0.01314373585667956,
    "results_inter_token_latency_s_min": 0.010302031891706613,
    "results_inter_token_latency_s_max": 0.018236583077053253,
    "results_inter_token_latency_s_stddev": 0.002682675842638861,
    "results_ttft_s_quantiles_p25": 0.3681258260003233,
    "results_ttft_s_quantiles_p50": 0.4173790845015901,
    "results_ttft_s_quantiles_p75": 0.4847415907534014,
    "results_ttft_s_quantiles_p90": 0.5363975687927449,
    "results_ttft_s_quantiles_p95": 0.5844077258945616,
    "results_ttft_s_quantiles_p99": 0.6228158515760152,
    "results_ttft_s_mean": 0.43626893759937957,
    "results_ttft_s_min": 0.33031522198871244,
    "results_ttft_s_max": 0.6324178829963785,
    "results_ttft_s_stddev": 0.09478866213486593,
    "results_end_to_end_latency_s_quantiles_p25": 0.9097488549959962,
    "results_end_to_end_latency_s_quantiles_p50": 1.134107498502999,
    "results_end_to_end_latency_s_quantiles_p75": 1.193164958505804,
    "results_end_to_end_latency_s_quantiles_p90": 1.4637112955999327,
    "results_end_to_end_latency_s_quantiles_p95": 1.4911519968023639,
    "results_end_to_end_latency_s_quantiles_p99": 1.513104557764309,
    "results_end_to_end_latency_s_mean": 1.1046554244021536,
    "results_end_to_end_latency_s_min": 0.7220199650037102,
    "results_end_to_end_latency_s_max": 1.5185926980047952,
    "results_end_to_end_latency_s_stddev": 0.2623603757277754,
    "results_request_output_throughput_token_per_s_quantiles_p25": 80.27765527427121,
    "results_request_output_throughput_token_per_s_quantiles_p50": 87.08773933378671,
    "results_request_output_throughput_token_per_s_quantiles_p75": 101.32109215013799,
    "results_request_output_throughput_token_per_s_quantiles_p90": 115.2726069426473,
    "results_request_output_throughput_token_per_s_quantiles_p95": 115.42710941337107,
    "results_request_output_throughput_token_per_s_quantiles_p99": 115.55071138995008,
    "results_request_output_throughput_token_per_s_mean": 89.45893153865124,
    "results_request_output_throughput_token_per_s_min": 63.322991188367176,
    "results_request_output_throughput_token_per_s_max": 115.58161188409484,
    "results_request_output_throughput_token_per_s_stddev": 18.316815864341972,
    "results_number_input_tokens_quantiles_p25": 140.25,
    "results_number_input_tokens_quantiles_p50": 153.0,
    "results_number_input_tokens_quantiles_p75": 156.25,
    "results_number_input_tokens_quantiles_p90": 158.8,
    "results_number_input_tokens_quantiles_p95": 162.39999999999998,
    "results_number_input_tokens_quantiles_p99": 165.28,
    "results_number_input_tokens_mean": 146.7,
    "results_number_input_tokens_min": "120",
    "results_number_input_tokens_max": "166",
    "results_number_input_tokens_stddev": 14.90749252333649,
    "results_number_output_tokens_quantiles_p25": 74.0,
    "results_number_output_tokens_quantiles_p50": 91.0,
    "results_number_output_tokens_quantiles_p75": 109.75,
    "results_number_output_tokens_quantiles_p90": 153.39999999999998,
    "results_number_output_tokens_quantiles_p95": 164.2,
    "results_number_output_tokens_quantiles_p99": 172.84,
    "results_number_output_tokens_mean": 99.9,
    "results_number_output_tokens_min": "57",
    "results_number_output_tokens_max": "175",
    "results_number_output_tokens_stddev": 37.30192130887273,
    "results_num_requests_started": 10,
    "results_error_rate": 0.0,
    "results_number_errors": 0,
    "results_error_code_frequency": "{}",
    "results_mean_output_throughput_token_per_s": 155.87245801722273,
    "results_num_completed_requests": 10,
    "results_num_completed_requests_per_min": 93.61709190223588,
    "timestamp": 1769511399
}