{
    "version": "2023-08-31",
    "name": "gpt-4-1-nano_5500_350_summary",
    "model": "gpt-4.1-nano",
    "mean_input_tokens": 5500,
    "stddev_input_tokens": 2250,
    "mean_output_tokens": 350,
    "stddev_output_tokens": 75,
    "num_concurrent_requests": 10,
    "results_inter_token_latency_s_quantiles_p25": 0.010398031079643199,
    "results_inter_token_latency_s_quantiles_p50": 0.010777566836903273,
    "results_inter_token_latency_s_quantiles_p75": 0.010965720631584984,
    "results_inter_token_latency_s_quantiles_p90": 0.011166898255593251,
    "results_inter_token_latency_s_quantiles_p95": 0.011780313851520865,
    "results_inter_token_latency_s_quantiles_p99": 0.012271046328262957,
    "results_inter_token_latency_s_mean": 0.010781223607516677,
    "results_inter_token_latency_s_min": 0.009779640933942743,
    "results_inter_token_latency_s_max": 0.01239372944744848,
    "results_inter_token_latency_s_stddev": 0.0006821514257822336,
    "results_ttft_s_quantiles_p25": 0.6603029567486374,
    "results_ttft_s_quantiles_p50": 0.6931429534743074,
    "results_ttft_s_quantiles_p75": 0.733622710526106,
    "results_ttft_s_quantiles_p90": 0.7758354422287084,
    "results_ttft_s_quantiles_p95": 0.7895165951282251,
    "results_ttft_s_quantiles_p99": 0.8004615174478386,
    "results_ttft_s_mean": 0.6963368247030303,
    "results_ttft_s_min": 0.6066196099855006,
    "results_ttft_s_max": 0.8031977480277419,
    "results_ttft_s_stddev": 0.06427584529121115,
    "results_end_to_end_latency_s_quantiles_p25": 3.7017707602499286,
    "results_end_to_end_latency_s_quantiles_p50": 4.038778312009526,
    "results_end_to_end_latency_s_quantiles_p75": 4.592645956246997,
    "results_end_to_end_latency_s_quantiles_p90": 4.8687697844929065,
    "results_end_to_end_latency_s_quantiles_p95": 4.872047294239747,
    "results_end_to_end_latency_s_quantiles_p99": 4.874669302037218,
    "results_end_to_end_latency_s_mean": 4.090596185694449,
    "results_end_to_end_latency_s_min": 3.021769916987978,
    "results_end_to_end_latency_s_max": 4.875324803986587,
    "results_end_to_end_latency_s_stddev": 0.6050618120560823,
    "results_request_output_throughput_token_per_s_quantiles_p25": 109.33905417558279,
    "results_request_output_throughput_token_per_s_quantiles_p50": 112.04830495730494,
    "results_request_output_throughput_token_per_s_quantiles_p75": 115.08249348764754,
    "results_request_output_throughput_token_per_s_quantiles_p90": 116.20813896530713,
    "results_request_output_throughput_token_per_s_quantiles_p95": 119.8634154872801,
    "results_request_output_throughput_token_per_s_quantiles_p99": 122.78763670485849,
    "results_request_output_throughput_token_per_s_mean": 111.86422864648732,
    "results_request_output_throughput_token_per_s_min": 99.61049592419963,
    "results_request_output_throughput_token_per_s_max": 123.51869200925307,
    "results_request_output_throughput_token_per_s_stddev": 6.229114142630747,
    "results_number_input_tokens_quantiles_p25": 2813.0,
    "results_number_input_tokens_quantiles_p50": 4875.0,
    "results_number_input_tokens_quantiles_p75": 7401.75,
    "results_number_input_tokens_quantiles_p90": 9768.1,
    "results_number_input_tokens_quantiles_p95": 10056.55,
    "results_number_input_tokens_quantiles_p99": 10287.31,
    "results_number_input_tokens_mean": 5307.1,
    "results_number_input_tokens_min": "1421",
    "results_number_input_tokens_max": "10345",
    "results_number_input_tokens_stddev": 3189.985874228564,
    "results_number_output_tokens_quantiles_p25": 422.25,
    "results_number_output_tokens_quantiles_p50": 462.0,
    "results_number_output_tokens_quantiles_p75": 521.75,
    "results_number_output_tokens_quantiles_p90": 528.4,
    "results_number_output_tokens_quantiles_p95": 530.2,
    "results_number_output_tokens_quantiles_p99": 531.64,
    "results_number_output_tokens_mean": 458.4,
    "results_number_output_tokens_min": "301",
    "results_number_output_tokens_max": "532",
    "results_number_output_tokens_stddev": 74.30746934191745,
    "results_num_requests_started": 10,
    "results_error_rate": 0.0,
    "results_number_errors": 0,
    "results_error_code_frequency": "{}",
    "results_mean_output_throughput_token_per_s": 219.93354337096446,
    "results_num_completed_requests": 10,
    "results_num_completed_requests_per_min": 28.787113006670737,
    "timestamp": 1769092289
}