{
    "version": "2023-08-31",
    "name": "gpt-4-1-nano_150_350_summary",
    "model": "gpt-4.1-nano",
    "mean_input_tokens": 150,
    "stddev_input_tokens": 25,
    "mean_output_tokens": 350,
    "stddev_output_tokens": 75,
    "num_concurrent_requests": 1,
    "results_inter_token_latency_s_quantiles_p25": 0.013102109344276868,
    "results_inter_token_latency_s_quantiles_p50": 0.014383440704660886,
    "results_inter_token_latency_s_quantiles_p75": 0.017365075141275266,
    "results_inter_token_latency_s_quantiles_p90": 0.018677295744328675,
    "results_inter_token_latency_s_quantiles_p95": 0.020003325913391212,
    "results_inter_token_latency_s_quantiles_p99": 0.021064150048641244,
    "results_inter_token_latency_s_mean": 0.015127577913751545,
    "results_inter_token_latency_s_min": 0.010445974113909922,
    "results_inter_token_latency_s_max": 0.021329356082453753,
    "results_inter_token_latency_s_stddev": 0.0033053918922439736,
    "results_ttft_s_quantiles_p25": 0.47546236675043474,
    "results_ttft_s_quantiles_p50": 0.5248397934992681,
    "results_ttft_s_quantiles_p75": 0.6003581935037801,
    "results_ttft_s_quantiles_p90": 0.6838931554011651,
    "results_ttft_s_quantiles_p95": 0.7359750771975085,
    "results_ttft_s_quantiles_p99": 0.7776406146345834,
    "results_ttft_s_mean": 0.5448198152007535,
    "results_ttft_s_min": 0.38074794599378947,
    "results_ttft_s_max": 0.7880569989938522,
    "results_ttft_s_stddev": 0.12451490546222028,
    "results_end_to_end_latency_s_quantiles_p25": 1.1956985969954985,
    "results_end_to_end_latency_s_quantiles_p50": 1.42796037250082,
    "results_end_to_end_latency_s_quantiles_p75": 1.7209960214931925,
    "results_end_to_end_latency_s_quantiles_p90": 2.123049561107473,
    "results_end_to_end_latency_s_quantiles_p95": 2.3514827645551115,
    "results_end_to_end_latency_s_quantiles_p99": 2.5342293273132235,
    "results_end_to_end_latency_s_mean": 1.5299782710004366,
    "results_end_to_end_latency_s_min": 0.9998146720026853,
    "results_end_to_end_latency_s_max": 2.5799159680027515,
    "results_end_to_end_latency_s_stddev": 0.49597160827582,
    "results_request_output_throughput_token_per_s_quantiles_p25": 67.6516763698548,
    "results_request_output_throughput_token_per_s_quantiles_p50": 79.1648073200233,
    "results_request_output_throughput_token_per_s_quantiles_p75": 87.08767803262094,
    "results_request_output_throughput_token_per_s_quantiles_p90": 97.45558964853335,
    "results_request_output_throughput_token_per_s_quantiles_p95": 107.06302816774256,
    "results_request_output_throughput_token_per_s_quantiles_p99": 114.74897898310995,
    "results_request_output_throughput_token_per_s_mean": 79.61683761672762,
    "results_request_output_throughput_token_per_s_min": 54.12798554196526,
    "results_request_output_throughput_token_per_s_max": 116.6704666869518,
    "results_request_output_throughput_token_per_s_stddev": 18.096207588467678,
    "results_number_input_tokens_quantiles_p25": 134.0,
    "results_number_input_tokens_quantiles_p50": 156.0,
    "results_number_input_tokens_quantiles_p75": 164.0,
    "results_number_input_tokens_quantiles_p90": 177.79999999999998,
    "results_number_input_tokens_quantiles_p95": 203.89999999999995,
    "results_number_input_tokens_quantiles_p99": 224.78,
    "results_number_input_tokens_mean": 153.8,
    "results_number_input_tokens_min": "105",
    "results_number_input_tokens_max": "230",
    "results_number_input_tokens_stddev": 34.22409807268687,
    "results_number_output_tokens_quantiles_p25": 88.5,
    "results_number_output_tokens_quantiles_p50": 105.5,
    "results_number_output_tokens_quantiles_p75": 143.5,
    "results_number_output_tokens_quantiles_p90": 183.09999999999997,
    "results_number_output_tokens_quantiles_p95": 242.04999999999987,
    "results_number_output_tokens_quantiles_p99": 289.21000000000004,
    "results_number_output_tokens_mean": 126.9,
    "results_number_output_tokens_min": "57",
    "results_number_output_tokens_max": "301",
    "results_number_output_tokens_stddev": 69.7478792987046,
    "results_num_requests_started": 10,
    "results_error_rate": 0.0,
    "results_number_errors": 0,
    "results_error_code_frequency": "{}",
    "results_mean_output_throughput_token_per_s": 75.58651379949333,
    "results_num_completed_requests": 10,
    "results_num_completed_requests_per_min": 35.73830439692356,
    "timestamp": 1769518533
}