Concurrent_Users,P25,P50,P75
1,0.010072573724652364,0.011932682463059023,0.013238004053761476
10,0.01010725222698208,0.01112929157234819,0.012148299253989019
20,0.013389418747250843,0.01463883919020062,0.01585654113253004
30,0.012771285508799282,0.015166754219008979,0.017617697620627714
40,0.013369227547715948,0.015256686724320657,0.0190049406901728
50,0.014348651325263303,0.016574224544256562,0.01810530714495936
