Concurrent_Users,P25,P50,P75
1,89.68286558805359,97.49891029466457,113.4787382218942
10,95.87540300043263,102.56632043126038,114.42040204095014
20,71.60448206283135,75.17058822048003,84.00265136832004
30,66.22054135157087,74.86910500126191,90.20388221591332
40,60.72275231337178,69.7630142388666,89.18704957703379
50,61.61894334140637,67.94567556712495,80.89482012430526
