Concurrent_Users,P25,P50,P75
1,0.40943338024953846,0.4775566480020643,0.5342874312518688
10,0.3703638717561262,0.4752417030031211,0.5692349925084272
20,0.3873735357519763,0.4536352950017317,0.4716940242542478
30,0.3931191100018623,0.45407995749701513,0.5230295295041287
40,0.4744810465017508,0.5075197870028205,0.5409673357462452
50,0.5606107892526779,0.7987015359976795,0.9576479380048113
