{
    "version": "2023-08-31",
    "name": "gpt-4-1-nano_550_150_summary",
    "model": "gpt-4.1-nano",
    "mean_input_tokens": 550,
    "stddev_input_tokens": 150,
    "mean_output_tokens": 150,
    "stddev_output_tokens": 10,
    "num_concurrent_requests": 1,
    "results_inter_token_latency_s_quantiles_p25": 0.013268632757967955,
    "results_inter_token_latency_s_quantiles_p50": 0.014961231476247363,
    "results_inter_token_latency_s_quantiles_p75": 0.017105115164752164,
    "results_inter_token_latency_s_quantiles_p90": 0.01816927026718085,
    "results_inter_token_latency_s_quantiles_p95": 0.018453508979289716,
    "results_inter_token_latency_s_quantiles_p99": 0.01868089994897681,
    "results_inter_token_latency_s_mean": 0.015180229832357697,
    "results_inter_token_latency_s_min": 0.0115826163933944,
    "results_inter_token_latency_s_max": 0.018737747691398583,
    "results_inter_token_latency_s_stddev": 0.002458908431298975,
    "results_ttft_s_quantiles_p25": 0.6486241279853857,
    "results_ttft_s_quantiles_p50": 0.6660815749928588,
    "results_ttft_s_quantiles_p75": 0.7013960607582703,
    "results_ttft_s_quantiles_p90": 0.8963296682835787,
    "results_ttft_s_quantiles_p95": 1.0855703431399883,
    "results_ttft_s_quantiles_p99": 1.2369628830251167,
    "results_ttft_s_mean": 0.7327401073940564,
    "results_ttft_s_min": 0.5640448489866685,
    "results_ttft_s_max": 1.2748110179963987,
    "results_ttft_s_stddev": 0.2052068678163679,
    "results_end_to_end_latency_s_quantiles_p25": 1.9101434599942877,
    "results_end_to_end_latency_s_quantiles_p50": 2.0447643189982045,
    "results_end_to_end_latency_s_quantiles_p75": 2.384348967243568,
    "results_end_to_end_latency_s_quantiles_p90": 2.788852819285239,
    "results_end_to_end_latency_s_quantiles_p95": 2.7888608036373626,
    "results_end_to_end_latency_s_quantiles_p99": 2.7888671911190612,
    "results_end_to_end_latency_s_mean": 2.146865654597059,
    "results_end_to_end_latency_s_min": 1.4732008799910545,
    "results_end_to_end_latency_s_max": 2.788868787989486,
    "results_end_to_end_latency_s_stddev": 0.41998335017043836,
    "results_request_output_throughput_token_per_s_quantiles_p25": 70.37312057245386,
    "results_request_output_throughput_token_per_s_quantiles_p50": 76.76272752890614,
    "results_request_output_throughput_token_per_s_quantiles_p75": 88.17184415207721,
    "results_request_output_throughput_token_per_s_quantiles_p90": 90.78281540492952,
    "results_request_output_throughput_token_per_s_quantiles_p95": 91.41511089912883,
    "results_request_output_throughput_token_per_s_quantiles_p99": 91.9209472944883,
    "results_request_output_throughput_token_per_s_mean": 77.67966557628714,
    "results_request_output_throughput_token_per_s_min": 60.23947800036599,
    "results_request_output_throughput_token_per_s_max": 92.04740639332816,
    "results_request_output_throughput_token_per_s_stddev": 11.084222529327635,
    "results_number_input_tokens_quantiles_p25": 514.5,
    "results_number_input_tokens_quantiles_p50": 549.0,
    "results_number_input_tokens_quantiles_p75": 577.75,
    "results_number_input_tokens_quantiles_p90": 637.5999999999999,
    "results_number_input_tokens_quantiles_p95": 802.2999999999996,
    "results_number_input_tokens_quantiles_p99": 934.0600000000001,
    "results_number_input_tokens_mean": 581.0,
    "results_number_input_tokens_min": "472",
    "results_number_input_tokens_max": "967",
    "results_number_input_tokens_stddev": 141.8230509394639,
    "results_number_output_tokens_quantiles_p25": 168.0,
    "results_number_output_tokens_quantiles_p50": 170.0,
    "results_number_output_tokens_quantiles_p75": 174.25,
    "results_number_output_tokens_quantiles_p90": 186.1,
    "results_number_output_tokens_quantiles_p95": 195.54999999999998,
    "results_number_output_tokens_quantiles_p99": 203.11,
    "results_number_output_tokens_mean": 165.1,
    "results_number_output_tokens_min": "97",
    "results_number_output_tokens_max": "205",
    "results_number_output_tokens_stddev": 28.540225024418508,
    "results_num_requests_started": 10,
    "results_error_rate": 0.0,
    "results_number_errors": 0,
    "results_error_code_frequency": "{}",
    "results_mean_output_throughput_token_per_s": 72.12489131884479,
    "results_num_completed_requests": 10,
    "results_num_completed_requests_per_min": 26.211347541675877,
    "timestamp": 1768899416
}