{
    "version": "2023-08-31",
    "name": "gpt-4-1-nano_150_5500_summary",
    "model": "gpt-4.1-nano",
    "mean_input_tokens": 150,
    "stddev_input_tokens": 25,
    "mean_output_tokens": 5500,
    "stddev_output_tokens": 2250,
    "num_concurrent_requests": 10,
    "results_inter_token_latency_s_quantiles_p25": 0.009841145802228266,
    "results_inter_token_latency_s_quantiles_p50": 0.011111862220815805,
    "results_inter_token_latency_s_quantiles_p75": 0.014933790730300218,
    "results_inter_token_latency_s_quantiles_p90": 0.024578915867920638,
    "results_inter_token_latency_s_quantiles_p95": 0.02553787826622183,
    "results_inter_token_latency_s_quantiles_p99": 0.026305048184862782,
    "results_inter_token_latency_s_mean": 0.014016817296271042,
    "results_inter_token_latency_s_min": 0.009443147411551691,
    "results_inter_token_latency_s_max": 0.02649684066452302,
    "results_inter_token_latency_s_stddev": 0.006328437173728888,
    "results_ttft_s_quantiles_p25": 0.669990789538133,
    "results_ttft_s_quantiles_p50": 0.7167197639937513,
    "results_ttft_s_quantiles_p75": 0.8221137192304013,
    "results_ttft_s_quantiles_p90": 1.2056977180182002,
    "results_ttft_s_quantiles_p95": 1.208146298507927,
    "results_ttft_s_quantiles_p99": 1.2101051628997084,
    "results_ttft_s_mean": 0.8084665390080772,
    "results_ttft_s_min": 0.61899807699956,
    "results_ttft_s_max": 1.2105948789976537,
    "results_ttft_s_stddev": 0.2200699625024867,
    "results_end_to_end_latency_s_quantiles_p25": 1.203928304996225,
    "results_end_to_end_latency_s_quantiles_p50": 1.3506484655372333,
    "results_end_to_end_latency_s_quantiles_p75": 1.6463798207842046,
    "results_end_to_end_latency_s_quantiles_p90": 1.7440784512844403,
    "results_end_to_end_latency_s_quantiles_p95": 1.8046416801429586,
    "results_end_to_end_latency_s_quantiles_p99": 1.8530922632297735,
    "results_end_to_end_latency_s_mean": 1.3931204486172646,
    "results_end_to_end_latency_s_min": 0.9757413560291752,
    "results_end_to_end_latency_s_max": 1.865204909001477,
    "results_end_to_end_latency_s_stddev": 0.30299837699092086,
    "results_request_output_throughput_token_per_s_quantiles_p25": 83.44417195633943,
    "results_request_output_throughput_token_per_s_quantiles_p50": 106.61065460292488,
    "results_request_output_throughput_token_per_s_quantiles_p75": 119.88889515652804,
    "results_request_output_throughput_token_per_s_quantiles_p90": 122.02332412840437,
    "results_request_output_throughput_token_per_s_quantiles_p95": 124.04066008707692,
    "results_request_output_throughput_token_per_s_quantiles_p99": 125.65452885401497,
    "results_request_output_throughput_token_per_s_mean": 96.5282131936575,
    "results_request_output_throughput_token_per_s_min": 46.107534665475136,
    "results_request_output_throughput_token_per_s_max": 126.05799604574948,
    "results_request_output_throughput_token_per_s_stddev": 29.55085485246221,
    "results_number_input_tokens_quantiles_p25": 123.5,
    "results_number_input_tokens_quantiles_p50": 151.0,
    "results_number_input_tokens_quantiles_p75": 169.5,
    "results_number_input_tokens_quantiles_p90": 173.0,
    "results_number_input_tokens_quantiles_p95": 173.0,
    "results_number_input_tokens_quantiles_p99": 173.0,
    "results_number_input_tokens_mean": 146.7,
    "results_number_input_tokens_min": "112",
    "results_number_input_tokens_max": "173",
    "results_number_input_tokens_stddev": 24.097256644227738,
    "results_number_output_tokens_quantiles_p25": 102.75,
    "results_number_output_tokens_quantiles_p50": 123.0,
    "results_number_output_tokens_quantiles_p75": 145.0,
    "results_number_output_tokens_quantiles_p90": 196.5,
    "results_number_output_tokens_quantiles_p95": 203.24999999999997,
    "results_number_output_tokens_quantiles_p99": 208.65,
    "results_number_output_tokens_mean": 130.9,
    "results_number_output_tokens_min": "73",
    "results_number_output_tokens_max": "210",
    "results_number_output_tokens_stddev": 44.172515336022144,
    "results_num_requests_started": 10,
    "results_error_rate": 0.0,
    "results_number_errors": 0,
    "results_error_code_frequency": "{}",
    "results_mean_output_throughput_token_per_s": 159.4796653528406,
    "results_num_completed_requests": 10,
    "results_num_completed_requests_per_min": 73.09992300359386,
    "timestamp": 1769065492
}