Concurrent_Users,P25,P50,P75
1,2.7078368440270424,2.7637554024986457,3.0460764037416084
10,2.5464871832809877,3.0568915064795874,3.4825491602387046
20,3.7869987792655593,4.075114364997717,4.361715153732803
30,3.1659672212408623,3.3346234074851964,4.094688452008995
40,3.509981874245568,4.689261998020811,4.986383821757045
50,4.140073058762937,4.498464411008172,5.2912253852555295
