Concurrent_Users,P25,P50,P75
1,0.00801252663748718,0.008514864268614595,0.009618442350088999
10,0.009214721849470423,0.009836653113770959,0.01036196804727196
20,0.010440394561657018,0.010993472174230527,0.011898557559864409
30,0.009645893305255396,0.01034691818781722,0.010721566299482788
40,0.010545843425358704,0.012234535405516996,0.012634481172455964
50,0.011146037731722408,0.012504852286077537,0.014254529067637543
