Concurrent_Users,P25,P50,P75
1,124.7777329364944,141.06439085392057,149.04165767241017
10,117.3433621166299,120.03144778405483,132.60484890907728
20,93.33721545701155,108.35104913926182,113.6498715314195
30,112.47919314217023,116.05141176949886,124.11290896080433
40,95.16557170033201,99.16691840457422,113.93809517295932
50,84.40129681047333,99.20845974896311,106.22813314771372
