{
    "version": "2023-08-31",
    "name": "gpt-4-1-nano_5500_350_summary",
    "model": "gpt-4.1-nano",
    "mean_input_tokens": 5500,
    "stddev_input_tokens": 2250,
    "mean_output_tokens": 350,
    "stddev_output_tokens": 75,
    "num_concurrent_requests": 40,
    "results_inter_token_latency_s_quantiles_p25": 0.012932434751690505,
    "results_inter_token_latency_s_quantiles_p50": 0.013273537362804304,
    "results_inter_token_latency_s_quantiles_p75": 0.014262382684590447,
    "results_inter_token_latency_s_quantiles_p90": 0.01688710230933017,
    "results_inter_token_latency_s_quantiles_p95": 0.01746045023246029,
    "results_inter_token_latency_s_quantiles_p99": 0.017919128570964386,
    "results_inter_token_latency_s_mean": 0.01392554206026711,
    "results_inter_token_latency_s_min": 0.011824890518823012,
    "results_inter_token_latency_s_max": 0.01803379815559041,
    "results_inter_token_latency_s_stddev": 0.0019934093130131165,
    "results_ttft_s_quantiles_p25": 1.0291054122353671,
    "results_ttft_s_quantiles_p50": 1.1325202489970252,
    "results_ttft_s_quantiles_p75": 1.5844032435270492,
    "results_ttft_s_quantiles_p90": 2.097590243205195,
    "results_ttft_s_quantiles_p95": 2.4184192201035324,
    "results_ttft_s_quantiles_p99": 2.6750824016222032,
    "results_ttft_s_mean": 1.3948506287008058,
    "results_ttft_s_min": 0.8442763980128802,
    "results_ttft_s_max": 2.7392481970018707,
    "results_ttft_s_stddev": 0.5939731821300833,
    "results_end_to_end_latency_s_quantiles_p25": 4.583897239266662,
    "results_end_to_end_latency_s_quantiles_p50": 4.8373624944943,
    "results_end_to_end_latency_s_quantiles_p75": 5.481201244518161,
    "results_end_to_end_latency_s_quantiles_p90": 5.6705741106998175,
    "results_end_to_end_latency_s_quantiles_p95": 5.757730554847512,
    "results_end_to_end_latency_s_quantiles_p99": 5.827455710165668,
    "results_end_to_end_latency_s_mean": 4.712324876803905,
    "results_end_to_end_latency_s_min": 2.670177284977399,
    "results_end_to_end_latency_s_max": 5.844886998995207,
    "results_end_to_end_latency_s_stddev": 1.0058689483093861,
    "results_request_output_throughput_token_per_s_quantiles_p25": 84.58142696969672,
    "results_request_output_throughput_token_per_s_quantiles_p50": 89.60651901042482,
    "results_request_output_throughput_token_per_s_quantiles_p75": 94.64593059378501,
    "results_request_output_throughput_token_per_s_quantiles_p90": 100.17825927690518,
    "results_request_output_throughput_token_per_s_quantiles_p95": 100.43974177364684,
    "results_request_output_throughput_token_per_s_quantiles_p99": 100.64892777104018,
    "results_request_output_throughput_token_per_s_mean": 88.27116661519452,
    "results_request_output_throughput_token_per_s_min": 67.92261340009621,
    "results_request_output_throughput_token_per_s_max": 100.70122427038851,
    "results_request_output_throughput_token_per_s_stddev": 10.667467941224004,
    "results_number_input_tokens_quantiles_p25": 4365.0,
    "results_number_input_tokens_quantiles_p50": 5333.5,
    "results_number_input_tokens_quantiles_p75": 5722.0,
    "results_number_input_tokens_quantiles_p90": 6764.0,
    "results_number_input_tokens_quantiles_p95": 6962.0,
    "results_number_input_tokens_quantiles_p99": 7120.4,
    "results_number_input_tokens_mean": 5247.1,
    "results_number_input_tokens_min": "3336",
    "results_number_input_tokens_max": "7160",
    "results_number_input_tokens_stddev": 1193.3928709542572,
    "results_number_output_tokens_quantiles_p25": 402.5,
    "results_number_output_tokens_quantiles_p50": 430.5,
    "results_number_output_tokens_quantiles_p75": 479.5,
    "results_number_output_tokens_quantiles_p90": 501.9,
    "results_number_output_tokens_quantiles_p95": 505.95,
    "results_number_output_tokens_quantiles_p99": 509.19,
    "results_number_output_tokens_mean": 414.4,
    "results_number_output_tokens_min": "250",
    "results_number_output_tokens_max": "510",
    "results_number_output_tokens_stddev": 93.55354972777178,
    "results_num_requests_started": 10,
    "results_error_rate": 0.0,
    "results_number_errors": 0,
    "results_error_code_frequency": "{}",
    "results_mean_output_throughput_token_per_s": 109.31349270977798,
    "results_num_completed_requests": 10,
    "results_num_completed_requests_per_min": 15.827243152960133,
    "timestamp": 1769092445
}