{
    "version": "2023-08-31",
    "name": "gpt-4-1-nano_5500_350_summary",
    "model": "gpt-4.1-nano",
    "mean_input_tokens": 5500,
    "stddev_input_tokens": 2250,
    "mean_output_tokens": 350,
    "stddev_output_tokens": 75,
    "num_concurrent_requests": 30,
    "results_inter_token_latency_s_quantiles_p25": 0.011640408027775141,
    "results_inter_token_latency_s_quantiles_p50": 0.013975157715224742,
    "results_inter_token_latency_s_quantiles_p75": 0.01573957485186066,
    "results_inter_token_latency_s_quantiles_p90": 0.021329126127769764,
    "results_inter_token_latency_s_quantiles_p95": 0.02349317839245643,
    "results_inter_token_latency_s_quantiles_p99": 0.025224420204205768,
    "results_inter_token_latency_s_mean": 0.01507270964718746,
    "results_inter_token_latency_s_min": 0.010347394695876642,
    "results_inter_token_latency_s_max": 0.0256572306571431,
    "results_inter_token_latency_s_stddev": 0.004833494930132721,
    "results_ttft_s_quantiles_p25": 1.3277997044933727,
    "results_ttft_s_quantiles_p50": 1.3676909804999013,
    "results_ttft_s_quantiles_p75": 1.5556978699933097,
    "results_ttft_s_quantiles_p90": 1.825288002398156,
    "results_ttft_s_quantiles_p95": 1.9499663136979504,
    "results_ttft_s_quantiles_p99": 2.0497089627377862,
    "results_ttft_s_mean": 1.4675866261983175,
    "results_ttft_s_min": 1.0428633090050425,
    "results_ttft_s_max": 2.0746446249977453,
    "results_ttft_s_stddev": 0.28975297575689707,
    "results_end_to_end_latency_s_quantiles_p25": 3.425562801752676,
    "results_end_to_end_latency_s_quantiles_p50": 3.47380790799798,
    "results_end_to_end_latency_s_quantiles_p75": 3.770280266249756,
    "results_end_to_end_latency_s_quantiles_p90": 3.886581178902998,
    "results_end_to_end_latency_s_quantiles_p95": 3.8883671204544954,
    "results_end_to_end_latency_s_quantiles_p99": 3.8897958736956935,
    "results_end_to_end_latency_s_mean": 3.5494140423994396,
    "results_end_to_end_latency_s_min": 3.1805033489945345,
    "results_end_to_end_latency_s_max": 3.890153062005993,
    "results_end_to_end_latency_s_stddev": 0.24612290695711242,
    "results_request_output_throughput_token_per_s_quantiles_p25": 76.65367450354971,
    "results_request_output_throughput_token_per_s_quantiles_p50": 88.7353825072222,
    "results_request_output_throughput_token_per_s_quantiles_p75": 104.55552245145397,
    "results_request_output_throughput_token_per_s_quantiles_p90": 111.36602466628501,
    "results_request_output_throughput_token_per_s_quantiles_p95": 113.99795891348468,
    "results_request_output_throughput_token_per_s_quantiles_p99": 116.10350631124442,
    "results_request_output_throughput_token_per_s_mean": 86.97235437648433,
    "results_request_output_throughput_token_per_s_min": 50.899136474359736,
    "results_request_output_throughput_token_per_s_max": 116.62989316068435,
    "results_request_output_throughput_token_per_s_stddev": 22.10269127988446,
    "results_number_input_tokens_quantiles_p25": 3706.25,
    "results_number_input_tokens_quantiles_p50": 4755.0,
    "results_number_input_tokens_quantiles_p75": 5523.75,
    "results_number_input_tokens_quantiles_p90": 9930.0,
    "results_number_input_tokens_quantiles_p95": 9930.0,
    "results_number_input_tokens_quantiles_p99": 9930.0,
    "results_number_input_tokens_mean": 5491.4,
    "results_number_input_tokens_min": "3417",
    "results_number_input_tokens_max": "9930",
    "results_number_input_tokens_stddev": 2460.5455221691527,
    "results_number_output_tokens_quantiles_p25": 273.5,
    "results_number_output_tokens_quantiles_p50": 315.0,
    "results_number_output_tokens_quantiles_p75": 377.5,
    "results_number_output_tokens_quantiles_p90": 386.2,
    "results_number_output_tokens_quantiles_p95": 387.1,
    "results_number_output_tokens_quantiles_p99": 387.82,
    "results_number_output_tokens_mean": 308.3,
    "results_number_output_tokens_min": "175",
    "results_number_output_tokens_max": "388",
    "results_number_output_tokens_stddev": 77.37362456146008,
    "results_num_requests_started": 10,
    "results_error_rate": 0.0,
    "results_number_errors": 0,
    "results_error_code_frequency": "{}",
    "results_mean_output_throughput_token_per_s": 218.6213164830485,
    "results_num_completed_requests": 10,
    "results_num_completed_requests_per_min": 42.547126140067824,
    "timestamp": 1769519427
}