{
    "version": "2023-08-31",
    "name": "gpt-4-1-nano_5500_350_summary",
    "model": "gpt-4.1-nano",
    "mean_input_tokens": 5500,
    "stddev_input_tokens": 2250,
    "mean_output_tokens": 350,
    "stddev_output_tokens": 75,
    "num_concurrent_requests": 40,
    "results_inter_token_latency_s_quantiles_p25": 0.011289972315080015,
    "results_inter_token_latency_s_quantiles_p50": 0.012994642580312032,
    "results_inter_token_latency_s_quantiles_p75": 0.014183939233083651,
    "results_inter_token_latency_s_quantiles_p90": 0.018339777767406907,
    "results_inter_token_latency_s_quantiles_p95": 0.0194062596089266,
    "results_inter_token_latency_s_quantiles_p99": 0.020259445082142356,
    "results_inter_token_latency_s_mean": 0.013592534504800668,
    "results_inter_token_latency_s_min": 0.00985601969687644,
    "results_inter_token_latency_s_max": 0.020472741450446294,
    "results_inter_token_latency_s_stddev": 0.003395726188906884,
    "results_ttft_s_quantiles_p25": 2.1733453697379446,
    "results_ttft_s_quantiles_p50": 2.4496016225020867,
    "results_ttft_s_quantiles_p75": 3.145226668988471,
    "results_ttft_s_quantiles_p90": 3.617221060302108,
    "results_ttft_s_quantiles_p95": 4.024669264140538,
    "results_ttft_s_quantiles_p99": 4.350627827211284,
    "results_ttft_s_mean": 2.6755822569946757,
    "results_ttft_s_min": 1.5117115890025161,
    "results_ttft_s_max": 4.432117467978969,
    "results_ttft_s_stddev": 0.8676332429008823,
    "results_end_to_end_latency_s_quantiles_p25": 4.076332912227372,
    "results_end_to_end_latency_s_quantiles_p50": 4.335904223989928,
    "results_end_to_end_latency_s_quantiles_p75": 5.7459581665025325,
    "results_end_to_end_latency_s_quantiles_p90": 6.253456668666331,
    "results_end_to_end_latency_s_quantiles_p95": 6.82280340832949,
    "results_end_to_end_latency_s_quantiles_p99": 7.27828080006002,
    "results_end_to_end_latency_s_mean": 4.881214095087489,
    "results_end_to_end_latency_s_min": 3.7222890239791013,
    "results_end_to_end_latency_s_max": 7.392150147992652,
    "results_end_to_end_latency_s_stddev": 1.2241181216815908,
    "results_request_output_throughput_token_per_s_quantiles_p25": 83.87715446044047,
    "results_request_output_throughput_token_per_s_quantiles_p50": 92.01232185362105,
    "results_request_output_throughput_token_per_s_quantiles_p75": 106.5649770822804,
    "results_request_output_throughput_token_per_s_quantiles_p90": 122.43023354163829,
    "results_request_output_throughput_token_per_s_quantiles_p95": 123.30152948283975,
    "results_request_output_throughput_token_per_s_quantiles_p99": 123.99856623580094,
    "results_request_output_throughput_token_per_s_mean": 92.36494906266822,
    "results_request_output_throughput_token_per_s_min": 55.44234308403496,
    "results_request_output_throughput_token_per_s_max": 124.17282542404124,
    "results_request_output_throughput_token_per_s_stddev": 22.425091327107136,
    "results_number_input_tokens_quantiles_p25": 5601.0,
    "results_number_input_tokens_quantiles_p50": 7191.5,
    "results_number_input_tokens_quantiles_p75": 7538.75,
    "results_number_input_tokens_quantiles_p90": 7654.099999999999,
    "results_number_input_tokens_quantiles_p95": 8136.049999999999,
    "results_number_input_tokens_quantiles_p99": 8521.61,
    "results_number_input_tokens_mean": 6146.9,
    "results_number_input_tokens_min": "1585",
    "results_number_input_tokens_max": "8618",
    "results_number_input_tokens_stddev": 2442.509613309866,
    "results_number_output_tokens_quantiles_p25": 388.5,
    "results_number_output_tokens_quantiles_p50": 453.5,
    "results_number_output_tokens_quantiles_p75": 500.25,
    "results_number_output_tokens_quantiles_p90": 519.9,
    "results_number_output_tokens_quantiles_p95": 532.9499999999999,
    "results_number_output_tokens_quantiles_p99": 543.39,
    "results_number_output_tokens_mean": 437.6,
    "results_number_output_tokens_min": "237",
    "results_number_output_tokens_max": "546",
    "results_number_output_tokens_stddev": 91.55350591017498,
    "results_num_requests_started": 10,
    "results_error_rate": 0.0,
    "results_number_errors": 0,
    "results_error_code_frequency": "{}",
    "results_mean_output_throughput_token_per_s": 183.66125080375562,
    "results_num_completed_requests": 10,
    "results_num_completed_requests_per_min": 25.182072779308356,
    "timestamp": 1768990321
}