{
    "version": "2023-08-31",
    "name": "gpt-4-1-nano_5500_350_summary",
    "model": "gpt-4.1-nano",
    "mean_input_tokens": 5500,
    "stddev_input_tokens": 2250,
    "mean_output_tokens": 350,
    "stddev_output_tokens": 75,
    "num_concurrent_requests": 20,
    "results_inter_token_latency_s_quantiles_p25": 0.008203271034692601,
    "results_inter_token_latency_s_quantiles_p50": 0.008555614948120786,
    "results_inter_token_latency_s_quantiles_p75": 0.008993486710341992,
    "results_inter_token_latency_s_quantiles_p90": 0.009620382532436347,
    "results_inter_token_latency_s_quantiles_p95": 0.009688469662818177,
    "results_inter_token_latency_s_quantiles_p99": 0.00974293936712364,
    "results_inter_token_latency_s_mean": 0.00860725272968897,
    "results_inter_token_latency_s_min": 0.007532739056615675,
    "results_inter_token_latency_s_max": 0.009756556793200005,
    "results_inter_token_latency_s_stddev": 0.0007271641645138933,
    "results_ttft_s_quantiles_p25": 0.44556896799986134,
    "results_ttft_s_quantiles_p50": 0.5207376450052834,
    "results_ttft_s_quantiles_p75": 0.6217025399964768,
    "results_ttft_s_quantiles_p90": 0.7706572975032031,
    "results_ttft_s_quantiles_p95": 0.819244240754051,
    "results_ttft_s_quantiles_p99": 0.8581137953547295,
    "results_ttft_s_mean": 0.5650567042001058,
    "results_ttft_s_min": 0.40928777400404215,
    "results_ttft_s_max": 0.8678311840048991,
    "results_ttft_s_stddev": 0.15318216005076027,
    "results_end_to_end_latency_s_quantiles_p25": 2.8040991982488777,
    "results_end_to_end_latency_s_quantiles_p50": 2.9057548094933736,
    "results_end_to_end_latency_s_quantiles_p75": 3.0580923962552333,
    "results_end_to_end_latency_s_quantiles_p90": 3.192648998791992,
    "results_end_to_end_latency_s_quantiles_p95": 3.3074025798901854,
    "results_end_to_end_latency_s_quantiles_p99": 3.3992054447687408,
    "results_end_to_end_latency_s_mean": 2.964972862297145,
    "results_end_to_end_latency_s_min": 2.776198013991234,
    "results_end_to_end_latency_s_max": 3.4221561609883793,
    "results_end_to_end_latency_s_stddev": 0.20841932663919358,
    "results_request_output_throughput_token_per_s_quantiles_p25": 132.15306690852051,
    "results_request_output_throughput_token_per_s_quantiles_p50": 140.67352064691124,
    "results_request_output_throughput_token_per_s_quantiles_p75": 146.03851423109685,
    "results_request_output_throughput_token_per_s_quantiles_p90": 155.47309981221784,
    "results_request_output_throughput_token_per_s_quantiles_p95": 157.47129145720407,
    "results_request_output_throughput_token_per_s_quantiles_p99": 159.06984477319307,
    "results_request_output_throughput_token_per_s_mean": 139.71199838383168,
    "results_request_output_throughput_token_per_s_min": 119.38762747020473,
    "results_request_output_throughput_token_per_s_max": 159.4694831021903,
    "results_request_output_throughput_token_per_s_stddev": 12.81463062528516,
    "results_number_input_tokens_quantiles_p25": 6698.0,
    "results_number_input_tokens_quantiles_p50": 7297.5,
    "results_number_input_tokens_quantiles_p75": 10269.0,
    "results_number_input_tokens_quantiles_p90": 12207.0,
    "results_number_input_tokens_quantiles_p95": 12207.0,
    "results_number_input_tokens_quantiles_p99": 12207.0,
    "results_number_input_tokens_mean": 8546.3,
    "results_number_input_tokens_min": "5654",
    "results_number_input_tokens_max": "12207",
    "results_number_input_tokens_stddev": 2453.5134920263954,
    "results_number_output_tokens_quantiles_p25": 381.75,
    "results_number_output_tokens_quantiles_p50": 410.5,
    "results_number_output_tokens_quantiles_p75": 446.0,
    "results_number_output_tokens_quantiles_p90": 452.3,
    "results_number_output_tokens_quantiles_p95": 471.65,
    "results_number_output_tokens_quantiles_p99": 487.13,
    "results_number_output_tokens_mean": 413.8,
    "results_number_output_tokens_min": "357",
    "results_number_output_tokens_max": "491",
    "results_number_output_tokens_stddev": 43.358454256990704,
    "results_num_requests_started": 10,
    "results_error_rate": 0.0,
    "results_number_errors": 0,
    "results_error_code_frequency": "{}",
    "results_mean_output_throughput_token_per_s": 432.19165428526,
    "results_num_completed_requests": 10,
    "results_num_completed_requests_per_min": 62.6667454256056,
    "timestamp": 1769510586
}