{
    "version": "2023-08-31",
    "name": "gpt-4-1-nano_5500_350_summary",
    "model": "gpt-4.1-nano",
    "mean_input_tokens": 5500,
    "stddev_input_tokens": 2250,
    "mean_output_tokens": 350,
    "stddev_output_tokens": 75,
    "num_concurrent_requests": 1,
    "results_inter_token_latency_s_quantiles_p25": 0.00826584077722263,
    "results_inter_token_latency_s_quantiles_p50": 0.008612043190476948,
    "results_inter_token_latency_s_quantiles_p75": 0.009116919836060977,
    "results_inter_token_latency_s_quantiles_p90": 0.010930486286069456,
    "results_inter_token_latency_s_quantiles_p95": 0.01285091373037345,
    "results_inter_token_latency_s_quantiles_p99": 0.014387255685816652,
    "results_inter_token_latency_s_mean": 0.009295827642136904,
    "results_inter_token_latency_s_min": 0.007612518695497279,
    "results_inter_token_latency_s_max": 0.01477134117467745,
    "results_inter_token_latency_s_stddev": 0.002072319899674935,
    "results_ttft_s_quantiles_p25": 0.6270338134781923,
    "results_ttft_s_quantiles_p50": 0.7278219820000231,
    "results_ttft_s_quantiles_p75": 0.7934727527317591,
    "results_ttft_s_quantiles_p90": 0.8382759201107546,
    "results_ttft_s_quantiles_p95": 0.9074171425483654,
    "results_ttft_s_quantiles_p99": 0.9627301204984542,
    "results_ttft_s_mean": 0.7261305247957353,
    "results_ttft_s_min": 0.5601944570080377,
    "results_ttft_s_max": 0.9765583649859764,
    "results_ttft_s_stddev": 0.12499579310545134,
    "results_end_to_end_latency_s_quantiles_p25": 2.872032201732509,
    "results_end_to_end_latency_s_quantiles_p50": 3.3357553580135573,
    "results_end_to_end_latency_s_quantiles_p75": 3.8256491524807643,
    "results_end_to_end_latency_s_quantiles_p90": 4.01957138600992,
    "results_end_to_end_latency_s_quantiles_p95": 4.106839418015443,
    "results_end_to_end_latency_s_quantiles_p99": 4.176653843619861,
    "results_end_to_end_latency_s_mean": 3.244035805290332,
    "results_end_to_end_latency_s_min": 1.405359611962922,
    "results_end_to_end_latency_s_max": 4.194107450020965,
    "results_end_to_end_latency_s_stddev": 0.8184481235340804,
    "results_request_output_throughput_token_per_s_quantiles_p25": 131.86526908394612,
    "results_request_output_throughput_token_per_s_quantiles_p50": 139.3038169158645,
    "results_request_output_throughput_token_per_s_quantiles_p75": 144.57168871010558,
    "results_request_output_throughput_token_per_s_quantiles_p90": 148.81274312522504,
    "results_request_output_throughput_token_per_s_quantiles_p95": 152.31956729089663,
    "results_request_output_throughput_token_per_s_quantiles_p99": 155.12502662343394,
    "results_request_output_throughput_token_per_s_mean": 132.9319723430429,
    "results_request_output_throughput_token_per_s_min": 78.98334280786814,
    "results_request_output_throughput_token_per_s_max": 155.82639145656825,
    "results_request_output_throughput_token_per_s_stddev": 22.069093153382184,
    "results_number_input_tokens_quantiles_p25": 2779.75,
    "results_number_input_tokens_quantiles_p50": 3952.5,
    "results_number_input_tokens_quantiles_p75": 4647.75,
    "results_number_input_tokens_quantiles_p90": 5205.299999999999,
    "results_number_input_tokens_quantiles_p95": 6066.149999999998,
    "results_number_input_tokens_quantiles_p99": 6754.83,
    "results_number_input_tokens_mean": 3663.9,
    "results_number_input_tokens_min": "158",
    "results_number_input_tokens_max": "6927",
    "results_number_input_tokens_stddev": 1911.8790320868454,
    "results_number_output_tokens_quantiles_p25": 410.5,
    "results_number_output_tokens_quantiles_p50": 464.5,
    "results_number_output_tokens_quantiles_p75": 509.75,
    "results_number_output_tokens_quantiles_p90": 548.6,
    "results_number_output_tokens_quantiles_p95": 555.8,
    "results_number_output_tokens_quantiles_p99": 561.56,
    "results_number_output_tokens_mean": 439.3,
    "results_number_output_tokens_min": "111",
    "results_number_output_tokens_max": "563",
    "results_number_output_tokens_stddev": 129.03406096410703,
    "results_num_requests_started": 10,
    "results_error_rate": 0.0,
    "results_number_errors": 0,
    "results_error_code_frequency": "{}",
    "results_mean_output_throughput_token_per_s": 126.31542608503096,
    "results_num_completed_requests": 10,
    "results_num_completed_requests_per_min": 17.25227763510553,
    "timestamp": 1769065249
}