{
    "version": "2023-08-31",
    "name": "gpt-4-1-nano_150_350_summary",
    "model": "gpt-4.1-nano",
    "mean_input_tokens": 150,
    "stddev_input_tokens": 25,
    "mean_output_tokens": 350,
    "stddev_output_tokens": 75,
    "num_concurrent_requests": 40,
    "results_inter_token_latency_s_quantiles_p25": 0.013402197732770932,
    "results_inter_token_latency_s_quantiles_p50": 0.014133206340800553,
    "results_inter_token_latency_s_quantiles_p75": 0.014382191754209735,
    "results_inter_token_latency_s_quantiles_p90": 0.018711664296249497,
    "results_inter_token_latency_s_quantiles_p95": 0.019678022443941717,
    "results_inter_token_latency_s_quantiles_p99": 0.020451108962095496,
    "results_inter_token_latency_s_mean": 0.014891364128780398,
    "results_inter_token_latency_s_min": 0.012780961023540734,
    "results_inter_token_latency_s_max": 0.02064438059163394,
    "results_inter_token_latency_s_stddev": 0.002580619944731253,
    "results_ttft_s_quantiles_p25": 0.42405255525227403,
    "results_ttft_s_quantiles_p50": 0.5029026034972048,
    "results_ttft_s_quantiles_p75": 0.5748633802577388,
    "results_ttft_s_quantiles_p90": 0.6217202663960052,
    "results_ttft_s_quantiles_p95": 0.6457676786951196,
    "results_ttft_s_quantiles_p99": 0.6650056085344113,
    "results_ttft_s_mean": 0.5036261679983,
    "results_ttft_s_min": 0.3580568039906211,
    "results_ttft_s_max": 0.6698150909942342,
    "results_ttft_s_stddev": 0.10408924825750537,
    "results_end_to_end_latency_s_quantiles_p25": 0.9188598617511161,
    "results_end_to_end_latency_s_quantiles_p50": 0.992526962494594,
    "results_end_to_end_latency_s_quantiles_p75": 1.1243720627426228,
    "results_end_to_end_latency_s_quantiles_p90": 1.145744875294622,
    "results_end_to_end_latency_s_quantiles_p95": 1.1861249201479949,
    "results_end_to_end_latency_s_quantiles_p99": 1.2184289560306933,
    "results_end_to_end_latency_s_mean": 0.9946304582976154,
    "results_end_to_end_latency_s_min": 0.7219391230028123,
    "results_end_to_end_latency_s_max": 1.226504965001368,
    "results_end_to_end_latency_s_stddev": 0.16336127344014073,
    "results_request_output_throughput_token_per_s_quantiles_p25": 77.69061509105069,
    "results_request_output_throughput_token_per_s_quantiles_p50": 80.52817299131561,
    "results_request_output_throughput_token_per_s_quantiles_p75": 85.59130366356443,
    "results_request_output_throughput_token_per_s_quantiles_p90": 89.81534155723921,
    "results_request_output_throughput_token_per_s_quantiles_p95": 90.21140908535756,
    "results_request_output_throughput_token_per_s_quantiles_p99": 90.52826310785225,
    "results_request_output_throughput_token_per_s_mean": 78.57435272116344,
    "results_request_output_throughput_token_per_s_min": 56.321636082314576,
    "results_request_output_throughput_token_per_s_max": 90.60747661347592,
    "results_request_output_throughput_token_per_s_stddev": 11.058227164335854,
    "results_number_input_tokens_quantiles_p25": 109.0,
    "results_number_input_tokens_quantiles_p50": 146.0,
    "results_number_input_tokens_quantiles_p75": 152.5,
    "results_number_input_tokens_quantiles_p90": 155.2,
    "results_number_input_tokens_quantiles_p95": 156.1,
    "results_number_input_tokens_quantiles_p99": 156.82,
    "results_number_input_tokens_mean": 132.9,
    "results_number_input_tokens_min": "94",
    "results_number_input_tokens_max": "157",
    "results_number_input_tokens_stddev": 24.542253813010376,
    "results_number_output_tokens_quantiles_p25": 59.25,
    "results_number_output_tokens_quantiles_p50": 75.5,
    "results_number_output_tokens_quantiles_p75": 98.75,
    "results_number_output_tokens_quantiles_p90": 100.3,
    "results_number_output_tokens_quantiles_p95": 101.64999999999999,
    "results_number_output_tokens_quantiles_p99": 102.73,
    "results_number_output_tokens_mean": 78.6,
    "results_number_output_tokens_min": "57",
    "results_number_output_tokens_max": "103",
    "results_number_output_tokens_stddev": 19.6253803926333,
    "results_num_requests_started": 10,
    "results_error_rate": 0.0,
    "results_number_errors": 0,
    "results_error_code_frequency": "{}",
    "results_mean_output_throughput_token_per_s": 76.37365148164541,
    "results_num_completed_requests": 10,
    "results_num_completed_requests_per_min": 58.300497314233134,
    "timestamp": 1769518599
}