Concurrent_Users,P25,P50,P75
1,2.872032201732509,3.3357553580135573,3.8256491524807643
10,2.9587796677660663,3.1832303980190773,3.9314752555219457
20,3.3174200810026377,3.649654527020175,3.776746044473839
30,2.2623437832517084,3.26296947101946,3.904548959006206
40,3.2352358352654846,3.8341221255250275,4.085583016989403
50,3.3832838132511824,3.670370672480203,4.145015772752231
