Concurrent_Users,P25,P50,P75
1,0.00826584077722263,0.008612043190476948,0.009116919836060977
10,0.008539468918039616,0.009107393820848353,0.009294061388835487
20,0.009073457252727546,0.009471278485122404,0.010365171252877654
30,0.010012876599606856,0.011915750151568039,0.01286683391960216
40,0.00932702381837849,0.011231384876787768,0.013423926608948023
50,0.009846778473101557,0.01053015901971403,0.01155608559942823
