Concurrent_Users,P25,P50,P75
1,131.86526908394612,139.3038169158645,144.57168871010558
10,129.45581172471145,133.68713759363155,140.6259879136245
20,117.15873734462069,127.97874495012641,132.38796644866682
30,89.95609264464333,101.72347283347608,121.45645894006705
40,90.79051167239557,107.32981603439444,129.70225365928246
50,103.54479235326662,115.89357068068398,122.59606098714083
