{
    "version": "2023-08-31",
    "name": "gpt-4-1-nano_5500_350_summary",
    "model": "gpt-4.1-nano",
    "mean_input_tokens": 5500,
    "stddev_input_tokens": 2250,
    "mean_output_tokens": 350,
    "stddev_output_tokens": 75,
    "num_concurrent_requests": 40,
    "results_inter_token_latency_s_quantiles_p25": 0.00932702381837849,
    "results_inter_token_latency_s_quantiles_p50": 0.011231384876787768,
    "results_inter_token_latency_s_quantiles_p75": 0.013423926608948023,
    "results_inter_token_latency_s_quantiles_p90": 0.014058926703670493,
    "results_inter_token_latency_s_quantiles_p95": 0.015191429558498643,
    "results_inter_token_latency_s_quantiles_p99": 0.016097431842361166,
    "results_inter_token_latency_s_mean": 0.011417981360546278,
    "results_inter_token_latency_s_min": 0.0073426773771105925,
    "results_inter_token_latency_s_max": 0.016323932413326796,
    "results_inter_token_latency_s_stddev": 0.0027894530147660372,
    "results_ttft_s_quantiles_p25": 1.719230391230667,
    "results_ttft_s_quantiles_p50": 1.8587102715100627,
    "results_ttft_s_quantiles_p75": 2.154113052529283,
    "results_ttft_s_quantiles_p90": 2.3908077328291255,
    "results_ttft_s_quantiles_p95": 2.568915112907416,
    "results_ttft_s_quantiles_p99": 2.711401016970049,
    "results_ttft_s_mean": 1.944824826408876,
    "results_ttft_s_min": 1.4377046590088867,
    "results_ttft_s_max": 2.7470224929857068,
    "results_ttft_s_stddev": 0.4040907728755159,
    "results_end_to_end_latency_s_quantiles_p25": 3.2352358352654846,
    "results_end_to_end_latency_s_quantiles_p50": 3.8341221255250275,
    "results_end_to_end_latency_s_quantiles_p75": 4.085583016989403,
    "results_end_to_end_latency_s_quantiles_p90": 4.223467409983277,
    "results_end_to_end_latency_s_quantiles_p95": 4.357729243504582,
    "results_end_to_end_latency_s_quantiles_p99": 4.465138710321626,
    "results_end_to_end_latency_s_mean": 3.675511676009046,
    "results_end_to_end_latency_s_min": 2.7757277010241523,
    "results_end_to_end_latency_s_max": 4.491991077025887,
    "results_end_to_end_latency_s_stddev": 0.5565455558515626,
    "results_request_output_throughput_token_per_s_quantiles_p25": 90.79051167239557,
    "results_request_output_throughput_token_per_s_quantiles_p50": 107.32981603439444,
    "results_request_output_throughput_token_per_s_quantiles_p75": 129.70225365928246,
    "results_request_output_throughput_token_per_s_quantiles_p90": 135.5270970878621,
    "results_request_output_throughput_token_per_s_quantiles_p95": 147.0047594800303,
    "results_request_output_throughput_token_per_s_quantiles_p99": 156.18688939376486,
    "results_request_output_throughput_token_per_s_mean": 111.05443933558607,
    "results_request_output_throughput_token_per_s_min": 74.5750384389736,
    "results_request_output_throughput_token_per_s_max": 158.4824218721985,
    "results_request_output_throughput_token_per_s_stddev": 26.284311598888277,
    "results_number_input_tokens_quantiles_p25": 4586.0,
    "results_number_input_tokens_quantiles_p50": 5601.5,
    "results_number_input_tokens_quantiles_p75": 6501.0,
    "results_number_input_tokens_quantiles_p90": 6751.799999999999,
    "results_number_input_tokens_quantiles_p95": 7322.399999999999,
    "results_number_input_tokens_quantiles_p99": 7778.88,
    "results_number_input_tokens_mean": 5350.1,
    "results_number_input_tokens_min": "2341",
    "results_number_input_tokens_max": "7893",
    "results_number_input_tokens_stddev": 1653.4139395673292,
    "results_number_output_tokens_quantiles_p25": 317.5,
    "results_number_output_tokens_quantiles_p50": 445.0,
    "results_number_output_tokens_quantiles_p75": 498.75,
    "results_number_output_tokens_quantiles_p90": 518.3,
    "results_number_output_tokens_quantiles_p95": 519.65,
    "results_number_output_tokens_quantiles_p99": 520.73,
    "results_number_output_tokens_mean": 410.3,
    "results_number_output_tokens_min": "207",
    "results_number_output_tokens_max": "521",
    "results_number_output_tokens_stddev": 113.1646293385585,
    "results_num_requests_started": 10,
    "results_error_rate": 0.0,
    "results_number_errors": 0,
    "results_error_code_frequency": "{}",
    "results_mean_output_throughput_token_per_s": 190.1359174230645,
    "results_num_completed_requests": 10,
    "results_num_completed_requests_per_min": 27.80442370310473,
    "timestamp": 1769065391
}