{
    "version": "2023-08-31",
    "name": "gpt-4-1-nano_5500_350_summary",
    "model": "gpt-4.1-nano",
    "mean_input_tokens": 5500,
    "stddev_input_tokens": 2250,
    "mean_output_tokens": 350,
    "stddev_output_tokens": 75,
    "num_concurrent_requests": 1,
    "results_inter_token_latency_s_quantiles_p25": 0.011337194395846698,
    "results_inter_token_latency_s_quantiles_p50": 0.013505941991557753,
    "results_inter_token_latency_s_quantiles_p75": 0.0151656686527827,
    "results_inter_token_latency_s_quantiles_p90": 0.016497258637381662,
    "results_inter_token_latency_s_quantiles_p95": 0.01893826420239899,
    "results_inter_token_latency_s_quantiles_p99": 0.02089106865441286,
    "results_inter_token_latency_s_mean": 0.013917044512135693,
    "results_inter_token_latency_s_min": 0.010816992241113136,
    "results_inter_token_latency_s_max": 0.021379269767416324,
    "results_inter_token_latency_s_stddev": 0.0032049803961485372,
    "results_ttft_s_quantiles_p25": 0.8903811637574108,
    "results_ttft_s_quantiles_p50": 1.1350468399759848,
    "results_ttft_s_quantiles_p75": 1.2587499865039717,
    "results_ttft_s_quantiles_p90": 1.329021965165157,
    "results_ttft_s_quantiles_p95": 1.3990495755919254,
    "results_ttft_s_quantiles_p99": 1.4550716639333405,
    "results_ttft_s_mean": 1.0867581604921726,
    "results_ttft_s_min": 0.6831377549679019,
    "results_ttft_s_max": 1.4690771860186942,
    "results_ttft_s_stddev": 0.2602410019994127,
    "results_end_to_end_latency_s_quantiles_p25": 3.86996213850216,
    "results_end_to_end_latency_s_quantiles_p50": 4.200694051978644,
    "results_end_to_end_latency_s_quantiles_p75": 4.899049983272562,
    "results_end_to_end_latency_s_quantiles_p90": 5.130563739291392,
    "results_end_to_end_latency_s_quantiles_p95": 5.554645747621542,
    "results_end_to_end_latency_s_quantiles_p99": 5.893911354285665,
    "results_end_to_end_latency_s_mean": 4.318684065894923,
    "results_end_to_end_latency_s_min": 2.6349962250096723,
    "results_end_to_end_latency_s_max": 5.978727755951695,
    "results_end_to_end_latency_s_stddev": 0.9048023534708156,
    "results_request_output_throughput_token_per_s_quantiles_p25": 79.37849678142409,
    "results_request_output_throughput_token_per_s_quantiles_p50": 89.40869020256852,
    "results_request_output_throughput_token_per_s_quantiles_p75": 107.77199238996025,
    "results_request_output_throughput_token_per_s_quantiles_p90": 111.32664582692092,
    "results_request_output_throughput_token_per_s_quantiles_p95": 111.45304413300624,
    "results_request_output_throughput_token_per_s_quantiles_p99": 111.5541627778745,
    "results_request_output_throughput_token_per_s_mean": 90.36400742284039,
    "results_request_output_throughput_token_per_s_min": 56.16706338904024,
    "results_request_output_throughput_token_per_s_max": 111.57944243909157,
    "results_request_output_throughput_token_per_s_stddev": 18.26332100299964,
    "results_number_input_tokens_quantiles_p25": 5946.5,
    "results_number_input_tokens_quantiles_p50": 6769.0,
    "results_number_input_tokens_quantiles_p75": 8968.5,
    "results_number_input_tokens_quantiles_p90": 9474.4,
    "results_number_input_tokens_quantiles_p95": 10569.699999999997,
    "results_number_input_tokens_quantiles_p99": 11445.94,
    "results_number_input_tokens_mean": 7039.6,
    "results_number_input_tokens_min": "1674",
    "results_number_input_tokens_max": "11665",
    "results_number_input_tokens_stddev": 2821.836328823248,
    "results_number_output_tokens_quantiles_p25": 397.25,
    "results_number_output_tokens_quantiles_p50": 421.0,
    "results_number_output_tokens_quantiles_p75": 429.25,
    "results_number_output_tokens_quantiles_p90": 443.5,
    "results_number_output_tokens_quantiles_p95": 445.75,
    "results_number_output_tokens_quantiles_p99": 447.55,
    "results_number_output_tokens_mean": 389.3,
    "results_number_output_tokens_min": "148",
    "results_number_output_tokens_max": "448",
    "results_number_output_tokens_stddev": 88.85074876192971,
    "results_num_requests_started": 10,
    "results_error_rate": 0.0,
    "results_number_errors": 0,
    "results_error_code_frequency": "{}",
    "results_mean_output_throughput_token_per_s": 83.16570928402885,
    "results_num_completed_requests": 10,
    "results_num_completed_requests_per_min": 12.817730688522298,
    "timestamp": 1769091576
}