{
    "version": "2023-08-31",
    "name": "gpt-4-1-nano_5500_350_summary",
    "model": "gpt-4.1-nano",
    "mean_input_tokens": 5500,
    "stddev_input_tokens": 2250,
    "mean_output_tokens": 350,
    "stddev_output_tokens": 75,
    "num_concurrent_requests": 30,
    "results_inter_token_latency_s_quantiles_p25": 0.010012876599606856,
    "results_inter_token_latency_s_quantiles_p50": 0.011915750151568039,
    "results_inter_token_latency_s_quantiles_p75": 0.01286683391960216,
    "results_inter_token_latency_s_quantiles_p90": 0.02472493831354277,
    "results_inter_token_latency_s_quantiles_p95": 0.042834811348089114,
    "results_inter_token_latency_s_quantiles_p99": 0.05732270977572626,
    "results_inter_token_latency_s_mean": 0.01685316306516667,
    "results_inter_token_latency_s_min": 0.008530828244827626,
    "results_inter_token_latency_s_max": 0.060944684382635526,
    "results_inter_token_latency_s_stddev": 0.015873128879094162,
    "results_ttft_s_quantiles_p25": 1.3809845607320312,
    "results_ttft_s_quantiles_p50": 1.5419791614986025,
    "results_ttft_s_quantiles_p75": 2.0054584065364907,
    "results_ttft_s_quantiles_p90": 2.234692299895687,
    "results_ttft_s_quantiles_p95": 2.34701108893787,
    "results_ttft_s_quantiles_p99": 2.436866120171617,
    "results_ttft_s_mean": 1.6824285908020102,
    "results_ttft_s_min": 1.042386281013023,
    "results_ttft_s_max": 2.4593298779800534,
    "results_ttft_s_stddev": 0.45077347026255116,
    "results_end_to_end_latency_s_quantiles_p25": 2.2623437832517084,
    "results_end_to_end_latency_s_quantiles_p50": 3.26296947101946,
    "results_end_to_end_latency_s_quantiles_p75": 3.904548959006206,
    "results_end_to_end_latency_s_quantiles_p90": 4.420198241854086,
    "results_end_to_end_latency_s_quantiles_p95": 4.6795198314182915,
    "results_end_to_end_latency_s_quantiles_p99": 4.886977103069658,
    "results_end_to_end_latency_s_mean": 3.2186278125969694,
    "results_end_to_end_latency_s_min": 1.5971252649906091,
    "results_end_to_end_latency_s_max": 4.938841420982499,
    "results_end_to_end_latency_s_stddev": 1.094791998673475,
    "results_request_output_throughput_token_per_s_quantiles_p25": 89.95609264464333,
    "results_request_output_throughput_token_per_s_quantiles_p50": 101.72347283347608,
    "results_request_output_throughput_token_per_s_quantiles_p75": 121.45645894006705,
    "results_request_output_throughput_token_per_s_quantiles_p90": 140.42306177903995,
    "results_request_output_throughput_token_per_s_quantiles_p95": 141.58464484571527,
    "results_request_output_throughput_token_per_s_quantiles_p99": 142.51391129905556,
    "results_request_output_throughput_token_per_s_mean": 98.7160540523568,
    "results_request_output_throughput_token_per_s_min": 20.66212383171713,
    "results_request_output_throughput_token_per_s_max": 142.74622791239062,
    "results_request_output_throughput_token_per_s_stddev": 37.29311484614638,
    "results_number_input_tokens_quantiles_p25": 4862.25,
    "results_number_input_tokens_quantiles_p50": 5820.0,
    "results_number_input_tokens_quantiles_p75": 6633.0,
    "results_number_input_tokens_quantiles_p90": 8979.0,
    "results_number_input_tokens_quantiles_p95": 8979.0,
    "results_number_input_tokens_quantiles_p99": 8979.0,
    "results_number_input_tokens_mean": 5631.8,
    "results_number_input_tokens_min": "324",
    "results_number_input_tokens_max": "8979",
    "results_number_input_tokens_stddev": 2591.275696126009,
    "results_number_output_tokens_quantiles_p25": 287.75,
    "results_number_output_tokens_quantiles_p50": 375.5,
    "results_number_output_tokens_quantiles_p75": 448.5,
    "results_number_output_tokens_quantiles_p90": 485.2,
    "results_number_output_tokens_quantiles_p95": 486.1,
    "results_number_output_tokens_quantiles_p99": 486.82,
    "results_number_output_tokens_mean": 331.5,
    "results_number_output_tokens_min": "33",
    "results_number_output_tokens_max": "487",
    "results_number_output_tokens_stddev": 154.3821017259881,
    "results_num_requests_started": 10,
    "results_error_rate": 0.0,
    "results_number_errors": 0,
    "results_error_code_frequency": "{}",
    "results_mean_output_throughput_token_per_s": 161.19796136438364,
    "results_num_completed_requests": 10,
    "results_num_completed_requests_per_min": 29.176101604413326,
    "timestamp": 1769065356
}