{
    "version": "2023-08-31",
    "name": "gpt-4-1-nano_5500_350_summary",
    "model": "gpt-4.1-nano",
    "mean_input_tokens": 5500,
    "stddev_input_tokens": 2250,
    "mean_output_tokens": 350,
    "stddev_output_tokens": 75,
    "num_concurrent_requests": 50,
    "results_inter_token_latency_s_quantiles_p25": 0.00837978820357628,
    "results_inter_token_latency_s_quantiles_p50": 0.00876510481847838,
    "results_inter_token_latency_s_quantiles_p75": 0.00940091267665125,
    "results_inter_token_latency_s_quantiles_p90": 0.011465517223234823,
    "results_inter_token_latency_s_quantiles_p95": 0.011587446061060496,
    "results_inter_token_latency_s_quantiles_p99": 0.011684989131321037,
    "results_inter_token_latency_s_mean": 0.009189812235245953,
    "results_inter_token_latency_s_min": 0.007877602282193644,
    "results_inter_token_latency_s_max": 0.011709374898886172,
    "results_inter_token_latency_s_stddev": 0.0013528655616313683,
    "results_ttft_s_quantiles_p25": 0.520495382748777,
    "results_ttft_s_quantiles_p50": 0.6743068089999724,
    "results_ttft_s_quantiles_p75": 0.7971040177471878,
    "results_ttft_s_quantiles_p90": 0.8399379259048145,
    "results_ttft_s_quantiles_p95": 0.9023870714583607,
    "results_ttft_s_quantiles_p99": 0.9523463879011979,
    "results_ttft_s_mean": 0.6683303325989982,
    "results_ttft_s_min": 0.4214127879968146,
    "results_ttft_s_max": 0.9648362170119071,
    "results_ttft_s_stddev": 0.181097284592001,
    "results_end_to_end_latency_s_quantiles_p25": 2.6566539882551297,
    "results_end_to_end_latency_s_quantiles_p50": 2.896181844000239,
    "results_end_to_end_latency_s_quantiles_p75": 3.1026046799961478,
    "results_end_to_end_latency_s_quantiles_p90": 4.005170896909839,
    "results_end_to_end_latency_s_quantiles_p95": 4.603174622955701,
    "results_end_to_end_latency_s_quantiles_p99": 5.081577603792393,
    "results_end_to_end_latency_s_mean": 3.1287517219010623,
    "results_end_to_end_latency_s_min": 2.300793097994756,
    "results_end_to_end_latency_s_max": 5.201178349001566,
    "results_end_to_end_latency_s_stddev": 0.8385013916095551,
    "results_request_output_throughput_token_per_s_quantiles_p25": 128.40964069214962,
    "results_request_output_throughput_token_per_s_quantiles_p50": 137.6366919804978,
    "results_request_output_throughput_token_per_s_quantiles_p75": 142.71088478414643,
    "results_request_output_throughput_token_per_s_quantiles_p90": 148.94591735329428,
    "results_request_output_throughput_token_per_s_quantiles_p95": 150.387236974484,
    "results_request_output_throughput_token_per_s_quantiles_p99": 151.5402926714358,
    "results_request_output_throughput_token_per_s_mean": 132.59742937511587,
    "results_request_output_throughput_token_per_s_min": 101.8999858179715,
    "results_request_output_throughput_token_per_s_max": 151.82855659567375,
    "results_request_output_throughput_token_per_s_stddev": 16.990743650631092,
    "results_number_input_tokens_quantiles_p25": 2332.0,
    "results_number_input_tokens_quantiles_p50": 2332.0,
    "results_number_input_tokens_quantiles_p75": 2332.0,
    "results_number_input_tokens_quantiles_p90": 5424.0,
    "results_number_input_tokens_quantiles_p95": 5424.0,
    "results_number_input_tokens_quantiles_p99": 5424.0,
    "results_number_input_tokens_mean": 2875.3,
    "results_number_input_tokens_min": "1581",
    "results_number_input_tokens_max": "5424",
    "results_number_input_tokens_stddev": 1363.540330658882,
    "results_number_output_tokens_quantiles_p25": 390.75,
    "results_number_output_tokens_quantiles_p50": 397.0,
    "results_number_output_tokens_quantiles_p75": 399.75,
    "results_number_output_tokens_quantiles_p90": 419.29999999999995,
    "results_number_output_tokens_quantiles_p95": 474.64999999999986,
    "results_number_output_tokens_quantiles_p99": 518.9300000000001,
    "results_number_output_tokens_mean": 403.2,
    "results_number_output_tokens_min": "330",
    "results_number_output_tokens_max": "530",
    "results_number_output_tokens_stddev": 49.48355506855002,
    "results_num_requests_started": 10,
    "results_error_rate": 0.0,
    "results_number_errors": 0,
    "results_error_code_frequency": "{}",
    "results_mean_output_throughput_token_per_s": 297.9587174822855,
    "results_num_completed_requests": 10,
    "results_num_completed_requests_per_min": 44.33909486343535,
    "timestamp": 1769511216
}