{
    "version": "2023-08-31",
    "name": "gpt-4-1-nano_150_5500_summary",
    "model": "gpt-4.1-nano",
    "mean_input_tokens": 150,
    "stddev_input_tokens": 25,
    "mean_output_tokens": 5500,
    "stddev_output_tokens": 2250,
    "num_concurrent_requests": 40,
    "results_inter_token_latency_s_quantiles_p25": 0.010760621128898917,
    "results_inter_token_latency_s_quantiles_p50": 0.011851820030002444,
    "results_inter_token_latency_s_quantiles_p75": 0.012757025473141661,
    "results_inter_token_latency_s_quantiles_p90": 0.013121429043084464,
    "results_inter_token_latency_s_quantiles_p95": 0.01343460881494483,
    "results_inter_token_latency_s_quantiles_p99": 0.013685152632433124,
    "results_inter_token_latency_s_mean": 0.011738112777134251,
    "results_inter_token_latency_s_min": 0.009503817000543624,
    "results_inter_token_latency_s_max": 0.013747788586805197,
    "results_inter_token_latency_s_stddev": 0.0013559119877905245,
    "results_ttft_s_quantiles_p25": 0.4354654865055636,
    "results_ttft_s_quantiles_p50": 0.4832093805016484,
    "results_ttft_s_quantiles_p75": 0.5215527742475388,
    "results_ttft_s_quantiles_p90": 0.5577749052026774,
    "results_ttft_s_quantiles_p95": 0.6388811331053146,
    "results_ttft_s_quantiles_p99": 0.7037661154274247,
    "results_ttft_s_mean": 0.49421039240260145,
    "results_ttft_s_min": 0.3918877579999389,
    "results_ttft_s_max": 0.7199873610079521,
    "results_ttft_s_stddev": 0.09398418628423771,
    "results_end_to_end_latency_s_quantiles_p25": 1.0761673752494971,
    "results_end_to_end_latency_s_quantiles_p50": 1.1495720609964337,
    "results_end_to_end_latency_s_quantiles_p75": 1.288387706499634,
    "results_end_to_end_latency_s_quantiles_p90": 1.4217676504064,
    "results_end_to_end_latency_s_quantiles_p95": 1.628181243701692,
    "results_end_to_end_latency_s_quantiles_p99": 1.7933121183379264,
    "results_end_to_end_latency_s_mean": 1.2279198739983257,
    "results_end_to_end_latency_s_min": 1.0297088770021219,
    "results_end_to_end_latency_s_max": 1.8345948369969847,
    "results_end_to_end_latency_s_stddev": 0.24444613262797202,
    "results_request_output_throughput_token_per_s_quantiles_p25": 89.5500536248607,
    "results_request_output_throughput_token_per_s_quantiles_p50": 99.60808343060592,
    "results_request_output_throughput_token_per_s_quantiles_p75": 109.96234075046361,
    "results_request_output_throughput_token_per_s_quantiles_p90": 116.0867891930647,
    "results_request_output_throughput_token_per_s_quantiles_p95": 122.15521425858792,
    "results_request_output_throughput_token_per_s_quantiles_p99": 127.00995431100652,
    "results_request_output_throughput_token_per_s_mean": 100.77585949215253,
    "results_request_output_throughput_token_per_s_min": 80.60530685298633,
    "results_request_output_throughput_token_per_s_max": 128.22363932411116,
    "results_request_output_throughput_token_per_s_stddev": 14.52252890384217,
    "results_number_input_tokens_quantiles_p25": 153.0,
    "results_number_input_tokens_quantiles_p50": 168.0,
    "results_number_input_tokens_quantiles_p75": 168.0,
    "results_number_input_tokens_quantiles_p90": 170.3,
    "results_number_input_tokens_quantiles_p95": 171.65,
    "results_number_input_tokens_quantiles_p99": 172.73,
    "results_number_input_tokens_mean": 161.4,
    "results_number_input_tokens_min": "143",
    "results_number_input_tokens_max": "173",
    "results_number_input_tokens_stddev": 10.500793620801558,
    "results_number_output_tokens_quantiles_p25": 100.75,
    "results_number_output_tokens_quantiles_p50": 121.5,
    "results_number_output_tokens_quantiles_p75": 140.25,
    "results_number_output_tokens_quantiles_p90": 164.3,
    "results_number_output_tokens_quantiles_p95": 165.65,
    "results_number_output_tokens_quantiles_p99": 166.73,
    "results_number_output_tokens_mean": 123.7,
    "results_number_output_tokens_min": "83",
    "results_number_output_tokens_max": "167",
    "results_number_output_tokens_stddev": 28.44897967317008,
    "results_num_requests_started": 10,
    "results_error_rate": 0.0,
    "results_number_errors": 0,
    "results_error_code_frequency": "{}",
    "results_mean_output_throughput_token_per_s": 89.16965059249685,
    "results_num_completed_requests": 10,
    "results_num_completed_requests_per_min": 43.25124523484084,
    "timestamp": 1769519588
}