Concurrent_Users,P25,P50,P75
1,0.013102109344276868,0.014383440704660886,0.017365075141275266
10,0.014149035986808221,0.015861657421456028,0.01785002563824841
20,0.015064647873686677,0.015758886896946933,0.017311918789988234
30,0.014247678558186193,0.016186779302801435,0.018725087262168556
40,0.013402197732770932,0.014133206340800553,0.014382191754209735
50,0.011797183920090631,0.01558487401990976,0.017936213058996377
