Concurrent_Users,P25,P50,P75
1,67.6516763698548,79.1648073200233,87.08767803262094
10,62.700384217681744,70.9122999710662,85.15595185254679
20,66.04393805191536,68.24854124605972,77.42098425031398
30,62.23518738413384,70.96762318733677,80.68998502729362
40,77.69061509105069,80.52817299131561,85.59130366356443
50,61.140028494845566,73.36446021446258,96.93424567420927
