Concurrent_Users,P25,P50,P75
1,0.47546236675043474,0.5248397934992681,0.6003581935037801
10,0.45615317425108515,0.5071807880012784,0.5959684744957485
20,0.4012036395033647,0.4222413854949991,0.4768186867440818
30,0.46496738150017336,0.4872351259982679,0.5733762365052826
40,0.42405255525227403,0.5029026034972048,0.5748633802577388
50,0.5667351580013928,0.6367887625019648,0.7139615357555158
