{
    "version": "2023-08-31",
    "name": "gpt-4-1-nano_5500_350_summary",
    "model": "gpt-4.1-nano",
    "mean_input_tokens": 5500,
    "stddev_input_tokens": 2250,
    "mean_output_tokens": 350,
    "stddev_output_tokens": 75,
    "num_concurrent_requests": 50,
    "results_inter_token_latency_s_quantiles_p25": 0.011866630085726922,
    "results_inter_token_latency_s_quantiles_p50": 0.01271455841578999,
    "results_inter_token_latency_s_quantiles_p75": 0.014517353750027176,
    "results_inter_token_latency_s_quantiles_p90": 0.015315340447906726,
    "results_inter_token_latency_s_quantiles_p95": 0.01600230906347114,
    "results_inter_token_latency_s_quantiles_p99": 0.016551883955922678,
    "results_inter_token_latency_s_mean": 0.01330196129658604,
    "results_inter_token_latency_s_min": 0.011490332592875628,
    "results_inter_token_latency_s_max": 0.01668927767903556,
    "results_inter_token_latency_s_stddev": 0.001776200347536046,
    "results_ttft_s_quantiles_p25": 1.1091555522434646,
    "results_ttft_s_quantiles_p50": 1.2579169335076585,
    "results_ttft_s_quantiles_p75": 1.4421191079745768,
    "results_ttft_s_quantiles_p90": 1.532301320269471,
    "results_ttft_s_quantiles_p95": 1.6073377191118197,
    "results_ttft_s_quantiles_p99": 1.6673668381856988,
    "results_ttft_s_mean": 1.2926322073908523,
    "results_ttft_s_min": 1.0628883710014634,
    "results_ttft_s_max": 1.6823741179541685,
    "results_ttft_s_stddev": 0.20996363820925032,
    "results_end_to_end_latency_s_quantiles_p25": 3.2543411445221864,
    "results_end_to_end_latency_s_quantiles_p50": 4.486468444025377,
    "results_end_to_end_latency_s_quantiles_p75": 4.927801498983172,
    "results_end_to_end_latency_s_quantiles_p90": 5.648850788775598,
    "results_end_to_end_latency_s_quantiles_p95": 6.00768803738465,
    "results_end_to_end_latency_s_quantiles_p99": 6.294757836271892,
    "results_end_to_end_latency_s_mean": 4.247298466105713,
    "results_end_to_end_latency_s_min": 2.0716177980066277,
    "results_end_to_end_latency_s_max": 6.366525285993703,
    "results_end_to_end_latency_s_stddev": 1.3558511667330273,
    "results_request_output_throughput_token_per_s_quantiles_p25": 80.86646566227213,
    "results_request_output_throughput_token_per_s_quantiles_p50": 91.10822202110964,
    "results_request_output_throughput_token_per_s_quantiles_p75": 99.21388487943479,
    "results_request_output_throughput_token_per_s_quantiles_p90": 101.41142080382502,
    "results_request_output_throughput_token_per_s_quantiles_p95": 104.45871868079549,
    "results_request_output_throughput_token_per_s_quantiles_p99": 106.89655698237186,
    "results_request_output_throughput_token_per_s_mean": 90.26385596751615,
    "results_request_output_throughput_token_per_s_min": 72.18238238768276,
    "results_request_output_throughput_token_per_s_max": 107.50601655776596,
    "results_request_output_throughput_token_per_s_stddev": 11.440649037170571,
    "results_number_input_tokens_quantiles_p25": 3497.5,
    "results_number_input_tokens_quantiles_p50": 4625.0,
    "results_number_input_tokens_quantiles_p75": 7063.25,
    "results_number_input_tokens_quantiles_p90": 7687.0,
    "results_number_input_tokens_quantiles_p95": 8051.499999999999,
    "results_number_input_tokens_quantiles_p99": 8343.1,
    "results_number_input_tokens_mean": 4784.7,
    "results_number_input_tokens_min": "1043",
    "results_number_input_tokens_max": "8416",
    "results_number_input_tokens_stddev": 2613.0160968165164,
    "results_number_output_tokens_quantiles_p25": 333.25,
    "results_number_output_tokens_quantiles_p50": 378.0,
    "results_number_output_tokens_quantiles_p75": 467.75,
    "results_number_output_tokens_quantiles_p90": 566.9,
    "results_number_output_tokens_quantiles_p95": 593.4499999999999,
    "results_number_output_tokens_quantiles_p99": 614.69,
    "results_number_output_tokens_mean": 388.9,
    "results_number_output_tokens_min": "164",
    "results_number_output_tokens_max": "620",
    "results_number_output_tokens_stddev": 144.9815697099309,
    "results_num_requests_started": 10,
    "results_error_rate": 0.0,
    "results_number_errors": 0,
    "results_error_code_frequency": "{}",
    "results_mean_output_throughput_token_per_s": 87.7865560842099,
    "results_num_completed_requests": 10,
    "results_num_completed_requests_per_min": 13.543824543719708,
    "timestamp": 1769092512
}