{
    "version": "2023-08-31",
    "name": "gpt-4-1-nano_150_5500_summary",
    "model": "gpt-4.1-nano",
    "mean_input_tokens": 150,
    "stddev_input_tokens": 25,
    "mean_output_tokens": 5500,
    "stddev_output_tokens": 2250,
    "num_concurrent_requests": 20,
    "results_inter_token_latency_s_quantiles_p25": 0.012760899836499813,
    "results_inter_token_latency_s_quantiles_p50": 0.013772271378200645,
    "results_inter_token_latency_s_quantiles_p75": 0.015241191912840199,
    "results_inter_token_latency_s_quantiles_p90": 0.016189404505974104,
    "results_inter_token_latency_s_quantiles_p95": 0.0171537276024604,
    "results_inter_token_latency_s_quantiles_p99": 0.017925186079649442,
    "results_inter_token_latency_s_mean": 0.013878765429922307,
    "results_inter_token_latency_s_min": 0.010505495432114816,
    "results_inter_token_latency_s_max": 0.018118050698946703,
    "results_inter_token_latency_s_stddev": 0.0023392748245241184,
    "results_ttft_s_quantiles_p25": 0.38700208674708847,
    "results_ttft_s_quantiles_p50": 0.4313093585005845,
    "results_ttft_s_quantiles_p75": 0.5618804094992811,
    "results_ttft_s_quantiles_p90": 0.5903804241970647,
    "results_ttft_s_quantiles_p95": 0.6120798030970036,
    "results_ttft_s_quantiles_p99": 0.6294393062169548,
    "results_ttft_s_mean": 0.4722884423987125,
    "results_ttft_s_min": 0.36814840100123547,
    "results_ttft_s_max": 0.6337791819969425,
    "results_ttft_s_stddev": 0.10011724782094807,
    "results_end_to_end_latency_s_quantiles_p25": 1.0416990520061518,
    "results_end_to_end_latency_s_quantiles_p50": 1.0803462659969227,
    "results_end_to_end_latency_s_quantiles_p75": 1.119799820742628,
    "results_end_to_end_latency_s_quantiles_p90": 1.1409541575994808,
    "results_end_to_end_latency_s_quantiles_p95": 1.1412266757979523,
    "results_end_to_end_latency_s_quantiles_p99": 1.1414446903567295,
    "results_end_to_end_latency_s_mean": 1.0808881384000415,
    "results_end_to_end_latency_s_min": 1.0089126390084857,
    "results_end_to_end_latency_s_max": 1.1414991939964239,
    "results_end_to_end_latency_s_stddev": 0.04787757363741262,
    "results_request_output_throughput_token_per_s_quantiles_p25": 75.9279315579394,
    "results_request_output_throughput_token_per_s_quantiles_p50": 87.30439313977018,
    "results_request_output_throughput_token_per_s_quantiles_p75": 91.76051976247574,
    "results_request_output_throughput_token_per_s_quantiles_p90": 108.82000503033296,
    "results_request_output_throughput_token_per_s_quantiles_p95": 109.41972075454042,
    "results_request_output_throughput_token_per_s_quantiles_p99": 109.89949333390639,
    "results_request_output_throughput_token_per_s_mean": 86.17611145588269,
    "results_request_output_throughput_token_per_s_min": 62.19890506573799,
    "results_request_output_throughput_token_per_s_max": 110.01943647874789,
    "results_request_output_throughput_token_per_s_stddev": 15.6392866288771,
    "results_number_input_tokens_quantiles_p25": 125.0,
    "results_number_input_tokens_quantiles_p50": 133.5,
    "results_number_input_tokens_quantiles_p75": 146.5,
    "results_number_input_tokens_quantiles_p90": 166.4,
    "results_number_input_tokens_quantiles_p95": 172.7,
    "results_number_input_tokens_quantiles_p99": 177.74,
    "results_number_input_tokens_mean": 139.0,
    "results_number_input_tokens_min": "118",
    "results_number_input_tokens_max": "179",
    "results_number_input_tokens_stddev": 19.742790526614463,
    "results_number_output_tokens_quantiles_p25": 84.25,
    "results_number_output_tokens_quantiles_p50": 91.5,
    "results_number_output_tokens_quantiles_p75": 101.0,
    "results_number_output_tokens_quantiles_p90": 112.3,
    "results_number_output_tokens_quantiles_p95": 118.14999999999999,
    "results_number_output_tokens_quantiles_p99": 122.83,
    "results_number_output_tokens_mean": 93.0,
    "results_number_output_tokens_min": "71",
    "results_number_output_tokens_max": "124",
    "results_number_output_tokens_stddev": 16.686654681045102,
    "results_num_requests_started": 10,
    "results_error_rate": 0.0,
    "results_number_errors": 0,
    "results_error_code_frequency": "{}",
    "results_mean_output_throughput_token_per_s": 121.76765167964524,
    "results_num_completed_requests": 10,
    "results_num_completed_requests_per_min": 78.55977527719048,
    "timestamp": 1769510709
}