{
    "version": "2023-08-31",
    "name": "gpt-4-1-nano_150_5500_summary",
    "model": "gpt-4.1-nano",
    "mean_input_tokens": 150,
    "stddev_input_tokens": 25,
    "mean_output_tokens": 5500,
    "stddev_output_tokens": 2250,
    "num_concurrent_requests": 30,
    "results_inter_token_latency_s_quantiles_p25": 0.028875800828187276,
    "results_inter_token_latency_s_quantiles_p50": 0.03860548149837594,
    "results_inter_token_latency_s_quantiles_p75": 0.051967793389000386,
    "results_inter_token_latency_s_quantiles_p90": 0.11299733023649118,
    "results_inter_token_latency_s_quantiles_p95": 0.1388032807196092,
    "results_inter_token_latency_s_quantiles_p99": 0.15944804110610372,
    "results_inter_token_latency_s_mean": 0.05452274770977289,
    "results_inter_token_latency_s_min": 0.012440950627255223,
    "results_inter_token_latency_s_max": 0.16460923120272733,
    "results_inter_token_latency_s_stddev": 0.0465203688916371,
    "results_ttft_s_quantiles_p25": 2.4690231327404035,
    "results_ttft_s_quantiles_p50": 3.031943609996233,
    "results_ttft_s_quantiles_p75": 3.866606635012431,
    "results_ttft_s_quantiles_p90": 4.218445188185433,
    "results_ttft_s_quantiles_p95": 4.898809207105658,
    "results_ttft_s_quantiles_p99": 5.443100422241842,
    "results_ttft_s_mean": 3.1394336026976815,
    "results_ttft_s_min": 1.381116300006397,
    "results_ttft_s_max": 5.579173226025887,
    "results_ttft_s_stddev": 1.2412547706684762,
    "results_end_to_end_latency_s_quantiles_p25": 2.8260417537676403,
    "results_end_to_end_latency_s_quantiles_p50": 3.538461047457531,
    "results_end_to_end_latency_s_quantiles_p75": 4.044892530000652,
    "results_end_to_end_latency_s_quantiles_p90": 5.505786866869312,
    "results_end_to_end_latency_s_quantiles_p95": 5.684417673933785,
    "results_end_to_end_latency_s_quantiles_p99": 5.827322319585364,
    "results_end_to_end_latency_s_mean": 3.6566529846924825,
    "results_end_to_end_latency_s_min": 1.6980345799820498,
    "results_end_to_end_latency_s_max": 5.863048480998259,
    "results_end_to_end_latency_s_stddev": 1.2709874826117245,
    "results_request_output_throughput_token_per_s_quantiles_p25": 24.271554383306068,
    "results_request_output_throughput_token_per_s_quantiles_p50": 28.992312048164084,
    "results_request_output_throughput_token_per_s_quantiles_p75": 41.46166816174979,
    "results_request_output_throughput_token_per_s_quantiles_p90": 60.92822157815431,
    "results_request_output_throughput_token_per_s_quantiles_p95": 80.69343867677789,
    "results_request_output_throughput_token_per_s_quantiles_p99": 96.50561235567683,
    "results_request_output_throughput_token_per_s_mean": 35.8422153886023,
    "results_request_output_throughput_token_per_s_min": 6.833570407892788,
    "results_request_output_throughput_token_per_s_max": 100.45865577540155,
    "results_request_output_throughput_token_per_s_stddev": 27.015358386698097,
    "results_number_input_tokens_quantiles_p25": 150.0,
    "results_number_input_tokens_quantiles_p50": 156.0,
    "results_number_input_tokens_quantiles_p75": 158.0,
    "results_number_input_tokens_quantiles_p90": 159.4,
    "results_number_input_tokens_quantiles_p95": 165.7,
    "results_number_input_tokens_quantiles_p99": 170.74,
    "results_number_input_tokens_mean": 154.1,
    "results_number_input_tokens_min": "140",
    "results_number_input_tokens_max": "172",
    "results_number_input_tokens_stddev": 8.99938269487907,
    "results_number_output_tokens_quantiles_p25": 88.5,
    "results_number_output_tokens_quantiles_p50": 103.0,
    "results_number_output_tokens_quantiles_p75": 131.75,
    "results_number_output_tokens_quantiles_p90": 248.2,
    "results_number_output_tokens_quantiles_p95": 271.59999999999997,
    "results_number_output_tokens_quantiles_p99": 290.32,
    "results_number_output_tokens_mean": 122.8,
    "results_number_output_tokens_min": "26",
    "results_number_output_tokens_max": "295",
    "results_number_output_tokens_stddev": 85.67743123029672,
    "results_num_requests_started": 10,
    "results_error_rate": 0.0,
    "results_number_errors": 0,
    "results_error_code_frequency": "{}",
    "results_mean_output_throughput_token_per_s": 37.14025731499893,
    "results_num_completed_requests": 10,
    "results_num_completed_requests_per_min": 18.146705528501105,
    "timestamp": 1769053439
}