{
    "version": "2023-08-31",
    "name": "gpt-4-1-nano_150_5500_summary",
    "model": "gpt-4.1-nano",
    "mean_input_tokens": 150,
    "stddev_input_tokens": 25,
    "mean_output_tokens": 5500,
    "stddev_output_tokens": 2250,
    "num_concurrent_requests": 10,
    "results_inter_token_latency_s_quantiles_p25": 0.011031781708256208,
    "results_inter_token_latency_s_quantiles_p50": 0.01286642815949729,
    "results_inter_token_latency_s_quantiles_p75": 0.014736430486927389,
    "results_inter_token_latency_s_quantiles_p90": 0.01809780897004623,
    "results_inter_token_latency_s_quantiles_p95": 0.019863768987938863,
    "results_inter_token_latency_s_quantiles_p99": 0.021276537002252977,
    "results_inter_token_latency_s_mean": 0.013566318996371285,
    "results_inter_token_latency_s_min": 0.009588033547563674,
    "results_inter_token_latency_s_max": 0.021629729005831502,
    "results_inter_token_latency_s_stddev": 0.0037294818789093695,
    "results_ttft_s_quantiles_p25": 0.6506704112398438,
    "results_ttft_s_quantiles_p50": 0.697987934545381,
    "results_ttft_s_quantiles_p75": 0.7573897472466342,
    "results_ttft_s_quantiles_p90": 0.8939888159860854,
    "results_ttft_s_quantiles_p95": 1.2989985720079849,
    "results_ttft_s_quantiles_p99": 1.623006376825506,
    "results_ttft_s_mean": 0.78485936500947,
    "results_ttft_s_min": 0.5301301509607583,
    "results_ttft_s_max": 1.7040083280298859,
    "results_ttft_s_stddev": 0.3319923430875006,
    "results_end_to_end_latency_s_quantiles_p25": 1.1889416299964068,
    "results_end_to_end_latency_s_quantiles_p50": 1.3236683614959475,
    "results_end_to_end_latency_s_quantiles_p75": 1.5555294967343798,
    "results_end_to_end_latency_s_quantiles_p90": 2.275652951619122,
    "results_end_to_end_latency_s_quantiles_p95": 2.4624372443067837,
    "results_end_to_end_latency_s_quantiles_p99": 2.611864678456914,
    "results_end_to_end_latency_s_mean": 1.5252393618982751,
    "results_end_to_end_latency_s_min": 1.0983897539554164,
    "results_end_to_end_latency_s_max": 2.649221536994446,
    "results_end_to_end_latency_s_stddev": 0.5179286997748327,
    "results_request_output_throughput_token_per_s_quantiles_p25": 82.36031872957163,
    "results_request_output_throughput_token_per_s_quantiles_p50": 90.75170365467326,
    "results_request_output_throughput_token_per_s_quantiles_p75": 105.88827676592456,
    "results_request_output_throughput_token_per_s_quantiles_p90": 117.55543179726263,
    "results_request_output_throughput_token_per_s_quantiles_p95": 121.59694718836593,
    "results_request_output_throughput_token_per_s_quantiles_p99": 124.83015950124857,
    "results_request_output_throughput_token_per_s_mean": 92.25916124817505,
    "results_request_output_throughput_token_per_s_min": 57.529219290083624,
    "results_request_output_throughput_token_per_s_max": 125.63846257946923,
    "results_request_output_throughput_token_per_s_stddev": 20.805367953897743,
    "results_number_input_tokens_quantiles_p25": 153.5,
    "results_number_input_tokens_quantiles_p50": 165.0,
    "results_number_input_tokens_quantiles_p75": 180.25,
    "results_number_input_tokens_quantiles_p90": 182.1,
    "results_number_input_tokens_quantiles_p95": 182.55,
    "results_number_input_tokens_quantiles_p99": 182.91,
    "results_number_input_tokens_mean": 163.9,
    "results_number_input_tokens_min": "133",
    "results_number_input_tokens_max": "183",
    "results_number_input_tokens_stddev": 17.847813435949078,
    "results_number_output_tokens_quantiles_p25": 106.25,
    "results_number_output_tokens_quantiles_p50": 118.5,
    "results_number_output_tokens_quantiles_p75": 158.25,
    "results_number_output_tokens_quantiles_p90": 211.4,
    "results_number_output_tokens_quantiles_p95": 213.2,
    "results_number_output_tokens_quantiles_p99": 214.64,
    "results_number_output_tokens_mean": 137.4,
    "results_number_output_tokens_min": "90",
    "results_number_output_tokens_max": "215",
    "results_number_output_tokens_stddev": 44.97703117518245,
    "results_num_requests_started": 10,
    "results_error_rate": 0.0,
    "results_number_errors": 0,
    "results_error_code_frequency": "{}",
    "results_mean_output_throughput_token_per_s": 162.0170892348579,
    "results_num_completed_requests": 10,
    "results_num_completed_requests_per_min": 70.7498206265755,
    "timestamp": 1769053310
}