{
    "version": "2023-08-31",
    "name": "gpt-4-1-nano_5500_350_summary",
    "model": "gpt-4.1-nano",
    "mean_input_tokens": 5500,
    "stddev_input_tokens": 2250,
    "mean_output_tokens": 350,
    "stddev_output_tokens": 75,
    "num_concurrent_requests": 10,
    "results_inter_token_latency_s_quantiles_p25": 0.008587883274941376,
    "results_inter_token_latency_s_quantiles_p50": 0.008974100453175069,
    "results_inter_token_latency_s_quantiles_p75": 0.009406258115026387,
    "results_inter_token_latency_s_quantiles_p90": 0.009780981569709439,
    "results_inter_token_latency_s_quantiles_p95": 0.010313402554397586,
    "results_inter_token_latency_s_quantiles_p99": 0.010739339342148106,
    "results_inter_token_latency_s_mean": 0.008990005794582286,
    "results_inter_token_latency_s_min": 0.007702778521369917,
    "results_inter_token_latency_s_max": 0.010845823539085735,
    "results_inter_token_latency_s_stddev": 0.0009065679224993114,
    "results_ttft_s_quantiles_p25": 0.46673481000834727,
    "results_ttft_s_quantiles_p50": 0.516857415503182,
    "results_ttft_s_quantiles_p75": 0.6005950750040938,
    "results_ttft_s_quantiles_p90": 0.7436415450953063,
    "results_ttft_s_quantiles_p95": 0.7624821455472556,
    "results_ttft_s_quantiles_p99": 0.7775546259088151,
    "results_ttft_s_mean": 0.5499641858026735,
    "results_ttft_s_min": 0.40538127899344545,
    "results_ttft_s_max": 0.7813227459992049,
    "results_ttft_s_stddev": 0.12872630288066209,
    "results_end_to_end_latency_s_quantiles_p25": 2.748534217254928,
    "results_end_to_end_latency_s_quantiles_p50": 3.003784608503338,
    "results_end_to_end_latency_s_quantiles_p75": 3.420058665000397,
    "results_end_to_end_latency_s_quantiles_p90": 3.736946165007248,
    "results_end_to_end_latency_s_quantiles_p95": 3.943005957501736,
    "results_end_to_end_latency_s_quantiles_p99": 4.107853791497328,
    "results_end_to_end_latency_s_mean": 3.120860593301768,
    "results_end_to_end_latency_s_min": 2.5228135409997776,
    "results_end_to_end_latency_s_max": 4.149065749996225,
    "results_end_to_end_latency_s_stddev": 0.5231910001190095,
    "results_request_output_throughput_token_per_s_quantiles_p25": 126.93043527515982,
    "results_request_output_throughput_token_per_s_quantiles_p50": 133.0807567829882,
    "results_request_output_throughput_token_per_s_quantiles_p75": 135.147673752443,
    "results_request_output_throughput_token_per_s_quantiles_p90": 152.97685847245742,
    "results_request_output_throughput_token_per_s_quantiles_p95": 153.78308333211663,
    "results_request_output_throughput_token_per_s_quantiles_p99": 154.42806321984403,
    "results_request_output_throughput_token_per_s_mean": 133.28278295234148,
    "results_request_output_throughput_token_per_s_min": 109.90425977231497,
    "results_request_output_throughput_token_per_s_max": 154.58930819177587,
    "results_request_output_throughput_token_per_s_stddev": 13.073571650904809,
    "results_number_input_tokens_quantiles_p25": 4412.0,
    "results_number_input_tokens_quantiles_p50": 6258.0,
    "results_number_input_tokens_quantiles_p75": 7926.0,
    "results_number_input_tokens_quantiles_p90": 8189.0,
    "results_number_input_tokens_quantiles_p95": 8531.0,
    "results_number_input_tokens_quantiles_p99": 8804.6,
    "results_number_input_tokens_mean": 5912.0,
    "results_number_input_tokens_min": "1357",
    "results_number_input_tokens_max": "8873",
    "results_number_input_tokens_stddev": 2396.997010149714,
    "results_number_output_tokens_quantiles_p25": 369.5,
    "results_number_output_tokens_quantiles_p50": 388.0,
    "results_number_output_tokens_quantiles_p75": 449.0,
    "results_number_output_tokens_quantiles_p90": 479.4,
    "results_number_output_tokens_quantiles_p95": 521.6999999999999,
    "results_number_output_tokens_quantiles_p99": 555.54,
    "results_number_output_tokens_mean": 413.7,
    "results_number_output_tokens_min": "343",
    "results_number_output_tokens_max": "564",
    "results_number_output_tokens_stddev": 67.36970964593641,
    "results_num_requests_started": 10,
    "results_error_rate": 0.0,
    "results_number_errors": 0,
    "results_error_code_frequency": "{}",
    "results_mean_output_throughput_token_per_s": 406.4954998132669,
    "results_num_completed_requests": 10,
    "results_num_completed_requests_per_min": 58.955112373207676,
    "timestamp": 1769511140
}