{
    "version": "2023-08-31",
    "name": "gpt-4-1-nano_5500_350_summary",
    "model": "gpt-4.1-nano",
    "mean_input_tokens": 5500,
    "stddev_input_tokens": 2250,
    "mean_output_tokens": 350,
    "stddev_output_tokens": 75,
    "num_concurrent_requests": 1,
    "results_inter_token_latency_s_quantiles_p25": 0.009444782374284285,
    "results_inter_token_latency_s_quantiles_p50": 0.009893638396400353,
    "results_inter_token_latency_s_quantiles_p75": 0.010561977230112114,
    "results_inter_token_latency_s_quantiles_p90": 0.010813678661688912,
    "results_inter_token_latency_s_quantiles_p95": 0.010983683987430553,
    "results_inter_token_latency_s_quantiles_p99": 0.011119688248023866,
    "results_inter_token_latency_s_mean": 0.009962269992106199,
    "results_inter_token_latency_s_min": 0.008647714162668164,
    "results_inter_token_latency_s_max": 0.011153689313172194,
    "results_inter_token_latency_s_stddev": 0.0007767136768298881,
    "results_ttft_s_quantiles_p25": 0.5089141652460967,
    "results_ttft_s_quantiles_p50": 0.6413473569919006,
    "results_ttft_s_quantiles_p75": 0.8047837892554526,
    "results_ttft_s_quantiles_p90": 0.8916273994953371,
    "results_ttft_s_quantiles_p95": 1.0304589762439715,
    "results_ttft_s_quantiles_p99": 1.1415242376428796,
    "results_ttft_s_mean": 0.6794352656972478,
    "results_ttft_s_min": 0.400446636005654,
    "results_ttft_s_max": 1.1692905529926065,
    "results_ttft_s_stddev": 0.22953217292896347,
    "results_end_to_end_latency_s_quantiles_p25": 2.5041807619927567,
    "results_end_to_end_latency_s_quantiles_p50": 3.0119889929992496,
    "results_end_to_end_latency_s_quantiles_p75": 3.7715471090014034,
    "results_end_to_end_latency_s_quantiles_p90": 4.582022262600367,
    "results_end_to_end_latency_s_quantiles_p95": 5.039872393802215,
    "results_end_to_end_latency_s_quantiles_p99": 5.406152498763695,
    "results_end_to_end_latency_s_mean": 3.179234131400881,
    "results_end_to_end_latency_s_min": 1.5171427230088739,
    "results_end_to_end_latency_s_max": 5.497722525004065,
    "results_end_to_end_latency_s_stddev": 1.2355266812813441,
    "results_request_output_throughput_token_per_s_quantiles_p25": 114.39819978436529,
    "results_request_output_throughput_token_per_s_quantiles_p50": 121.98883549671493,
    "results_request_output_throughput_token_per_s_quantiles_p75": 127.32941866840274,
    "results_request_output_throughput_token_per_s_quantiles_p90": 131.67444910548411,
    "results_request_output_throughput_token_per_s_quantiles_p95": 133.6369432079935,
    "results_request_output_throughput_token_per_s_quantiles_p99": 135.20693849000105,
    "results_request_output_throughput_token_per_s_mean": 121.30287500661568,
    "results_request_output_throughput_token_per_s_min": 108.86472433184807,
    "results_request_output_throughput_token_per_s_max": 135.59943731050294,
    "results_request_output_throughput_token_per_s_stddev": 8.710901277014594,
    "results_number_input_tokens_quantiles_p25": 3409.75,
    "results_number_input_tokens_quantiles_p50": 5027.0,
    "results_number_input_tokens_quantiles_p75": 6809.5,
    "results_number_input_tokens_quantiles_p90": 7853.0,
    "results_number_input_tokens_quantiles_p95": 7925.0,
    "results_number_input_tokens_quantiles_p99": 7982.6,
    "results_number_input_tokens_mean": 4995.0,
    "results_number_input_tokens_min": "1804",
    "results_number_input_tokens_max": "7997",
    "results_number_input_tokens_stddev": 2263.879217429921,
    "results_number_output_tokens_quantiles_p25": 303.25,
    "results_number_output_tokens_quantiles_p50": 358.0,
    "results_number_output_tokens_quantiles_p75": 460.75,
    "results_number_output_tokens_quantiles_p90": 583.6999999999999,
    "results_number_output_tokens_quantiles_p95": 609.3499999999999,
    "results_number_output_tokens_quantiles_p99": 629.87,
    "results_number_output_tokens_mean": 384.6,
    "results_number_output_tokens_min": "173",
    "results_number_output_tokens_max": "635",
    "results_number_output_tokens_stddev": 148.5531704287877,
    "results_num_requests_started": 10,
    "results_error_rate": 0.0,
    "results_number_errors": 0,
    "results_error_code_frequency": "{}",
    "results_mean_output_throughput_token_per_s": 115.51142760163468,
    "results_num_completed_requests": 10,
    "results_num_completed_requests_per_min": 18.020503525996048,
    "timestamp": 1769511122
}