{
    "version": "2023-08-31",
    "name": "gpt-4-1-nano_550_150_summary",
    "model": "gpt-4.1-nano",
    "mean_input_tokens": 550,
    "stddev_input_tokens": 150,
    "mean_output_tokens": 150,
    "stddev_output_tokens": 10,
    "num_concurrent_requests": 50,
    "results_inter_token_latency_s_quantiles_p25": 0.016939189745261346,
    "results_inter_token_latency_s_quantiles_p50": 0.022132775714347297,
    "results_inter_token_latency_s_quantiles_p75": 0.023376956289511086,
    "results_inter_token_latency_s_quantiles_p90": 0.031558613578189135,
    "results_inter_token_latency_s_quantiles_p95": 0.03436033073681233,
    "results_inter_token_latency_s_quantiles_p99": 0.036601704463710895,
    "results_inter_token_latency_s_mean": 0.022096587615502435,
    "results_inter_token_latency_s_min": 0.013630843853554975,
    "results_inter_token_latency_s_max": 0.037162047895435535,
    "results_inter_token_latency_s_stddev": 0.007369775695290712,
    "results_ttft_s_quantiles_p25": 1.1933220705032,
    "results_ttft_s_quantiles_p50": 2.142081361002056,
    "results_ttft_s_quantiles_p75": 2.3454587170053856,
    "results_ttft_s_quantiles_p90": 2.765670906717423,
    "results_ttft_s_quantiles_p95": 3.0241470803710393,
    "results_ttft_s_quantiles_p99": 3.230928019293933,
    "results_ttft_s_mean": 1.9360609113035026,
    "results_ttft_s_min": 0.978670732001774,
    "results_ttft_s_max": 3.2826232540246565,
    "results_ttft_s_stddev": 0.7884728358399088,
    "results_end_to_end_latency_s_quantiles_p25": 2.381103587737016,
    "results_end_to_end_latency_s_quantiles_p50": 3.1655184219853254,
    "results_end_to_end_latency_s_quantiles_p75": 3.383487688493915,
    "results_end_to_end_latency_s_quantiles_p90": 3.663772574620088,
    "results_end_to_end_latency_s_quantiles_p95": 4.013039010821375,
    "results_end_to_end_latency_s_quantiles_p99": 4.292452159782406,
    "results_end_to_end_latency_s_mean": 3.0053617684956406,
    "results_end_to_end_latency_s_min": 2.032836694997968,
    "results_end_to_end_latency_s_max": 4.362305447022663,
    "results_end_to_end_latency_s_stddev": 0.7343861645414369,
    "results_request_output_throughput_token_per_s_quantiles_p25": 50.95796282840388,
    "results_request_output_throughput_token_per_s_quantiles_p50": 53.61665276372672,
    "results_request_output_throughput_token_per_s_quantiles_p75": 71.89699790708858,
    "results_request_output_throughput_token_per_s_quantiles_p90": 84.98913655350401,
    "results_request_output_throughput_token_per_s_quantiles_p95": 88.90517152044978,
    "results_request_output_throughput_token_per_s_quantiles_p99": 92.03799949400643,
    "results_request_output_throughput_token_per_s_mean": 59.81685871189336,
    "results_request_output_throughput_token_per_s_min": 31.510046672448578,
    "results_request_output_throughput_token_per_s_max": 92.82120648739559,
    "results_request_output_throughput_token_per_s_stddev": 19.39400710764009,
    "results_number_input_tokens_quantiles_p25": 489.5,
    "results_number_input_tokens_quantiles_p50": 549.0,
    "results_number_input_tokens_quantiles_p75": 577.75,
    "results_number_input_tokens_quantiles_p90": 637.5999999999999,
    "results_number_input_tokens_quantiles_p95": 802.2999999999996,
    "results_number_input_tokens_quantiles_p99": 934.0600000000001,
    "results_number_input_tokens_mean": 576.2,
    "results_number_input_tokens_min": "472",
    "results_number_input_tokens_max": "967",
    "results_number_input_tokens_stddev": 144.490522565015,
    "results_number_output_tokens_quantiles_p25": 162.25,
    "results_number_output_tokens_quantiles_p50": 171.0,
    "results_number_output_tokens_quantiles_p75": 178.0,
    "results_number_output_tokens_quantiles_p90": 186.1,
    "results_number_output_tokens_quantiles_p95": 195.54999999999998,
    "results_number_output_tokens_quantiles_p99": 203.11,
    "results_number_output_tokens_mean": 168.3,
    "results_number_output_tokens_min": "113",
    "results_number_output_tokens_max": "205",
    "results_number_output_tokens_stddev": 23.67863547119592,
    "results_num_requests_started": 10,
    "results_error_rate": 0.0,
    "results_number_errors": 0,
    "results_error_code_frequency": "{}",
    "results_mean_output_throughput_token_per_s": 63.18655041781556,
    "results_num_completed_requests": 10,
    "results_num_completed_requests_per_min": 22.526399435941375,
    "timestamp": 1768967889
}