{
    "version": "2023-08-31",
    "name": "gpt-4-1-nano_150_5500_summary",
    "model": "gpt-4.1-nano",
    "mean_input_tokens": 150,
    "stddev_input_tokens": 25,
    "mean_output_tokens": 5500,
    "stddev_output_tokens": 2250,
    "num_concurrent_requests": 20,
    "results_inter_token_latency_s_quantiles_p25": 0.012761769842529826,
    "results_inter_token_latency_s_quantiles_p50": 0.013739840725856127,
    "results_inter_token_latency_s_quantiles_p75": 0.014791707596253088,
    "results_inter_token_latency_s_quantiles_p90": 0.015437041499166701,
    "results_inter_token_latency_s_quantiles_p95": 0.017705725077709955,
    "results_inter_token_latency_s_quantiles_p99": 0.019520671940544566,
    "results_inter_token_latency_s_mean": 0.014119530257992913,
    "results_inter_token_latency_s_min": 0.011276599628300491,
    "results_inter_token_latency_s_max": 0.019974408656253217,
    "results_inter_token_latency_s_stddev": 0.0023659123913110816,
    "results_ttft_s_quantiles_p25": 0.3879563947484712,
    "results_ttft_s_quantiles_p50": 0.4145464039975195,
    "results_ttft_s_quantiles_p75": 0.47289110474594054,
    "results_ttft_s_quantiles_p90": 0.5328990171910845,
    "results_ttft_s_quantiles_p95": 0.6522362010982758,
    "results_ttft_s_quantiles_p99": 0.7477059482240294,
    "results_ttft_s_mean": 0.4502781746981782,
    "results_ttft_s_min": 0.33424641100282315,
    "results_ttft_s_max": 0.7715733850054676,
    "results_ttft_s_stddev": 0.1255382592606381,
    "results_end_to_end_latency_s_quantiles_p25": 1.0301260012493003,
    "results_end_to_end_latency_s_quantiles_p50": 1.1834151270013535,
    "results_end_to_end_latency_s_quantiles_p75": 1.276094853245013,
    "results_end_to_end_latency_s_quantiles_p90": 1.458379763190169,
    "results_end_to_end_latency_s_quantiles_p95": 1.4758793505956418,
    "results_end_to_end_latency_s_quantiles_p99": 1.4898790205200203,
    "results_end_to_end_latency_s_mean": 1.1751026066980557,
    "results_end_to_end_latency_s_min": 0.8964342510007555,
    "results_end_to_end_latency_s_max": 1.4933789380011149,
    "results_end_to_end_latency_s_stddev": 0.20610280372144535,
    "results_request_output_throughput_token_per_s_quantiles_p25": 72.82430343714047,
    "results_request_output_throughput_token_per_s_quantiles_p50": 80.87854004934937,
    "results_request_output_throughput_token_per_s_quantiles_p75": 89.02337299171933,
    "results_request_output_throughput_token_per_s_quantiles_p90": 96.25493546032655,
    "results_request_output_throughput_token_per_s_quantiles_p95": 100.35801552696216,
    "results_request_output_throughput_token_per_s_quantiles_p99": 103.64047958027066,
    "results_request_output_throughput_token_per_s_mean": 81.49391169429526,
    "results_request_output_throughput_token_per_s_min": 60.23029576124206,
    "results_request_output_throughput_token_per_s_max": 104.46109559359779,
    "results_request_output_throughput_token_per_s_stddev": 13.001471009668625,
    "results_number_input_tokens_quantiles_p25": 140.75,
    "results_number_input_tokens_quantiles_p50": 143.0,
    "results_number_input_tokens_quantiles_p75": 146.0,
    "results_number_input_tokens_quantiles_p90": 158.0,
    "results_number_input_tokens_quantiles_p95": 158.0,
    "results_number_input_tokens_quantiles_p99": 158.0,
    "results_number_input_tokens_mean": 144.7,
    "results_number_input_tokens_min": "135",
    "results_number_input_tokens_max": "158",
    "results_number_input_tokens_stddev": 8.000694414306244,
    "results_number_output_tokens_quantiles_p25": 74.75,
    "results_number_output_tokens_quantiles_p50": 83.5,
    "results_number_output_tokens_quantiles_p75": 114.25,
    "results_number_output_tokens_quantiles_p90": 133.5,
    "results_number_output_tokens_quantiles_p95": 144.74999999999997,
    "results_number_output_tokens_quantiles_p99": 153.75,
    "results_number_output_tokens_mean": 96.8,
    "results_number_output_tokens_min": "74",
    "results_number_output_tokens_max": "156",
    "results_number_output_tokens_stddev": 29.169237981895318,
    "results_num_requests_started": 10,
    "results_error_rate": 0.0,
    "results_number_errors": 0,
    "results_error_code_frequency": "{}",
    "results_mean_output_throughput_token_per_s": 108.25108887613624,
    "results_num_completed_requests": 10,
    "results_num_completed_requests_per_min": 67.09778236124147,
    "timestamp": 1769518433
}