{
    "version": "2023-08-31",
    "name": "gpt-4-1-nano_5500_350_summary",
    "model": "gpt-4.1-nano",
    "mean_input_tokens": 5500,
    "stddev_input_tokens": 2250,
    "mean_output_tokens": 350,
    "stddev_output_tokens": 75,
    "num_concurrent_requests": 1,
    "results_inter_token_latency_s_quantiles_p25": 0.011118515360039551,
    "results_inter_token_latency_s_quantiles_p50": 0.011550346576930028,
    "results_inter_token_latency_s_quantiles_p75": 0.013147036849118273,
    "results_inter_token_latency_s_quantiles_p90": 0.013488024611737155,
    "results_inter_token_latency_s_quantiles_p95": 0.013571852936434705,
    "results_inter_token_latency_s_quantiles_p99": 0.013638915596192744,
    "results_inter_token_latency_s_mean": 0.01198404641128547,
    "results_inter_token_latency_s_min": 0.010322047477111691,
    "results_inter_token_latency_s_max": 0.013655681261132254,
    "results_inter_token_latency_s_stddev": 0.0011930162230313478,
    "results_ttft_s_quantiles_p25": 0.6250721229916962,
    "results_ttft_s_quantiles_p50": 1.023883627509349,
    "results_ttft_s_quantiles_p75": 1.149067499256489,
    "results_ttft_s_quantiles_p90": 1.2029574682033852,
    "results_ttft_s_quantiles_p95": 1.2778703370975562,
    "results_ttft_s_quantiles_p99": 1.337800632212893,
    "results_ttft_s_mean": 0.9236923595017288,
    "results_ttft_s_min": 0.41404263900767546,
    "results_ttft_s_max": 1.3527832059917273,
    "results_ttft_s_stddev": 0.3346448330897569,
    "results_end_to_end_latency_s_quantiles_p25": 3.6543281347476295,
    "results_end_to_end_latency_s_quantiles_p50": 4.430297528997471,
    "results_end_to_end_latency_s_quantiles_p75": 4.878728315492481,
    "results_end_to_end_latency_s_quantiles_p90": 5.137308231300267,
    "results_end_to_end_latency_s_quantiles_p95": 5.421893268150597,
    "results_end_to_end_latency_s_quantiles_p99": 5.6495612976308625,
    "results_end_to_end_latency_s_mean": 4.242515456497495,
    "results_end_to_end_latency_s_min": 2.310783459994127,
    "results_end_to_end_latency_s_max": 5.706478305000928,
    "results_end_to_end_latency_s_stddev": 0.9886701772695428,
    "results_request_output_throughput_token_per_s_quantiles_p25": 91.05986723777137,
    "results_request_output_throughput_token_per_s_quantiles_p50": 101.4693242342301,
    "results_request_output_throughput_token_per_s_quantiles_p75": 107.99660004849835,
    "results_request_output_throughput_token_per_s_quantiles_p90": 110.46596998178589,
    "results_request_output_throughput_token_per_s_quantiles_p95": 113.58040528786168,
    "results_request_output_throughput_token_per_s_quantiles_p99": 116.07195353272233,
    "results_request_output_throughput_token_per_s_mean": 100.59526485987456,
    "results_request_output_throughput_token_per_s_min": 87.79495394925864,
    "results_request_output_throughput_token_per_s_max": 116.6948405939375,
    "results_request_output_throughput_token_per_s_stddev": 9.94240729229842,
    "results_number_input_tokens_quantiles_p25": 5341.5,
    "results_number_input_tokens_quantiles_p50": 6867.0,
    "results_number_input_tokens_quantiles_p75": 7692.5,
    "results_number_input_tokens_quantiles_p90": 8384.3,
    "results_number_input_tokens_quantiles_p95": 9308.149999999998,
    "results_number_input_tokens_quantiles_p99": 10047.23,
    "results_number_input_tokens_mean": 6511.8,
    "results_number_input_tokens_min": "2614",
    "results_number_input_tokens_max": "10232",
    "results_number_input_tokens_stddev": 2119.162612396174,
    "results_number_output_tokens_quantiles_p25": 396.75,
    "results_number_output_tokens_quantiles_p50": 430.0,
    "results_number_output_tokens_quantiles_p75": 494.0,
    "results_number_output_tokens_quantiles_p90": 514.6999999999999,
    "results_number_output_tokens_quantiles_p95": 535.8499999999999,
    "results_number_output_tokens_quantiles_p99": 552.77,
    "results_number_output_tokens_mean": 424.6,
    "results_number_output_tokens_min": "230",
    "results_number_output_tokens_max": "557",
    "results_number_output_tokens_stddev": 96.54037727523362,
    "results_num_requests_started": 10,
    "results_error_rate": 0.0,
    "results_number_errors": 0,
    "results_error_code_frequency": "{}",
    "results_mean_output_throughput_token_per_s": 96.59691343736128,
    "results_num_completed_requests": 10,
    "results_num_completed_requests_per_min": 13.650058422613464,
    "timestamp": 1769518269
}