{
    "version": "2023-08-31",
    "name": "gpt-4-1-nano_5500_350_summary",
    "model": "gpt-4.1-nano",
    "mean_input_tokens": 5500,
    "stddev_input_tokens": 2250,
    "mean_output_tokens": 350,
    "stddev_output_tokens": 75,
    "num_concurrent_requests": 30,
    "results_inter_token_latency_s_quantiles_p25": 0.011222355498399091,
    "results_inter_token_latency_s_quantiles_p50": 0.012353977268908915,
    "results_inter_token_latency_s_quantiles_p75": 0.01344288464974928,
    "results_inter_token_latency_s_quantiles_p90": 0.014813131027938704,
    "results_inter_token_latency_s_quantiles_p95": 0.014914774278186637,
    "results_inter_token_latency_s_quantiles_p99": 0.014996088878384986,
    "results_inter_token_latency_s_mean": 0.012501154671190427,
    "results_inter_token_latency_s_min": 0.010189997622052449,
    "results_inter_token_latency_s_max": 0.015016417528434573,
    "results_inter_token_latency_s_stddev": 0.0016172892659772305,
    "results_ttft_s_quantiles_p25": 1.8310664207820082,
    "results_ttft_s_quantiles_p50": 2.1086226395273115,
    "results_ttft_s_quantiles_p75": 2.3997972232173197,
    "results_ttft_s_quantiles_p90": 2.4598251912859266,
    "results_ttft_s_quantiles_p95": 2.5336108556599353,
    "results_ttft_s_quantiles_p99": 2.5926393871591427,
    "results_ttft_s_mean": 2.0998396913113537,
    "results_ttft_s_min": 1.5692462950246409,
    "results_ttft_s_max": 2.6073965200339444,
    "results_ttft_s_stddev": 0.35756850165198073,
    "results_end_to_end_latency_s_quantiles_p25": 3.5592796570126666,
    "results_end_to_end_latency_s_quantiles_p50": 4.0182764245255385,
    "results_end_to_end_latency_s_quantiles_p75": 4.603286771540297,
    "results_end_to_end_latency_s_quantiles_p90": 4.839601063285954,
    "results_end_to_end_latency_s_quantiles_p95": 5.013618953642435,
    "results_end_to_end_latency_s_quantiles_p99": 5.152833265927621,
    "results_end_to_end_latency_s_mean": 4.074439186113887,
    "results_end_to_end_latency_s_min": 2.9537359949899837,
    "results_end_to_end_latency_s_max": 5.1876368439989164,
    "results_end_to_end_latency_s_stddev": 0.7180259943888473,
    "results_request_output_throughput_token_per_s_quantiles_p25": 88.45222452530987,
    "results_request_output_throughput_token_per_s_quantiles_p50": 97.40164016609319,
    "results_request_output_throughput_token_per_s_quantiles_p75": 105.18795062618645,
    "results_request_output_throughput_token_per_s_quantiles_p90": 110.28632891384773,
    "results_request_output_throughput_token_per_s_quantiles_p95": 113.545376719871,
    "results_request_output_throughput_token_per_s_quantiles_p99": 116.15261496468963,
    "results_request_output_throughput_token_per_s_mean": 96.98800089020854,
    "results_request_output_throughput_token_per_s_min": 80.73490623643775,
    "results_request_output_throughput_token_per_s_max": 116.80442452589429,
    "results_request_output_throughput_token_per_s_stddev": 12.136315696139262,
    "results_number_input_tokens_quantiles_p25": 4494.0,
    "results_number_input_tokens_quantiles_p50": 4931.5,
    "results_number_input_tokens_quantiles_p75": 5789.0,
    "results_number_input_tokens_quantiles_p90": 7459.799999999999,
    "results_number_input_tokens_quantiles_p95": 8291.399999999998,
    "results_number_input_tokens_quantiles_p99": 8956.68,
    "results_number_input_tokens_mean": 5225.0,
    "results_number_input_tokens_min": "2396",
    "results_number_input_tokens_max": "9123",
    "results_number_input_tokens_stddev": 1933.069062397927,
    "results_number_output_tokens_quantiles_p25": 359.75,
    "results_number_output_tokens_quantiles_p50": 401.5,
    "results_number_output_tokens_quantiles_p75": 453.5,
    "results_number_output_tokens_quantiles_p90": 480.09999999999997,
    "results_number_output_tokens_quantiles_p95": 503.04999999999995,
    "results_number_output_tokens_quantiles_p99": 521.41,
    "results_number_output_tokens_mean": 395.5,
    "results_number_output_tokens_min": "239",
    "results_number_output_tokens_max": "526",
    "results_number_output_tokens_stddev": 83.98048715161292,
    "results_num_requests_started": 10,
    "results_error_rate": 0.0,
    "results_number_errors": 0,
    "results_error_code_frequency": "{}",
    "results_mean_output_throughput_token_per_s": 206.4042477254016,
    "results_num_completed_requests": 10,
    "results_num_completed_requests_per_min": 31.312907366685458,
    "timestamp": 1768990278
}