{
    "version": "2023-08-31",
    "name": "gpt-4-1-nano_150_350_summary",
    "model": "gpt-4.1-nano",
    "mean_input_tokens": 150,
    "stddev_input_tokens": 25,
    "mean_output_tokens": 350,
    "stddev_output_tokens": 75,
    "num_concurrent_requests": 10,
    "results_inter_token_latency_s_quantiles_p25": 0.01010725222698208,
    "results_inter_token_latency_s_quantiles_p50": 0.01112929157234819,
    "results_inter_token_latency_s_quantiles_p75": 0.012148299253989019,
    "results_inter_token_latency_s_quantiles_p90": 0.01637925390443478,
    "results_inter_token_latency_s_quantiles_p95": 0.018092212083586853,
    "results_inter_token_latency_s_quantiles_p99": 0.019462578626908516,
    "results_inter_token_latency_s_mean": 0.012198269140864037,
    "results_inter_token_latency_s_min": 0.009699006723025351,
    "results_inter_token_latency_s_max": 0.01980517026273893,
    "results_inter_token_latency_s_stddev": 0.003253949372650638,
    "results_ttft_s_quantiles_p25": 0.3703638717561262,
    "results_ttft_s_quantiles_p50": 0.4752417030031211,
    "results_ttft_s_quantiles_p75": 0.5692349925084272,
    "results_ttft_s_quantiles_p90": 0.659698628996557,
    "results_ttft_s_quantiles_p95": 0.7937307690015584,
    "results_ttft_s_quantiles_p99": 0.9009564810055599,
    "results_ttft_s_mean": 0.500439815701975,
    "results_ttft_s_min": 0.2999471899966011,
    "results_ttft_s_max": 0.9277629090065602,
    "results_ttft_s_stddev": 0.1829104764824089,
    "results_end_to_end_latency_s_quantiles_p25": 0.9445826729970577,
    "results_end_to_end_latency_s_quantiles_p50": 1.091483745498408,
    "results_end_to_end_latency_s_quantiles_p75": 1.2238975002474035,
    "results_end_to_end_latency_s_quantiles_p90": 1.3142827118106652,
    "results_end_to_end_latency_s_quantiles_p95": 1.347320693907386,
    "results_end_to_end_latency_s_quantiles_p99": 1.373751079584763,
    "results_end_to_end_latency_s_mean": 1.0880863275015145,
    "results_end_to_end_latency_s_min": 0.7994442080089357,
    "results_end_to_end_latency_s_max": 1.380358676004107,
    "results_end_to_end_latency_s_stddev": 0.19379095400436255,
    "results_request_output_throughput_token_per_s_quantiles_p25": 95.87540300043263,
    "results_request_output_throughput_token_per_s_quantiles_p50": 102.56632043126038,
    "results_request_output_throughput_token_per_s_quantiles_p75": 114.42040204095014,
    "results_request_output_throughput_token_per_s_quantiles_p90": 117.60025929410325,
    "results_request_output_throughput_token_per_s_quantiles_p95": 123.31273759194879,
    "results_request_output_throughput_token_per_s_quantiles_p99": 127.88272023022523,
    "results_request_output_throughput_token_per_s_mean": 100.13467803280663,
    "results_request_output_throughput_token_per_s_min": 58.78449655763256,
    "results_request_output_throughput_token_per_s_max": 129.02521588979434,
    "results_request_output_throughput_token_per_s_stddev": 21.14376009518281,
    "results_number_input_tokens_quantiles_p25": 147.0,
    "results_number_input_tokens_quantiles_p50": 151.5,
    "results_number_input_tokens_quantiles_p75": 160.75,
    "results_number_input_tokens_quantiles_p90": 182.8,
    "results_number_input_tokens_quantiles_p95": 186.39999999999998,
    "results_number_input_tokens_quantiles_p99": 189.28,
    "results_number_input_tokens_mean": 157.2,
    "results_number_input_tokens_min": "140",
    "results_number_input_tokens_max": "190",
    "results_number_input_tokens_stddev": 16.625281952496323,
    "results_number_output_tokens_quantiles_p25": 88.75,
    "results_number_output_tokens_quantiles_p50": 93.0,
    "results_number_output_tokens_quantiles_p75": 137.5,
    "results_number_output_tokens_quantiles_p90": 155.4,
    "results_number_output_tokens_quantiles_p95": 157.2,
    "results_number_output_tokens_quantiles_p99": 158.64,
    "results_number_output_tokens_mean": 109.5,
    "results_number_output_tokens_min": "67",
    "results_number_output_tokens_max": "159",
    "results_number_output_tokens_stddev": 33.9615795994369,
    "results_num_requests_started": 10,
    "results_error_rate": 0.0,
    "results_number_errors": 0,
    "results_error_code_frequency": "{}",
    "results_mean_output_throughput_token_per_s": 137.15226176651373,
    "results_num_completed_requests": 10,
    "results_num_completed_requests_per_min": 75.15192425562395,
    "timestamp": 1769510814
}