{
    "version": "2023-08-31",
    "name": "gpt-4-1-nano_150_5500_summary",
    "model": "gpt-4.1-nano",
    "mean_input_tokens": 150,
    "stddev_input_tokens": 25,
    "mean_output_tokens": 5500,
    "stddev_output_tokens": 2250,
    "num_concurrent_requests": 20,
    "results_inter_token_latency_s_quantiles_p25": 0.021815410562728788,
    "results_inter_token_latency_s_quantiles_p50": 0.023320363242973433,
    "results_inter_token_latency_s_quantiles_p75": 0.026900481165252097,
    "results_inter_token_latency_s_quantiles_p90": 0.060305876728088965,
    "results_inter_token_latency_s_quantiles_p95": 0.1831174910654951,
    "results_inter_token_latency_s_quantiles_p99": 0.2813667825354205,
    "results_inter_token_latency_s_mean": 0.050551458659476765,
    "results_inter_token_latency_s_min": 0.011294848428379913,
    "results_inter_token_latency_s_max": 0.30592910540290175,
    "results_inter_token_latency_s_stddev": 0.08995397925617732,
    "results_ttft_s_quantiles_p25": 1.608625798515277,
    "results_ttft_s_quantiles_p50": 1.8230021305207629,
    "results_ttft_s_quantiles_p75": 2.147233554496779,
    "results_ttft_s_quantiles_p90": 2.4288773654785474,
    "results_ttft_s_quantiles_p95": 2.441850003725267,
    "results_ttft_s_quantiles_p99": 2.4522281143226428,
    "results_ttft_s_mean": 1.8995654468017165,
    "results_ttft_s_min": 1.489417183038313,
    "results_ttft_s_max": 2.4548226419719867,
    "results_ttft_s_stddev": 0.37198451585316283,
    "results_end_to_end_latency_s_quantiles_p25": 2.124873763517826,
    "results_end_to_end_latency_s_quantiles_p50": 2.6234263440128416,
    "results_end_to_end_latency_s_quantiles_p75": 3.196236008501728,
    "results_end_to_end_latency_s_quantiles_p90": 3.544917234778404,
    "results_end_to_end_latency_s_quantiles_p95": 3.5891974634025243,
    "results_end_to_end_latency_s_quantiles_p99": 3.624621646301821,
    "results_end_to_end_latency_s_mean": 2.633139522006968,
    "results_end_to_end_latency_s_min": 1.5303054800024256,
    "results_end_to_end_latency_s_max": 3.633477692026645,
    "results_end_to_end_latency_s_stddev": 0.7276557892166001,
    "results_request_output_throughput_token_per_s_quantiles_p25": 42.45523592560985,
    "results_request_output_throughput_token_per_s_quantiles_p50": 47.90432500835344,
    "results_request_output_throughput_token_per_s_quantiles_p75": 55.53874722944269,
    "results_request_output_throughput_token_per_s_quantiles_p90": 94.33738208877001,
    "results_request_output_throughput_token_per_s_quantiles_p95": 99.6351162247197,
    "results_request_output_throughput_token_per_s_quantiles_p99": 103.87330353347947,
    "results_request_output_throughput_token_per_s_mean": 52.90841984688458,
    "results_request_output_throughput_token_per_s_min": 2.6138572018925657,
    "results_request_output_throughput_token_per_s_max": 104.9328503606694,
    "results_request_output_throughput_token_per_s_stddev": 28.65433972183558,
    "results_number_input_tokens_quantiles_p25": 141.0,
    "results_number_input_tokens_quantiles_p50": 147.5,
    "results_number_input_tokens_quantiles_p75": 158.25,
    "results_number_input_tokens_quantiles_p90": 161.79999999999998,
    "results_number_input_tokens_quantiles_p95": 169.89999999999998,
    "results_number_input_tokens_quantiles_p99": 176.38,
    "results_number_input_tokens_mean": 143.7,
    "results_number_input_tokens_min": "96",
    "results_number_input_tokens_max": "178",
    "results_number_input_tokens_stddev": 23.84230600331175,
    "results_number_output_tokens_quantiles_p25": 85.25,
    "results_number_output_tokens_quantiles_p50": 140.5,
    "results_number_output_tokens_quantiles_p75": 188.75,
    "results_number_output_tokens_quantiles_p90": 272.5,
    "results_number_output_tokens_quantiles_p95": 283.75,
    "results_number_output_tokens_quantiles_p99": 292.75,
    "results_number_output_tokens_mean": 148.0,
    "results_number_output_tokens_min": "4",
    "results_number_output_tokens_max": "295",
    "results_number_output_tokens_stddev": 90.30565381586644,
    "results_num_requests_started": 10,
    "results_error_rate": 0.0,
    "results_number_errors": 0,
    "results_error_code_frequency": "{}",
    "results_mean_output_throughput_token_per_s": 65.76609547141138,
    "results_num_completed_requests": 10,
    "results_num_completed_requests_per_min": 26.661930596518122,
    "timestamp": 1769053354
}