Concurrent_Users,P25,P50,P75
1,1.2280460734946246,1.3823454154990031,4.955865342246398
10,1.0239234075015702,1.16885507999541,1.4717248379929515
20,0.8113463549925655,1.3450607810009387,1.5305890114977956
30,0.9121469190067728,1.0820317519974196,1.166047692997381
40,1.182094687497738,1.2447997760027647,1.261410446746595
50,1.1923784619903017,1.2696951729958528,1.40341602474291
