Concurrent_Users,P25,P50,P75
1,0.010994193794894748,0.011978645227766278,0.01303020640953348
10,0.01143166021388102,0.01217843406463186,0.013427554047386646
20,0.011933706523644123,0.012706376514274623,0.01324836712318982
30,0.010854551263319936,0.011878582193846039,0.012325789108601357
40,0.01235800685367211,0.014198086555643311,0.01572460017269389
50,0.01369778472437468,0.015408744058694166,0.01855757536838929
