Concurrent_Users,P25,P50,P75
1,87.66097471180558,101.96427912387566,112.16419983291715
10,90.09648120213947,94.89040682244217,106.10334053543029
20,86.3763546227741,95.16534599535257,101.35284942396598
30,93.72834023496426,98.39041166055964,105.10776548327284
40,73.24262144333314,83.54079159476643,100.88451204116821
50,62.523603945192065,73.40209402110182,89.0885857085531
