{
    "version": "2023-08-31",
    "name": "gpt-4-1-nano_5500_350_summary",
    "model": "gpt-4.1-nano",
    "mean_input_tokens": 5500,
    "stddev_input_tokens": 2250,
    "mean_output_tokens": 350,
    "stddev_output_tokens": 75,
    "num_concurrent_requests": 10,
    "results_inter_token_latency_s_quantiles_p25": 0.00910116538003485,
    "results_inter_token_latency_s_quantiles_p50": 0.009601675348723068,
    "results_inter_token_latency_s_quantiles_p75": 0.011959717716580708,
    "results_inter_token_latency_s_quantiles_p90": 0.013935338940543864,
    "results_inter_token_latency_s_quantiles_p95": 0.015227567999898294,
    "results_inter_token_latency_s_quantiles_p99": 0.016261351247381844,
    "results_inter_token_latency_s_mean": 0.010782032086773731,
    "results_inter_token_latency_s_min": 0.008591947754553764,
    "results_inter_token_latency_s_max": 0.01651979705925273,
    "results_inter_token_latency_s_stddev": 0.0026145017845235724,
    "results_ttft_s_quantiles_p25": 0.9126089782500912,
    "results_ttft_s_quantiles_p50": 1.337208808500236,
    "results_ttft_s_quantiles_p75": 1.4270267617494028,
    "results_ttft_s_quantiles_p90": 1.441985418200238,
    "results_ttft_s_quantiles_p95": 1.4818715560998497,
    "results_ttft_s_quantiles_p99": 1.5137804664195391,
    "results_ttft_s_mean": 1.1937230880998868,
    "results_ttft_s_min": 0.7283286030005911,
    "results_ttft_s_max": 1.5217576939994615,
    "results_ttft_s_stddev": 0.2940731008142174,
    "results_end_to_end_latency_s_quantiles_p25": 2.9174076325002716,
    "results_end_to_end_latency_s_quantiles_p50": 3.5504529965000984,
    "results_end_to_end_latency_s_quantiles_p75": 3.8863575337495604,
    "results_end_to_end_latency_s_quantiles_p90": 4.049315087700597,
    "results_end_to_end_latency_s_quantiles_p95": 4.082166931350275,
    "results_end_to_end_latency_s_quantiles_p99": 4.108448406270018,
    "results_end_to_end_latency_s_mean": 3.3614415552999164,
    "results_end_to_end_latency_s_min": 2.2303516039992246,
    "results_end_to_end_latency_s_max": 4.115018774999953,
    "results_end_to_end_latency_s_stddev": 0.6693618997454033,
    "results_request_output_throughput_token_per_s_quantiles_p25": 99.14543797972273,
    "results_request_output_throughput_token_per_s_quantiles_p50": 120.33239676743153,
    "results_request_output_throughput_token_per_s_quantiles_p75": 129.72758253117325,
    "results_request_output_throughput_token_per_s_quantiles_p90": 132.94938944385515,
    "results_request_output_throughput_token_per_s_quantiles_p95": 138.94274373983362,
    "results_request_output_throughput_token_per_s_quantiles_p99": 143.73742717661642,
    "results_request_output_throughput_token_per_s_mean": 113.32836063856,
    "results_request_output_throughput_token_per_s_min": 70.3924886634397,
    "results_request_output_throughput_token_per_s_max": 144.9360980358121,
    "results_request_output_throughput_token_per_s_stddev": 23.379807772882124,
    "results_number_input_tokens_quantiles_p25": 3110.25,
    "results_number_input_tokens_quantiles_p50": 5527.5,
    "results_number_input_tokens_quantiles_p75": 6387.5,
    "results_number_input_tokens_quantiles_p90": 6981.399999999998,
    "results_number_input_tokens_quantiles_p95": 9170.199999999995,
    "results_number_input_tokens_quantiles_p99": 10921.240000000002,
    "results_number_input_tokens_mean": 5082.8,
    "results_number_input_tokens_min": "360",
    "results_number_input_tokens_max": "11359",
    "results_number_input_tokens_stddev": 3011.32476568776,
    "results_number_output_tokens_quantiles_p25": 321.75,
    "results_number_output_tokens_quantiles_p50": 434.0,
    "results_number_output_tokens_quantiles_p75": 472.75,
    "results_number_output_tokens_quantiles_p90": 516.7,
    "results_number_output_tokens_quantiles_p95": 524.35,
    "results_number_output_tokens_quantiles_p99": 530.47,
    "results_number_output_tokens_mean": 390.2,
    "results_number_output_tokens_min": "157",
    "results_number_output_tokens_max": "532",
    "results_number_output_tokens_stddev": 128.79509997580567,
    "results_num_requests_started": 10,
    "results_error_rate": 0.0,
    "results_number_errors": 0,
    "results_error_code_frequency": "{}",
    "results_mean_output_throughput_token_per_s": 247.5758627481801,
    "results_num_completed_requests": 10,
    "results_num_completed_requests_per_min": 38.06907166809535,
    "timestamp": 1769149445
}