{
    "version": "2023-08-31",
    "name": "gpt-4-1-nano_5500_350_summary",
    "model": "gpt-4.1-nano",
    "mean_input_tokens": 5500,
    "stddev_input_tokens": 2250,
    "mean_output_tokens": 350,
    "stddev_output_tokens": 75,
    "num_concurrent_requests": 20,
    "results_inter_token_latency_s_quantiles_p25": 0.008670249622807609,
    "results_inter_token_latency_s_quantiles_p50": 0.00957105919859989,
    "results_inter_token_latency_s_quantiles_p75": 0.009701483213545213,
    "results_inter_token_latency_s_quantiles_p90": 0.010480004682503489,
    "results_inter_token_latency_s_quantiles_p95": 0.010631390703667185,
    "results_inter_token_latency_s_quantiles_p99": 0.010752499520598141,
    "results_inter_token_latency_s_mean": 0.009390979272946864,
    "results_inter_token_latency_s_min": 0.008110187301134462,
    "results_inter_token_latency_s_max": 0.01078277672483088,
    "results_inter_token_latency_s_stddev": 0.0008505692814446779,
    "results_ttft_s_quantiles_p25": 0.3808049309955095,
    "results_ttft_s_quantiles_p50": 0.5387703175001661,
    "results_ttft_s_quantiles_p75": 0.5951327037510055,
    "results_ttft_s_quantiles_p90": 0.6369394542038207,
    "results_ttft_s_quantiles_p95": 0.7285227306012527,
    "results_ttft_s_quantiles_p99": 0.8017893517191987,
    "results_ttft_s_mean": 0.5168962732001091,
    "results_ttft_s_min": 0.34603643001173623,
    "results_ttft_s_max": 0.8201060069986852,
    "results_ttft_s_stddev": 0.14817858631537784,
    "results_end_to_end_latency_s_quantiles_p25": 2.3336427017420647,
    "results_end_to_end_latency_s_quantiles_p50": 2.37737252900115,
    "results_end_to_end_latency_s_quantiles_p75": 2.604578338759893,
    "results_end_to_end_latency_s_quantiles_p90": 2.6534366928986857,
    "results_end_to_end_latency_s_quantiles_p95": 2.6614384574502763,
    "results_end_to_end_latency_s_quantiles_p99": 2.6678398690915492,
    "results_end_to_end_latency_s_mean": 2.366357358399546,
    "results_end_to_end_latency_s_min": 1.6710908189998008,
    "results_end_to_end_latency_s_max": 2.6694402220018674,
    "results_end_to_end_latency_s_stddev": 0.3127286617848899,
    "results_request_output_throughput_token_per_s_quantiles_p25": 122.71760309287059,
    "results_request_output_throughput_token_per_s_quantiles_p50": 125.03416658064718,
    "results_request_output_throughput_token_per_s_quantiles_p75": 135.53447846579746,
    "results_request_output_throughput_token_per_s_quantiles_p90": 141.45717244525633,
    "results_request_output_throughput_token_per_s_quantiles_p95": 145.1942641857072,
    "results_request_output_throughput_token_per_s_quantiles_p99": 148.1839375780679,
    "results_request_output_throughput_token_per_s_mean": 127.46685621859001,
    "results_request_output_throughput_token_per_s_min": 111.63389145928271,
    "results_request_output_throughput_token_per_s_max": 148.9313559261581,
    "results_request_output_throughput_token_per_s_stddev": 11.896370391279142,
    "results_number_input_tokens_quantiles_p25": 4784.25,
    "results_number_input_tokens_quantiles_p50": 5202.5,
    "results_number_input_tokens_quantiles_p75": 6107.0,
    "results_number_input_tokens_quantiles_p90": 6688.0,
    "results_number_input_tokens_quantiles_p95": 6688.0,
    "results_number_input_tokens_quantiles_p99": 6688.0,
    "results_number_input_tokens_mean": 5225.4,
    "results_number_input_tokens_min": "1906",
    "results_number_input_tokens_max": "6688",
    "results_number_input_tokens_stddev": 1405.7237123828977,
    "results_number_output_tokens_quantiles_p25": 293.75,
    "results_number_output_tokens_quantiles_p50": 298.0,
    "results_number_output_tokens_quantiles_p75": 315.25,
    "results_number_output_tokens_quantiles_p90": 348.2,
    "results_number_output_tokens_quantiles_p95": 358.09999999999997,
    "results_number_output_tokens_quantiles_p99": 366.02,
    "results_number_output_tokens_mean": 300.2,
    "results_number_output_tokens_min": "235",
    "results_number_output_tokens_max": "368",
    "results_number_output_tokens_stddev": 39.55811477363961,
    "results_num_requests_started": 10,
    "results_error_rate": 0.0,
    "results_number_errors": 0,
    "results_error_code_frequency": "{}",
    "results_mean_output_throughput_token_per_s": 328.98320016688746,
    "results_num_completed_requests": 10,
    "results_num_completed_requests_per_min": 65.75280483015739,
    "timestamp": 1769510381
}