Concurrent_Users,P25,P50,P75
1,0.008252250910777161,0.00989090352615424,0.012356730915800886
10,0.009543133106218035,0.009678254446899204,0.010195940752697592
20,0.00997311868580326,0.012776968780045049,0.014929444212203581
30,0.011222355498399091,0.012353977268908915,0.01344288464974928
40,0.011289972315080015,0.012994642580312032,0.014183939233083651
50,0.010941013743410716,0.012579878764020586,0.012917057275741531
