Concurrent_Users,P25,P50,P75
1,97.60781173033448,122.86242982419122,143.23522705740288
10,117.23376306663295,123.81317675378597,126.03124140711955
20,80.47569946353407,95.20051749281762,119.26717361426783
30,88.45222452530987,97.40164016609319,105.18795062618645
40,83.87715446044047,92.01232185362105,106.5649770822804
50,93.94407865063918,96.66330978867026,111.63818659036394
