Concurrent_Users,P25,P50,P75
1,0.6808066092635272,1.3013513075129595,1.5803242339752614
10,1.0343138627504231,1.1407879715261515,1.4165829022385878
20,1.6608924340398517,1.8761269229871687,2.0607192972674966
30,1.8310664207820082,2.1086226395273115,2.3997972232173197
40,2.1733453697379446,2.4496016225020867,3.145226668988471
50,1.6507253567542648,1.9708590955124237,2.3892875515011838
