{
    "version": "2023-08-31",
    "name": "gpt-4-1-nano_5500_350_summary",
    "model": "gpt-4.1-nano",
    "mean_input_tokens": 5500,
    "stddev_input_tokens": 2250,
    "mean_output_tokens": 350,
    "stddev_output_tokens": 75,
    "num_concurrent_requests": 50,
    "results_inter_token_latency_s_quantiles_p25": 0.010296733650307205,
    "results_inter_token_latency_s_quantiles_p50": 0.010800281934323759,
    "results_inter_token_latency_s_quantiles_p75": 0.01111825935350243,
    "results_inter_token_latency_s_quantiles_p90": 0.011550168214879385,
    "results_inter_token_latency_s_quantiles_p95": 0.011883809404579244,
    "results_inter_token_latency_s_quantiles_p99": 0.012150722356339135,
    "results_inter_token_latency_s_mean": 0.01076896820198234,
    "results_inter_token_latency_s_min": 0.009390442524471139,
    "results_inter_token_latency_s_max": 0.012217450594279106,
    "results_inter_token_latency_s_stddev": 0.0007812268602941964,
    "results_ttft_s_quantiles_p25": 0.4874242652404064,
    "results_ttft_s_quantiles_p50": 0.602885337502812,
    "results_ttft_s_quantiles_p75": 0.6856583164917538,
    "results_ttft_s_quantiles_p90": 0.7003798098041443,
    "results_ttft_s_quantiles_p95": 0.7352726738987256,
    "results_ttft_s_quantiles_p99": 0.763186965174391,
    "results_ttft_s_mean": 0.5915591912969831,
    "results_ttft_s_min": 0.4251518780074548,
    "results_ttft_s_max": 0.7701655379933072,
    "results_ttft_s_stddev": 0.12233456569441953,
    "results_end_to_end_latency_s_quantiles_p25": 2.7879882949891908,
    "results_end_to_end_latency_s_quantiles_p50": 3.4730658310072613,
    "results_end_to_end_latency_s_quantiles_p75": 4.177768693989492,
    "results_end_to_end_latency_s_quantiles_p90": 4.705287629403756,
    "results_end_to_end_latency_s_quantiles_p95": 4.723279504200036,
    "results_end_to_end_latency_s_quantiles_p99": 4.7376730040370605,
    "results_end_to_end_latency_s_mean": 3.533977231697645,
    "results_end_to_end_latency_s_min": 2.0953645590052474,
    "results_end_to_end_latency_s_max": 4.741271378996316,
    "results_end_to_end_latency_s_stddev": 0.9108878003352318,
    "results_request_output_throughput_token_per_s_quantiles_p25": 107.64851332796363,
    "results_request_output_throughput_token_per_s_quantiles_p50": 112.06296689083209,
    "results_request_output_throughput_token_per_s_quantiles_p75": 115.93414448576736,
    "results_request_output_throughput_token_per_s_quantiles_p90": 118.43347512941742,
    "results_request_output_throughput_token_per_s_quantiles_p95": 122.60366656704717,
    "results_request_output_throughput_token_per_s_quantiles_p99": 125.93981971715098,
    "results_request_output_throughput_token_per_s_mean": 111.71847661191705,
    "results_request_output_throughput_token_per_s_min": 98.16826281541886,
    "results_request_output_throughput_token_per_s_max": 126.77385800467694,
    "results_request_output_throughput_token_per_s_stddev": 7.924014040674029,
    "results_number_input_tokens_quantiles_p25": 4351.25,
    "results_number_input_tokens_quantiles_p50": 4884.5,
    "results_number_input_tokens_quantiles_p75": 6485.0,
    "results_number_input_tokens_quantiles_p90": 7485.0,
    "results_number_input_tokens_quantiles_p95": 7485.0,
    "results_number_input_tokens_quantiles_p99": 7485.0,
    "results_number_input_tokens_mean": 5065.6,
    "results_number_input_tokens_min": "617",
    "results_number_input_tokens_max": "7485",
    "results_number_input_tokens_stddev": 2023.8842303298325,
    "results_number_output_tokens_quantiles_p25": 313.75,
    "results_number_output_tokens_quantiles_p50": 419.5,
    "results_number_output_tokens_quantiles_p75": 482.75,
    "results_number_output_tokens_quantiles_p90": 490.4,
    "results_number_output_tokens_quantiles_p95": 505.7,
    "results_number_output_tokens_quantiles_p99": 517.94,
    "results_number_output_tokens_mean": 395.7,
    "results_number_output_tokens_min": "224",
    "results_number_output_tokens_max": "521",
    "results_number_output_tokens_stddev": 105.158134889001,
    "results_num_requests_started": 10,
    "results_error_rate": 0.0,
    "results_number_errors": 0,
    "results_error_code_frequency": "{}",
    "results_mean_output_throughput_token_per_s": 339.1361391697116,
    "results_num_completed_requests": 10,
    "results_num_completed_requests_per_min": 51.423220495786445,
    "timestamp": 1769518365
}