{
    "version": "2023-08-31",
    "name": "gpt-4-1-nano_5500_350_summary",
    "model": "gpt-4.1-nano",
    "mean_input_tokens": 5500,
    "stddev_input_tokens": 2250,
    "mean_output_tokens": 350,
    "stddev_output_tokens": 75,
    "num_concurrent_requests": 30,
    "results_inter_token_latency_s_quantiles_p25": 0.011896340162909136,
    "results_inter_token_latency_s_quantiles_p50": 0.012057515960680349,
    "results_inter_token_latency_s_quantiles_p75": 0.012808617678371326,
    "results_inter_token_latency_s_quantiles_p90": 0.015305993875591494,
    "results_inter_token_latency_s_quantiles_p95": 0.015436199284840017,
    "results_inter_token_latency_s_quantiles_p99": 0.015540363612238836,
    "results_inter_token_latency_s_mean": 0.012677534305492403,
    "results_inter_token_latency_s_min": 0.010850941503052542,
    "results_inter_token_latency_s_max": 0.01556640469408854,
    "results_inter_token_latency_s_stddev": 0.0015396038326315703,
    "results_ttft_s_quantiles_p25": 0.9097957695194054,
    "results_ttft_s_quantiles_p50": 1.0508732405141927,
    "results_ttft_s_quantiles_p75": 1.3315469707595184,
    "results_ttft_s_quantiles_p90": 1.4138428746024145,
    "results_ttft_s_quantiles_p95": 1.454540157294832,
    "results_ttft_s_quantiles_p99": 1.487097983448766,
    "results_ttft_s_mean": 1.1157641906116624,
    "results_ttft_s_min": 0.8355799380224198,
    "results_ttft_s_max": 1.4952374399872497,
    "results_ttft_s_stddev": 0.2393781346293002,
    "results_end_to_end_latency_s_quantiles_p25": 2.9017419077572413,
    "results_end_to_end_latency_s_quantiles_p50": 4.094720769498963,
    "results_end_to_end_latency_s_quantiles_p75": 4.44864654027333,
    "results_end_to_end_latency_s_quantiles_p90": 4.606459454121068,
    "results_end_to_end_latency_s_quantiles_p95": 4.720236005558399,
    "results_end_to_end_latency_s_quantiles_p99": 4.811257246708265,
    "results_end_to_end_latency_s_mean": 3.710442019806942,
    "results_end_to_end_latency_s_min": 2.3119709710008465,
    "results_end_to_end_latency_s_max": 4.834012556995731,
    "results_end_to_end_latency_s_stddev": 0.9555194775588162,
    "results_request_output_throughput_token_per_s_quantiles_p25": 93.69064319162939,
    "results_request_output_throughput_token_per_s_quantiles_p50": 99.59802390298589,
    "results_request_output_throughput_token_per_s_quantiles_p75": 102.51336671299781,
    "results_request_output_throughput_token_per_s_quantiles_p90": 104.09089654935187,
    "results_request_output_throughput_token_per_s_quantiles_p95": 107.31242932264932,
    "results_request_output_throughput_token_per_s_quantiles_p99": 109.8896555412873,
    "results_request_output_throughput_token_per_s_mean": 96.57298347033395,
    "results_request_output_throughput_token_per_s_min": 78.13469381321583,
    "results_request_output_throughput_token_per_s_max": 110.53396209594679,
    "results_request_output_throughput_token_per_s_stddev": 10.192893733576396,
    "results_number_input_tokens_quantiles_p25": 3619.5,
    "results_number_input_tokens_quantiles_p50": 5103.5,
    "results_number_input_tokens_quantiles_p75": 5829.5,
    "results_number_input_tokens_quantiles_p90": 6201.099999999999,
    "results_number_input_tokens_quantiles_p95": 6557.049999999999,
    "results_number_input_tokens_quantiles_p99": 6841.81,
    "results_number_input_tokens_mean": 4784.0,
    "results_number_input_tokens_min": "2769",
    "results_number_input_tokens_max": "6913",
    "results_number_input_tokens_stddev": 1462.7935223020675,
    "results_number_output_tokens_quantiles_p25": 258.25,
    "results_number_output_tokens_quantiles_p50": 408.0,
    "results_number_output_tokens_quantiles_p75": 444.0,
    "results_number_output_tokens_quantiles_p90": 472.5,
    "results_number_output_tokens_quantiles_p95": 479.25,
    "results_number_output_tokens_quantiles_p99": 484.65,
    "results_number_output_tokens_mean": 361.7,
    "results_number_output_tokens_min": "188",
    "results_number_output_tokens_max": "486",
    "results_number_output_tokens_stddev": 109.70369182484244,
    "results_num_requests_started": 10,
    "results_error_rate": 0.0,
    "results_number_errors": 0,
    "results_error_code_frequency": "{}",
    "results_mean_output_throughput_token_per_s": 149.40297985802596,
    "results_num_completed_requests": 10,
    "results_num_completed_requests_per_min": 24.783463620352663,
    "timestamp": 1769091690
}