{
    "version": "2023-08-31",
    "name": "gpt-4-1-nano_5500_350_summary",
    "model": "gpt-4.1-nano",
    "mean_input_tokens": 5500,
    "stddev_input_tokens": 2250,
    "mean_output_tokens": 350,
    "stddev_output_tokens": 75,
    "num_concurrent_requests": 10,
    "results_inter_token_latency_s_quantiles_p25": 0.011958938560732121,
    "results_inter_token_latency_s_quantiles_p50": 0.01331644980541067,
    "results_inter_token_latency_s_quantiles_p75": 0.015148178932681212,
    "results_inter_token_latency_s_quantiles_p90": 0.01541305703342652,
    "results_inter_token_latency_s_quantiles_p95": 0.015549813142165638,
    "results_inter_token_latency_s_quantiles_p99": 0.015659218029156933,
    "results_inter_token_latency_s_mean": 0.013435471240568994,
    "results_inter_token_latency_s_min": 0.010573596800818588,
    "results_inter_token_latency_s_max": 0.015686569250904756,
    "results_inter_token_latency_s_stddev": 0.0018500578712528702,
    "results_ttft_s_quantiles_p25": 0.6367798217688687,
    "results_ttft_s_quantiles_p50": 0.652036577987019,
    "results_ttft_s_quantiles_p75": 0.6861170997435693,
    "results_ttft_s_quantiles_p90": 0.7392076175194233,
    "results_ttft_s_quantiles_p95": 0.7672079517447855,
    "results_ttft_s_quantiles_p99": 0.7896082191250753,
    "results_ttft_s_mean": 0.6723942443961277,
    "results_ttft_s_min": 0.6185918429982848,
    "results_ttft_s_max": 0.7952082859701477,
    "results_ttft_s_stddev": 0.055142946403542885,
    "results_end_to_end_latency_s_quantiles_p25": 3.430718171715853,
    "results_end_to_end_latency_s_quantiles_p50": 4.339838315034285,
    "results_end_to_end_latency_s_quantiles_p75": 5.0998924405139405,
    "results_end_to_end_latency_s_quantiles_p90": 5.21216267758864,
    "results_end_to_end_latency_s_quantiles_p95": 5.324244747278862,
    "results_end_to_end_latency_s_quantiles_p99": 5.413910403031041,
    "results_end_to_end_latency_s_mean": 4.24911341110128,
    "results_end_to_end_latency_s_min": 2.9687082470045425,
    "results_end_to_end_latency_s_max": 5.4363268169690855,
    "results_end_to_end_latency_s_stddev": 0.9619625474296507,
    "results_request_output_throughput_token_per_s_quantiles_p25": 80.38385969042903,
    "results_request_output_throughput_token_per_s_quantiles_p50": 89.82925995184216,
    "results_request_output_throughput_token_per_s_quantiles_p75": 100.93104907408943,
    "results_request_output_throughput_token_per_s_quantiles_p90": 107.99796395359158,
    "results_request_output_throughput_token_per_s_quantiles_p95": 111.03839285294382,
    "results_request_output_throughput_token_per_s_quantiles_p99": 113.47073597242562,
    "results_request_output_throughput_token_per_s_mean": 91.50068270063736,
    "results_request_output_throughput_token_per_s_min": 75.97041419784615,
    "results_request_output_throughput_token_per_s_max": 114.07882175229607,
    "results_request_output_throughput_token_per_s_stddev": 13.219160147204015,
    "results_number_input_tokens_quantiles_p25": 3161.0,
    "results_number_input_tokens_quantiles_p50": 5368.0,
    "results_number_input_tokens_quantiles_p75": 6541.5,
    "results_number_input_tokens_quantiles_p90": 7650.499999999999,
    "results_number_input_tokens_quantiles_p95": 9290.749999999996,
    "results_number_input_tokens_quantiles_p99": 10602.95,
    "results_number_input_tokens_mean": 5071.2,
    "results_number_input_tokens_min": "339",
    "results_number_input_tokens_max": "10931",
    "results_number_input_tokens_stddev": 3124.061451949298,
    "results_number_output_tokens_quantiles_p25": 362.25,
    "results_number_output_tokens_quantiles_p50": 404.0,
    "results_number_output_tokens_quantiles_p75": 412.5,
    "results_number_output_tokens_quantiles_p90": 418.4,
    "results_number_output_tokens_quantiles_p95": 420.2,
    "results_number_output_tokens_quantiles_p99": 421.64,
    "results_number_output_tokens_mean": 379.7,
    "results_number_output_tokens_min": "284",
    "results_number_output_tokens_max": "422",
    "results_number_output_tokens_stddev": 52.31538970513361,
    "results_num_requests_started": 10,
    "results_error_rate": 0.0,
    "results_number_errors": 0,
    "results_error_code_frequency": "{}",
    "results_mean_output_throughput_token_per_s": 216.1374830275789,
    "results_num_completed_requests": 10,
    "results_num_completed_requests_per_min": 34.153934636962695,
    "timestamp": 1769091606
}