{
    "version": "2023-08-31",
    "name": "gpt-4-1-nano_150_5500_summary",
    "model": "gpt-4.1-nano",
    "mean_input_tokens": 150,
    "stddev_input_tokens": 25,
    "mean_output_tokens": 5500,
    "stddev_output_tokens": 2250,
    "num_concurrent_requests": 40,
    "results_inter_token_latency_s_quantiles_p25": 0.01235800685367211,
    "results_inter_token_latency_s_quantiles_p50": 0.014198086555643311,
    "results_inter_token_latency_s_quantiles_p75": 0.01572460017269389,
    "results_inter_token_latency_s_quantiles_p90": 0.016562509195306725,
    "results_inter_token_latency_s_quantiles_p95": 0.016768567547866646,
    "results_inter_token_latency_s_quantiles_p99": 0.016933414229914585,
    "results_inter_token_latency_s_mean": 0.01396872320410778,
    "results_inter_token_latency_s_min": 0.01065229168412988,
    "results_inter_token_latency_s_max": 0.01697462590042657,
    "results_inter_token_latency_s_stddev": 0.0022277245796753645,
    "results_ttft_s_quantiles_p25": 0.41767661549238255,
    "results_ttft_s_quantiles_p50": 0.4875577040002099,
    "results_ttft_s_quantiles_p75": 0.5026744297574623,
    "results_ttft_s_quantiles_p90": 0.5669960484927288,
    "results_ttft_s_quantiles_p95": 0.5760519722447498,
    "results_ttft_s_quantiles_p99": 0.5832967112463666,
    "results_ttft_s_mean": 0.47647738559753633,
    "results_ttft_s_min": 0.3852245669986587,
    "results_ttft_s_max": 0.5851078959967708,
    "results_ttft_s_stddev": 0.06692309136581708,
    "results_end_to_end_latency_s_quantiles_p25": 1.182094687497738,
    "results_end_to_end_latency_s_quantiles_p50": 1.2447997760027647,
    "results_end_to_end_latency_s_quantiles_p75": 1.261410446746595,
    "results_end_to_end_latency_s_quantiles_p90": 1.2712994680958218,
    "results_end_to_end_latency_s_quantiles_p95": 1.296409063545434,
    "results_end_to_end_latency_s_quantiles_p99": 1.316496739905124,
    "results_end_to_end_latency_s_mean": 1.2071516225973027,
    "results_end_to_end_latency_s_min": 1.0251726309943479,
    "results_end_to_end_latency_s_max": 1.3215186589950463,
    "results_end_to_end_latency_s_stddev": 0.0915622308746975,
    "results_request_output_throughput_token_per_s_quantiles_p25": 73.24262144333314,
    "results_request_output_throughput_token_per_s_quantiles_p50": 83.54079159476643,
    "results_request_output_throughput_token_per_s_quantiles_p75": 100.88451204116821,
    "results_request_output_throughput_token_per_s_quantiles_p90": 117.42743506394635,
    "results_request_output_throughput_token_per_s_quantiles_p95": 120.48661943910354,
    "results_request_output_throughput_token_per_s_quantiles_p99": 122.9339669392293,
    "results_request_output_throughput_token_per_s_mean": 89.03899307760602,
    "results_request_output_throughput_token_per_s_min": 66.52332031548772,
    "results_request_output_throughput_token_per_s_max": 123.54580381426074,
    "results_request_output_throughput_token_per_s_stddev": 19.864634530676582,
    "results_number_input_tokens_quantiles_p25": 143.0,
    "results_number_input_tokens_quantiles_p50": 149.0,
    "results_number_input_tokens_quantiles_p75": 150.5,
    "results_number_input_tokens_quantiles_p90": 152.2,
    "results_number_input_tokens_quantiles_p95": 157.6,
    "results_number_input_tokens_quantiles_p99": 161.92000000000002,
    "results_number_input_tokens_mean": 146.4,
    "results_number_input_tokens_min": "121",
    "results_number_input_tokens_max": "163",
    "results_number_input_tokens_stddev": 10.793001847905378,
    "results_number_output_tokens_quantiles_p25": 87.0,
    "results_number_output_tokens_quantiles_p50": 102.0,
    "results_number_output_tokens_quantiles_p75": 125.75,
    "results_number_output_tokens_quantiles_p90": 140.5,
    "results_number_output_tokens_quantiles_p95": 147.24999999999997,
    "results_number_output_tokens_quantiles_p99": 152.65,
    "results_number_output_tokens_mean": 107.8,
    "results_number_output_tokens_min": "73",
    "results_number_output_tokens_max": "154",
    "results_number_output_tokens_stddev": 26.548906652524213,
    "results_num_requests_started": 10,
    "results_error_rate": 0.0,
    "results_number_errors": 0,
    "results_error_code_frequency": "{}",
    "results_mean_output_throughput_token_per_s": 70.17458205681837,
    "results_num_completed_requests": 10,
    "results_num_completed_requests_per_min": 39.05820893700466,
    "timestamp": 1769511334
}