{
    "version": "2023-08-31",
    "name": "gpt-4-1-nano_5500_350_summary",
    "model": "gpt-4.1-nano",
    "mean_input_tokens": 5500,
    "stddev_input_tokens": 2250,
    "mean_output_tokens": 350,
    "stddev_output_tokens": 75,
    "num_concurrent_requests": 20,
    "results_inter_token_latency_s_quantiles_p25": 0.009517562996373128,
    "results_inter_token_latency_s_quantiles_p50": 0.010119136790286748,
    "results_inter_token_latency_s_quantiles_p75": 0.01023588253928159,
    "results_inter_token_latency_s_quantiles_p90": 0.010517158552013333,
    "results_inter_token_latency_s_quantiles_p95": 0.01081219128043489,
    "results_inter_token_latency_s_quantiles_p99": 0.011048217463172137,
    "results_inter_token_latency_s_mean": 0.009955679217741221,
    "results_inter_token_latency_s_min": 0.008718052777651421,
    "results_inter_token_latency_s_max": 0.011107224008856447,
    "results_inter_token_latency_s_stddev": 0.0006604367575031674,
    "results_ttft_s_quantiles_p25": 0.4159213379971334,
    "results_ttft_s_quantiles_p50": 0.49621464499796275,
    "results_ttft_s_quantiles_p75": 0.5359799915058829,
    "results_ttft_s_quantiles_p90": 0.5637818958057323,
    "results_ttft_s_quantiles_p95": 0.6349561764000098,
    "results_ttft_s_quantiles_p99": 0.6918956008754321,
    "results_ttft_s_mean": 0.49364487400016516,
    "results_ttft_s_min": 0.36322675900009926,
    "results_ttft_s_max": 0.7061304569942877,
    "results_ttft_s_stddev": 0.09816789504503753,
    "results_end_to_end_latency_s_quantiles_p25": 2.895735965750646,
    "results_end_to_end_latency_s_quantiles_p50": 3.30636972150387,
    "results_end_to_end_latency_s_quantiles_p75": 3.425928412754729,
    "results_end_to_end_latency_s_quantiles_p90": 3.691544502800389,
    "results_end_to_end_latency_s_quantiles_p95": 3.733185863901599,
    "results_end_to_end_latency_s_quantiles_p99": 3.7664989527825674,
    "results_end_to_end_latency_s_mean": 3.2213960830020367,
    "results_end_to_end_latency_s_min": 2.654124270004104,
    "results_end_to_end_latency_s_max": 3.7748272250028094,
    "results_end_to_end_latency_s_stddev": 0.37804055225296596,
    "results_request_output_throughput_token_per_s_quantiles_p25": 117.6653095687921,
    "results_request_output_throughput_token_per_s_quantiles_p50": 118.95536598741582,
    "results_request_output_throughput_token_per_s_quantiles_p75": 126.1821298337106,
    "results_request_output_throughput_token_per_s_quantiles_p90": 128.09781847296983,
    "results_request_output_throughput_token_per_s_quantiles_p95": 133.45605938752394,
    "results_request_output_throughput_token_per_s_quantiles_p99": 137.74265211916725,
    "results_request_output_throughput_token_per_s_mean": 121.62369185366663,
    "results_request_output_throughput_token_per_s_min": 109.64068385522508,
    "results_request_output_throughput_token_per_s_max": 138.81430030207807,
    "results_request_output_throughput_token_per_s_stddev": 8.127404142426203,
    "results_number_input_tokens_quantiles_p25": 4426.0,
    "results_number_input_tokens_quantiles_p50": 5568.5,
    "results_number_input_tokens_quantiles_p75": 6139.0,
    "results_number_input_tokens_quantiles_p90": 6886.0,
    "results_number_input_tokens_quantiles_p95": 6886.0,
    "results_number_input_tokens_quantiles_p99": 6886.0,
    "results_number_input_tokens_mean": 5437.9,
    "results_number_input_tokens_min": "4170",
    "results_number_input_tokens_max": "6886",
    "results_number_input_tokens_stddev": 1081.157347989233,
    "results_number_output_tokens_quantiles_p25": 335.5,
    "results_number_output_tokens_quantiles_p50": 405.5,
    "results_number_output_tokens_quantiles_p75": 419.25,
    "results_number_output_tokens_quantiles_p90": 470.0,
    "results_number_output_tokens_quantiles_p95": 496.99999999999994,
    "results_number_output_tokens_quantiles_p99": 518.6,
    "results_number_output_tokens_mean": 394.1,
    "results_number_output_tokens_min": "291",
    "results_number_output_tokens_max": "524",
    "results_number_output_tokens_stddev": 69.84021445811544,
    "results_num_requests_started": 10,
    "results_error_rate": 0.0,
    "results_number_errors": 0,
    "results_error_code_frequency": "{}",
    "results_mean_output_throughput_token_per_s": 330.0206340801994,
    "results_num_completed_requests": 10,
    "results_num_completed_requests_per_min": 50.24419701804609,
    "timestamp": 1769519404
}