Concurrent_Users,P25,P50,P75
1,0.012650845374233916,0.013827598886712675,0.014931382192459212
10,0.011378001862851666,0.01196818201695516,0.014268853296252253
20,0.011621369420567549,0.012885467814297006,0.014245720365757487
30,0.016088867462895243,0.018340048067430274,0.02255090601863858
40,0.01718121504740389,0.01830471595916943,0.020250475037645533
50,0.016939189745261346,0.022132775714347297,0.023376956289511086
