Concurrent_Users,P25,P50,P75
1,79.33102861624354,86.82220844878117,96.9757797298277
10,84.6351076796994,92.31615130149557,100.31634457902608
20,81.22760569465565,92.8829832314855,98.34838459157831
30,51.90470335646684,63.774424801674385,74.02404219335904
40,57.64365496051154,64.94521808155864,68.35527681447377
50,50.95796282840388,53.61665276372672,71.89699790708858
