{
    "version": "2023-08-31",
    "name": "gpt-4-1-nano_150_350_summary",
    "model": "gpt-4.1-nano",
    "mean_input_tokens": 150,
    "stddev_input_tokens": 25,
    "mean_output_tokens": 350,
    "stddev_output_tokens": 75,
    "num_concurrent_requests": 10,
    "results_inter_token_latency_s_quantiles_p25": 0.014149035986808221,
    "results_inter_token_latency_s_quantiles_p50": 0.015861657421456028,
    "results_inter_token_latency_s_quantiles_p75": 0.01785002563824841,
    "results_inter_token_latency_s_quantiles_p90": 0.018678455364494844,
    "results_inter_token_latency_s_quantiles_p95": 0.019548181634702257,
    "results_inter_token_latency_s_quantiles_p99": 0.02024396265086819,
    "results_inter_token_latency_s_mean": 0.016115395578661547,
    "results_inter_token_latency_s_min": 0.012866357614824532,
    "results_inter_token_latency_s_max": 0.020417907904909674,
    "results_inter_token_latency_s_stddev": 0.002512704359390823,
    "results_ttft_s_quantiles_p25": 0.45615317425108515,
    "results_ttft_s_quantiles_p50": 0.5071807880012784,
    "results_ttft_s_quantiles_p75": 0.5959684744957485,
    "results_ttft_s_quantiles_p90": 0.6229558916005772,
    "results_ttft_s_quantiles_p95": 0.6502536278014304,
    "results_ttft_s_quantiles_p99": 0.672091816762113,
    "results_ttft_s_mean": 0.5224526376987342,
    "results_ttft_s_min": 0.3801612289971672,
    "results_ttft_s_max": 0.6775513640022837,
    "results_ttft_s_stddev": 0.0940021121456368,
    "results_end_to_end_latency_s_quantiles_p25": 1.1041678864967253,
    "results_end_to_end_latency_s_quantiles_p50": 1.2353908520017285,
    "results_end_to_end_latency_s_quantiles_p75": 1.4064094862478669,
    "results_end_to_end_latency_s_quantiles_p90": 1.4241174980008509,
    "results_end_to_end_latency_s_quantiles_p95": 1.4720950174974858,
    "results_end_to_end_latency_s_quantiles_p99": 1.510477033094794,
    "results_end_to_end_latency_s_mean": 1.2606796281979769,
    "results_end_to_end_latency_s_min": 1.0641622969997115,
    "results_end_to_end_latency_s_max": 1.520072536994121,
    "results_end_to_end_latency_s_stddev": 0.16575159013172855,
    "results_request_output_throughput_token_per_s_quantiles_p25": 62.700384217681744,
    "results_request_output_throughput_token_per_s_quantiles_p50": 70.9122999710662,
    "results_request_output_throughput_token_per_s_quantiles_p75": 85.15595185254679,
    "results_request_output_throughput_token_per_s_quantiles_p90": 90.58088427413982,
    "results_request_output_throughput_token_per_s_quantiles_p95": 90.68301276823503,
    "results_request_output_throughput_token_per_s_quantiles_p99": 90.7647155635112,
    "results_request_output_throughput_token_per_s_mean": 72.97711106692954,
    "results_request_output_throughput_token_per_s_min": 52.14294068781075,
    "results_request_output_throughput_token_per_s_max": 90.78514126233024,
    "results_request_output_throughput_token_per_s_stddev": 13.933674143453333,
    "results_number_input_tokens_quantiles_p25": 144.25,
    "results_number_input_tokens_quantiles_p50": 148.5,
    "results_number_input_tokens_quantiles_p75": 162.75,
    "results_number_input_tokens_quantiles_p90": 174.2,
    "results_number_input_tokens_quantiles_p95": 193.09999999999997,
    "results_number_input_tokens_quantiles_p99": 208.22,
    "results_number_input_tokens_mean": 152.1,
    "results_number_input_tokens_min": "115",
    "results_number_input_tokens_max": "212",
    "results_number_input_tokens_stddev": 27.87452042437482,
    "results_number_output_tokens_quantiles_p25": 72.25,
    "results_number_output_tokens_quantiles_p50": 88.5,
    "results_number_output_tokens_quantiles_p75": 115.25,
    "results_number_output_tokens_quantiles_p90": 129.0,
    "results_number_output_tokens_quantiles_p95": 133.5,
    "results_number_output_tokens_quantiles_p99": 137.1,
    "results_number_output_tokens_mean": 93.5,
    "results_number_output_tokens_min": "56",
    "results_number_output_tokens_max": "138",
    "results_number_output_tokens_stddev": 27.889663557191458,
    "results_num_requests_started": 10,
    "results_error_rate": 0.0,
    "results_number_errors": 0,
    "results_error_code_frequency": "{}",
    "results_mean_output_throughput_token_per_s": 163.03218399856664,
    "results_num_completed_requests": 10,
    "results_num_completed_requests_per_min": 104.61958331458821,
    "timestamp": 1769518547
}