{
    "version": "2023-08-31",
    "name": "gpt-4-1-nano_150_5500_summary",
    "model": "gpt-4.1-nano",
    "mean_input_tokens": 150,
    "stddev_input_tokens": 25,
    "mean_output_tokens": 5500,
    "stddev_output_tokens": 2250,
    "num_concurrent_requests": 40,
    "results_inter_token_latency_s_quantiles_p25": 0.011254146350874922,
    "results_inter_token_latency_s_quantiles_p50": 0.013542237861235519,
    "results_inter_token_latency_s_quantiles_p75": 0.01696948303415939,
    "results_inter_token_latency_s_quantiles_p90": 0.03322323216225153,
    "results_inter_token_latency_s_quantiles_p95": 0.037547905688947385,
    "results_inter_token_latency_s_quantiles_p99": 0.041007644510304087,
    "results_inter_token_latency_s_mean": 0.017678052120483068,
    "results_inter_token_latency_s_min": 0.009759675012713659,
    "results_inter_token_latency_s_max": 0.04187257921564326,
    "results_inter_token_latency_s_stddev": 0.010717643702843092,
    "results_ttft_s_quantiles_p25": 0.4627380330020969,
    "results_ttft_s_quantiles_p50": 0.5298722200022894,
    "results_ttft_s_quantiles_p75": 0.6489642324995657,
    "results_ttft_s_quantiles_p90": 0.7657145535937161,
    "results_ttft_s_quantiles_p95": 0.7978096497907244,
    "results_ttft_s_quantiles_p99": 0.8234857267483312,
    "results_ttft_s_mean": 0.5619972114989651,
    "results_ttft_s_min": 0.3747355509985937,
    "results_ttft_s_max": 0.8299047459877329,
    "results_ttft_s_stddev": 0.14988878901016647,
    "results_end_to_end_latency_s_quantiles_p25": 1.1008915772545151,
    "results_end_to_end_latency_s_quantiles_p50": 1.2753445799971814,
    "results_end_to_end_latency_s_quantiles_p75": 1.4888886047483538,
    "results_end_to_end_latency_s_quantiles_p90": 1.6292660884108043,
    "results_end_to_end_latency_s_quantiles_p95": 1.8097269712110569,
    "results_end_to_end_latency_s_quantiles_p99": 1.9540956774512597,
    "results_end_to_end_latency_s_mean": 1.2775257590037654,
    "results_end_to_end_latency_s_min": 0.5863201410102192,
    "results_end_to_end_latency_s_max": 1.9901878540113103,
    "results_end_to_end_latency_s_stddev": 0.38608012215120946,
    "results_request_output_throughput_token_per_s_quantiles_p25": 70.72513860932321,
    "results_request_output_throughput_token_per_s_quantiles_p50": 88.4907313908733,
    "results_request_output_throughput_token_per_s_quantiles_p75": 107.6759131105394,
    "results_request_output_throughput_token_per_s_quantiles_p90": 115.36574028261433,
    "results_request_output_throughput_token_per_s_quantiles_p95": 118.98234755069876,
    "results_request_output_throughput_token_per_s_quantiles_p99": 121.87563336516631,
    "results_request_output_throughput_token_per_s_mean": 84.00508945485689,
    "results_request_output_throughput_token_per_s_min": 27.288845940772703,
    "results_request_output_throughput_token_per_s_max": 122.5989548187832,
    "results_request_output_throughput_token_per_s_stddev": 31.969770542429156,
    "results_number_input_tokens_quantiles_p25": 112.5,
    "results_number_input_tokens_quantiles_p50": 123.0,
    "results_number_input_tokens_quantiles_p75": 156.25,
    "results_number_input_tokens_quantiles_p90": 158.6,
    "results_number_input_tokens_quantiles_p95": 161.29999999999998,
    "results_number_input_tokens_quantiles_p99": 163.46,
    "results_number_input_tokens_mean": 132.7,
    "results_number_input_tokens_min": "111",
    "results_number_input_tokens_max": "164",
    "results_number_input_tokens_stddev": 22.216360337973153,
    "results_number_output_tokens_quantiles_p25": 67.75,
    "results_number_output_tokens_quantiles_p50": 114.0,
    "results_number_output_tokens_quantiles_p75": 148.0,
    "results_number_output_tokens_quantiles_p90": 192.0,
    "results_number_output_tokens_quantiles_p95": 209.99999999999994,
    "results_number_output_tokens_quantiles_p99": 224.4,
    "results_number_output_tokens_mean": 115.3,
    "results_number_output_tokens_min": "16",
    "results_number_output_tokens_max": "228",
    "results_number_output_tokens_stddev": 65.26365331824786,
    "results_num_requests_started": 10,
    "results_error_rate": 0.0,
    "results_number_errors": 0,
    "results_error_code_frequency": "{}",
    "results_mean_output_throughput_token_per_s": 71.28136970800024,
    "results_num_completed_requests": 10,
    "results_num_completed_requests_per_min": 37.09351415854306,
    "timestamp": 1769510751
}