{
    "version": "2023-08-31",
    "name": "gpt-4-1-nano_150_5500_summary",
    "model": "gpt-4.1-nano",
    "mean_input_tokens": 150,
    "stddev_input_tokens": 25,
    "mean_output_tokens": 5500,
    "stddev_output_tokens": 2250,
    "num_concurrent_requests": 30,
    "results_inter_token_latency_s_quantiles_p25": 0.01266423037063388,
    "results_inter_token_latency_s_quantiles_p50": 0.013208033153611343,
    "results_inter_token_latency_s_quantiles_p75": 0.014558644769149292,
    "results_inter_token_latency_s_quantiles_p90": 0.015015137794939975,
    "results_inter_token_latency_s_quantiles_p95": 0.015201849678362675,
    "results_inter_token_latency_s_quantiles_p99": 0.015351219185100837,
    "results_inter_token_latency_s_mean": 0.01336596313574293,
    "results_inter_token_latency_s_min": 0.010940784292636506,
    "results_inter_token_latency_s_max": 0.015388561561785377,
    "results_inter_token_latency_s_stddev": 0.0014162873044956121,
    "results_ttft_s_quantiles_p25": 0.5008295807492686,
    "results_ttft_s_quantiles_p50": 0.5884271500035538,
    "results_ttft_s_quantiles_p75": 0.680393198505044,
    "results_ttft_s_quantiles_p90": 0.7438109119015279,
    "results_ttft_s_quantiles_p95": 0.813158129955991,
    "results_ttft_s_quantiles_p99": 0.8686359043995617,
    "results_ttft_s_mean": 0.5973005728010321,
    "results_ttft_s_min": 0.3507290339912288,
    "results_ttft_s_max": 0.8825053480104543,
    "results_ttft_s_stddev": 0.15037240216476166,
    "results_end_to_end_latency_s_quantiles_p25": 1.3230683157489693,
    "results_end_to_end_latency_s_quantiles_p50": 1.3506592464909772,
    "results_end_to_end_latency_s_quantiles_p75": 1.4092698692547856,
    "results_end_to_end_latency_s_quantiles_p90": 1.562904251004511,
    "results_end_to_end_latency_s_quantiles_p95": 1.6668391895036618,
    "results_end_to_end_latency_s_quantiles_p99": 1.749987140302983,
    "results_end_to_end_latency_s_mean": 1.3863702344999183,
    "results_end_to_end_latency_s_min": 1.1421316240011947,
    "results_end_to_end_latency_s_max": 1.770774128002813,
    "results_end_to_end_latency_s_stddev": 0.17058873955033022,
    "results_request_output_throughput_token_per_s_quantiles_p25": 81.60183845187142,
    "results_request_output_throughput_token_per_s_quantiles_p50": 89.97511230204981,
    "results_request_output_throughput_token_per_s_quantiles_p75": 93.77029369848626,
    "results_request_output_throughput_token_per_s_quantiles_p90": 99.41028306941786,
    "results_request_output_throughput_token_per_s_quantiles_p95": 106.20570700323601,
    "results_request_output_throughput_token_per_s_quantiles_p99": 111.64204615029058,
    "results_request_output_throughput_token_per_s_mean": 89.95210560708107,
    "results_request_output_throughput_token_per_s_min": 76.39897457009138,
    "results_request_output_throughput_token_per_s_max": 113.00113093705421,
    "results_request_output_throughput_token_per_s_stddev": 10.66526376407759,
    "results_number_input_tokens_quantiles_p25": 99.25,
    "results_number_input_tokens_quantiles_p50": 143.0,
    "results_number_input_tokens_quantiles_p75": 165.5,
    "results_number_input_tokens_quantiles_p90": 178.7,
    "results_number_input_tokens_quantiles_p95": 181.85,
    "results_number_input_tokens_quantiles_p99": 184.37,
    "results_number_input_tokens_mean": 136.6,
    "results_number_input_tokens_min": "94",
    "results_number_input_tokens_max": "185",
    "results_number_input_tokens_stddev": 35.68130540711138,
    "results_number_output_tokens_quantiles_p25": 109.5,
    "results_number_output_tokens_quantiles_p50": 125.5,
    "results_number_output_tokens_quantiles_p75": 129.0,
    "results_number_output_tokens_quantiles_p90": 146.1,
    "results_number_output_tokens_quantiles_p95": 160.04999999999995,
    "results_number_output_tokens_quantiles_p99": 171.21,
    "results_number_output_tokens_mean": 124.8,
    "results_number_output_tokens_min": "100",
    "results_number_output_tokens_max": "174",
    "results_number_output_tokens_stddev": 22.155009466133034,
    "results_num_requests_started": 10,
    "results_error_rate": 0.0,
    "results_number_errors": 0,
    "results_error_code_frequency": "{}",
    "results_mean_output_throughput_token_per_s": 119.0449232874364,
    "results_num_completed_requests": 10,
    "results_num_completed_requests_per_min": 57.233136195882885,
    "timestamp": 1769519565
}