{
    "version": "2023-08-31",
    "name": "gpt-4-1-nano_150_350_summary",
    "model": "gpt-4.1-nano",
    "mean_input_tokens": 150,
    "stddev_input_tokens": 25,
    "mean_output_tokens": 350,
    "stddev_output_tokens": 75,
    "num_concurrent_requests": 20,
    "results_inter_token_latency_s_quantiles_p25": 0.015064647873686677,
    "results_inter_token_latency_s_quantiles_p50": 0.015758886896946933,
    "results_inter_token_latency_s_quantiles_p75": 0.017311918789988234,
    "results_inter_token_latency_s_quantiles_p90": 0.018186481131541025,
    "results_inter_token_latency_s_quantiles_p95": 0.01857854606662758,
    "results_inter_token_latency_s_quantiles_p99": 0.018892198014696823,
    "results_inter_token_latency_s_mean": 0.01597977537223984,
    "results_inter_token_latency_s_min": 0.01299676246749836,
    "results_inter_token_latency_s_max": 0.018970611001714134,
    "results_inter_token_latency_s_stddev": 0.001832713658317822,
    "results_ttft_s_quantiles_p25": 0.4012036395033647,
    "results_ttft_s_quantiles_p50": 0.4222413854949991,
    "results_ttft_s_quantiles_p75": 0.4768186867440818,
    "results_ttft_s_quantiles_p90": 0.511702007096028,
    "results_ttft_s_quantiles_p95": 0.5193610210437327,
    "results_ttft_s_quantiles_p99": 0.5254882322018967,
    "results_ttft_s_mean": 0.43617486909788566,
    "results_ttft_s_min": 0.3528753060090821,
    "results_ttft_s_max": 0.5270200349914376,
    "results_ttft_s_stddev": 0.05823563284174278,
    "results_end_to_end_latency_s_quantiles_p25": 0.8444456370052649,
    "results_end_to_end_latency_s_quantiles_p50": 1.0313354780009831,
    "results_end_to_end_latency_s_quantiles_p75": 1.1835824770096224,
    "results_end_to_end_latency_s_quantiles_p90": 1.2245513353947899,
    "results_end_to_end_latency_s_quantiles_p95": 1.299335419692943,
    "results_end_to_end_latency_s_quantiles_p99": 1.3591626871314657,
    "results_end_to_end_latency_s_mean": 1.029742247100512,
    "results_end_to_end_latency_s_min": 0.7794543070049258,
    "results_end_to_end_latency_s_max": 1.3741195039910963,
    "results_end_to_end_latency_s_stddev": 0.20764484698284597,
    "results_request_output_throughput_token_per_s_quantiles_p25": 66.04393805191536,
    "results_request_output_throughput_token_per_s_quantiles_p50": 68.24854124605972,
    "results_request_output_throughput_token_per_s_quantiles_p75": 77.42098425031398,
    "results_request_output_throughput_token_per_s_quantiles_p90": 81.51210000197986,
    "results_request_output_throughput_token_per_s_quantiles_p95": 84.78424392755835,
    "results_request_output_throughput_token_per_s_quantiles_p99": 87.40195906802114,
    "results_request_output_throughput_token_per_s_mean": 71.8149083471795,
    "results_request_output_throughput_token_per_s_min": 62.19678041714793,
    "results_request_output_throughput_token_per_s_max": 88.05638785313684,
    "results_request_output_throughput_token_per_s_stddev": 8.369744875966228,
    "results_number_input_tokens_quantiles_p25": 121.75,
    "results_number_input_tokens_quantiles_p50": 140.5,
    "results_number_input_tokens_quantiles_p75": 147.0,
    "results_number_input_tokens_quantiles_p90": 156.29999999999998,
    "results_number_input_tokens_quantiles_p95": 162.14999999999998,
    "results_number_input_tokens_quantiles_p99": 166.83,
    "results_number_input_tokens_mean": 136.3,
    "results_number_input_tokens_min": "106",
    "results_number_input_tokens_max": "168",
    "results_number_input_tokens_stddev": 20.731350387490174,
    "results_number_output_tokens_quantiles_p25": 57.5,
    "results_number_output_tokens_quantiles_p50": 74.5,
    "results_number_output_tokens_quantiles_p75": 87.25,
    "results_number_output_tokens_quantiles_p90": 93.1,
    "results_number_output_tokens_quantiles_p95": 107.04999999999997,
    "results_number_output_tokens_quantiles_p99": 118.21000000000001,
    "results_number_output_tokens_mean": 74.9,
    "results_number_output_tokens_min": "51",
    "results_number_output_tokens_max": "121",
    "results_number_output_tokens_stddev": 22.057752479444602,
    "results_num_requests_started": 10,
    "results_error_rate": 0.0,
    "results_number_errors": 0,
    "results_error_code_frequency": "{}",
    "results_mean_output_throughput_token_per_s": 122.35188318301363,
    "results_num_completed_requests": 10,
    "results_num_completed_requests_per_min": 98.0121894656985,
    "timestamp": 1769518562
}