{
    "version": "2023-08-31",
    "name": "gpt-4-1-nano_5500_350_summary",
    "model": "gpt-4.1-nano",
    "mean_input_tokens": 5500,
    "stddev_input_tokens": 2250,
    "mean_output_tokens": 350,
    "stddev_output_tokens": 75,
    "num_concurrent_requests": 1,
    "results_inter_token_latency_s_quantiles_p25": 0.008252250910777161,
    "results_inter_token_latency_s_quantiles_p50": 0.00989090352615424,
    "results_inter_token_latency_s_quantiles_p75": 0.012356730915800886,
    "results_inter_token_latency_s_quantiles_p90": 0.013846052796055776,
    "results_inter_token_latency_s_quantiles_p95": 0.01608679684618059,
    "results_inter_token_latency_s_quantiles_p99": 0.01787939208628045,
    "results_inter_token_latency_s_mean": 0.010786953818851008,
    "results_inter_token_latency_s_min": 0.0074961186684433705,
    "results_inter_token_latency_s_max": 0.01832754089630541,
    "results_inter_token_latency_s_stddev": 0.0033561652968333686,
    "results_ttft_s_quantiles_p25": 0.6808066092635272,
    "results_ttft_s_quantiles_p50": 1.3013513075129595,
    "results_ttft_s_quantiles_p75": 1.5803242339752614,
    "results_ttft_s_quantiles_p90": 1.6829736378102098,
    "results_ttft_s_quantiles_p95": 1.730639531413908,
    "results_ttft_s_quantiles_p99": 1.768772246296867,
    "results_ttft_s_mean": 1.1817394477955532,
    "results_ttft_s_min": 0.6113361319876276,
    "results_ttft_s_max": 1.7783054250176065,
    "results_ttft_s_stddev": 0.4758226468886338,
    "results_end_to_end_latency_s_quantiles_p25": 2.9591590149939293,
    "results_end_to_end_latency_s_quantiles_p50": 3.305657136515947,
    "results_end_to_end_latency_s_quantiles_p75": 3.665987300730194,
    "results_end_to_end_latency_s_quantiles_p90": 4.125152922200504,
    "results_end_to_end_latency_s_quantiles_p95": 4.544875834090634,
    "results_end_to_end_latency_s_quantiles_p99": 4.88065416360274,
    "results_end_to_end_latency_s_mean": 3.43201412409544,
    "results_end_to_end_latency_s_min": 2.632235220982693,
    "results_end_to_end_latency_s_max": 4.964598745980766,
    "results_end_to_end_latency_s_stddev": 0.6857464924936414,
    "results_request_output_throughput_token_per_s_quantiles_p25": 97.60781173033448,
    "results_request_output_throughput_token_per_s_quantiles_p50": 122.86242982419122,
    "results_request_output_throughput_token_per_s_quantiles_p75": 143.23522705740288,
    "results_request_output_throughput_token_per_s_quantiles_p90": 149.5359505525126,
    "results_request_output_throughput_token_per_s_quantiles_p95": 155.1399692337224,
    "results_request_output_throughput_token_per_s_quantiles_p99": 159.62318417869028,
    "results_request_output_throughput_token_per_s_mean": 118.97493091761837,
    "results_request_output_throughput_token_per_s_min": 61.54465175020358,
    "results_request_output_throughput_token_per_s_max": 160.74398791493223,
    "results_request_output_throughput_token_per_s_stddev": 30.8276437833597,
    "results_number_input_tokens_quantiles_p25": 4160.0,
    "results_number_input_tokens_quantiles_p50": 5257.0,
    "results_number_input_tokens_quantiles_p75": 6243.25,
    "results_number_input_tokens_quantiles_p90": 7619.0999999999985,
    "results_number_input_tokens_quantiles_p95": 8906.549999999997,
    "results_number_input_tokens_quantiles_p99": 9936.51,
    "results_number_input_tokens_mean": 5550.3,
    "results_number_input_tokens_min": "2902",
    "results_number_input_tokens_max": "10194",
    "results_number_input_tokens_stddev": 2088.8404039881393,
    "results_number_output_tokens_quantiles_p25": 383.5,
    "results_number_output_tokens_quantiles_p50": 429.5,
    "results_number_output_tokens_quantiles_p75": 456.25,
    "results_number_output_tokens_quantiles_p90": 522.4,
    "results_number_output_tokens_quantiles_p95": 537.6999999999999,
    "results_number_output_tokens_quantiles_p99": 549.94,
    "results_number_output_tokens_mean": 407.3,
    "results_number_output_tokens_min": "162",
    "results_number_output_tokens_max": "553",
    "results_number_output_tokens_stddev": 114.50477913364335,
    "results_num_requests_started": 10,
    "results_error_rate": 0.0,
    "results_number_errors": 0,
    "results_error_code_frequency": "{}",
    "results_mean_output_throughput_token_per_s": 106.78861349017566,
    "results_num_completed_requests": 10,
    "results_num_completed_requests_per_min": 15.731197666119666,
    "timestamp": 1768990195
}