Concurrent_Users,P25,P50,P75
1,3.6850772402497114,3.9814007299996774,4.659817094499886
10,2.9174076325002716,3.5504529965000984,3.8863575337495604
20,2.0841891765001037,2.3968551725001817,2.7656884062503195
30,2.718142688249827,2.8492385419995117,3.2051779235000595
40,2.873037060499655,3.1213526944998193,3.2821004575000643
50,2.2961179265000737,2.5825539805000517,2.9061605030001374
