Concurrent_Users,P25,P50,P75
1,0.009836598128791249,0.010624188322236178,0.011913051146636214
10,0.00910116538003485,0.009601675348723068,0.011959717716580708
20,0.007368173934112615,0.00763310486830094,0.00822836790939403
30,0.00788503533450426,0.00821742981359231,0.008820529933780769
40,0.00905710930831458,0.00951653945882356,0.01061859760837772
50,0.007995052794683448,0.008363304518186197,0.00878251532115969
