Concurrent_Users,P25,P50,P75
1,101.02026469230876,112.79788638215504,122.66699634701376
10,99.14543797972273,120.33239676743153,129.72758253117325
20,146.95834665391996,158.32940364287157,159.83399631733684
30,137.35282501071086,146.56937628370576,150.54189956577866
40,111.1149104647135,128.64267783389283,133.35529830577457
50,136.86615282004982,141.88275122318944,149.30064305852375
