Concurrent_Users,P25,P50,P75
1,0.707339258750153,0.9136375045000023,1.1413929532495786
10,0.9126089782500912,1.337208808500236,1.4270267617494028
20,0.7199125014994934,0.7755462789996272,0.8058345932502107
30,0.9408525512496908,0.9933039659999849,1.09972359174958
40,0.9683523989995138,1.3237518070000078,1.397888876500474
50,0.8375215304999983,0.9512028405006276,1.0076956739994785
