{
    "version": "2023-08-31",
    "name": "gpt-4-1-nano_5500_350_summary",
    "model": "gpt-4.1-nano",
    "mean_input_tokens": 5500,
    "stddev_input_tokens": 2250,
    "mean_output_tokens": 350,
    "stddev_output_tokens": 75,
    "num_concurrent_requests": 1,
    "results_inter_token_latency_s_quantiles_p25": 0.009836598128791249,
    "results_inter_token_latency_s_quantiles_p50": 0.010624188322236178,
    "results_inter_token_latency_s_quantiles_p75": 0.011913051146636214,
    "results_inter_token_latency_s_quantiles_p90": 0.013255688860579887,
    "results_inter_token_latency_s_quantiles_p95": 0.013358799700526043,
    "results_inter_token_latency_s_quantiles_p99": 0.013441288372482967,
    "results_inter_token_latency_s_mean": 0.010832627882879826,
    "results_inter_token_latency_s_min": 0.008001680745092374,
    "results_inter_token_latency_s_max": 0.013461910540472199,
    "results_inter_token_latency_s_stddev": 0.0017887949498968968,
    "results_ttft_s_quantiles_p25": 0.707339258750153,
    "results_ttft_s_quantiles_p50": 0.9136375045000023,
    "results_ttft_s_quantiles_p75": 1.1413929532495786,
    "results_ttft_s_quantiles_p90": 1.2203165046996218,
    "results_ttft_s_quantiles_p95": 1.2209620013501081,
    "results_ttft_s_quantiles_p99": 1.221478398670497,
    "results_ttft_s_mean": 0.9209468899999592,
    "results_ttft_s_min": 0.5988559480001641,
    "results_ttft_s_max": 1.2216074980005942,
    "results_ttft_s_stddev": 0.25161855307968073,
    "results_end_to_end_latency_s_quantiles_p25": 3.6850772402497114,
    "results_end_to_end_latency_s_quantiles_p50": 3.9814007299996774,
    "results_end_to_end_latency_s_quantiles_p75": 4.659817094499886,
    "results_end_to_end_latency_s_quantiles_p90": 4.701421022500017,
    "results_end_to_end_latency_s_quantiles_p95": 4.860363148750047,
    "results_end_to_end_latency_s_quantiles_p99": 4.987516849750072,
    "results_end_to_end_latency_s_mean": 3.981391053999869,
    "results_end_to_end_latency_s_min": 2.4592478009999468,
    "results_end_to_end_latency_s_max": 5.019305275000079,
    "results_end_to_end_latency_s_stddev": 0.814288703359252,
    "results_request_output_throughput_token_per_s_quantiles_p25": 101.02026469230876,
    "results_request_output_throughput_token_per_s_quantiles_p50": 112.79788638215504,
    "results_request_output_throughput_token_per_s_quantiles_p75": 122.66699634701376,
    "results_request_output_throughput_token_per_s_quantiles_p90": 136.55316611227136,
    "results_request_output_throughput_token_per_s_quantiles_p95": 144.11277976806028,
    "results_request_output_throughput_token_per_s_quantiles_p99": 150.16047069269143,
    "results_request_output_throughput_token_per_s_mean": 113.00159307599456,
    "results_request_output_throughput_token_per_s_min": 84.87318348581884,
    "results_request_output_throughput_token_per_s_max": 151.67239342384923,
    "results_request_output_throughput_token_per_s_stddev": 20.613274953288446,
    "results_number_input_tokens_quantiles_p25": 4850.25,
    "results_number_input_tokens_quantiles_p50": 6336.5,
    "results_number_input_tokens_quantiles_p75": 6932.75,
    "results_number_input_tokens_quantiles_p90": 7761.4,
    "results_number_input_tokens_quantiles_p95": 8442.699999999999,
    "results_number_input_tokens_quantiles_p99": 8987.74,
    "results_number_input_tokens_mean": 6017.5,
    "results_number_input_tokens_min": "2631",
    "results_number_input_tokens_max": "9124",
    "results_number_input_tokens_stddev": 1826.1333315079828,
    "results_number_output_tokens_quantiles_p25": 382.0,
    "results_number_output_tokens_quantiles_p50": 463.0,
    "results_number_output_tokens_quantiles_p75": 476.75,
    "results_number_output_tokens_quantiles_p90": 534.7,
    "results_number_output_tokens_quantiles_p95": 546.85,
    "results_number_output_tokens_quantiles_p99": 556.57,
    "results_number_output_tokens_mean": 440.7,
    "results_number_output_tokens_min": "310",
    "results_number_output_tokens_max": "559",
    "results_number_output_tokens_stddev": 79.41599335146543,
    "results_num_requests_started": 10,
    "results_error_rate": 0.0,
    "results_number_errors": 0,
    "results_error_code_frequency": "{}",
    "results_mean_output_throughput_token_per_s": 105.0862321174641,
    "results_num_completed_requests": 10,
    "results_num_completed_requests_per_min": 14.307179321642492,
    "timestamp": 1769149413
}