{
    "version": "2023-08-31",
    "name": "gpt-4-1-nano_150_5500_summary",
    "model": "gpt-4.1-nano",
    "mean_input_tokens": 150,
    "stddev_input_tokens": 25,
    "mean_output_tokens": 5500,
    "stddev_output_tokens": 2250,
    "num_concurrent_requests": 1,
    "results_inter_token_latency_s_quantiles_p25": 0.010026006101577228,
    "results_inter_token_latency_s_quantiles_p50": 0.012463985570556963,
    "results_inter_token_latency_s_quantiles_p75": 0.014706763861227367,
    "results_inter_token_latency_s_quantiles_p90": 0.01577790592283475,
    "results_inter_token_latency_s_quantiles_p95": 0.01868271695544068,
    "results_inter_token_latency_s_quantiles_p99": 0.021006565781525436,
    "results_inter_token_latency_s_mean": 0.012971779459420454,
    "results_inter_token_latency_s_min": 0.008284037331840523,
    "results_inter_token_latency_s_max": 0.021587527988046622,
    "results_inter_token_latency_s_stddev": 0.003908245087399048,
    "results_ttft_s_quantiles_p25": 0.5674108482344309,
    "results_ttft_s_quantiles_p50": 0.6372749995207414,
    "results_ttft_s_quantiles_p75": 0.712258054263657,
    "results_ttft_s_quantiles_p90": 0.7698135118174831,
    "results_ttft_s_quantiles_p95": 0.9142483684147006,
    "results_ttft_s_quantiles_p99": 1.0297962536924752,
    "results_ttft_s_mean": 0.6723426308075432,
    "results_ttft_s_min": 0.519152908003889,
    "results_ttft_s_max": 1.0586832250119187,
    "results_ttft_s_stddev": 0.15499882682086097,
    "results_end_to_end_latency_s_quantiles_p25": 1.8418403499817941,
    "results_end_to_end_latency_s_quantiles_p50": 2.717150862503331,
    "results_end_to_end_latency_s_quantiles_p75": 3.106195486994693,
    "results_end_to_end_latency_s_quantiles_p90": 4.23913642473635,
    "results_end_to_end_latency_s_quantiles_p95": 7.05307294937956,
    "results_end_to_end_latency_s_quantiles_p99": 9.304222169094137,
    "results_end_to_end_latency_s_mean": 3.1887403069995344,
    "results_end_to_end_latency_s_min": 1.307033916004002,
    "results_end_to_end_latency_s_max": 9.86700947402278,
    "results_end_to_end_latency_s_stddev": 2.46196138692637,
    "results_request_output_throughput_token_per_s_quantiles_p25": 80.7748044082753,
    "results_request_output_throughput_token_per_s_quantiles_p50": 96.08885291108962,
    "results_request_output_throughput_token_per_s_quantiles_p75": 127.87279550779036,
    "results_request_output_throughput_token_per_s_quantiles_p90": 144.40807120812445,
    "results_request_output_throughput_token_per_s_quantiles_p95": 146.63175715566572,
    "results_request_output_throughput_token_per_s_quantiles_p99": 148.4107059136987,
    "results_request_output_throughput_token_per_s_mean": 101.70306768529494,
    "results_request_output_throughput_token_per_s_min": 53.85897121881127,
    "results_request_output_throughput_token_per_s_max": 148.85544310320697,
    "results_request_output_throughput_token_per_s_stddev": 31.734866151185972,
    "results_number_input_tokens_quantiles_p25": 151.25,
    "results_number_input_tokens_quantiles_p50": 158.0,
    "results_number_input_tokens_quantiles_p75": 169.75,
    "results_number_input_tokens_quantiles_p90": 174.4,
    "results_number_input_tokens_quantiles_p95": 176.2,
    "results_number_input_tokens_quantiles_p99": 177.64,
    "results_number_input_tokens_mean": 156.2,
    "results_number_input_tokens_min": "102",
    "results_number_input_tokens_max": "178",
    "results_number_input_tokens_stddev": 21.55509736053684,
    "results_number_output_tokens_quantiles_p25": 161.0,
    "results_number_output_tokens_quantiles_p50": 195.0,
    "results_number_output_tokens_quantiles_p75": 424.5,
    "results_number_output_tokens_quantiles_p90": 589.2999999999997,
    "results_number_output_tokens_quantiles_p95": 1004.649999999999,
    "results_number_output_tokens_quantiles_p99": 1336.93,
    "results_number_output_tokens_mean": 364.8,
    "results_number_output_tokens_min": "99",
    "results_number_output_tokens_max": "1420",
    "results_number_output_tokens_stddev": 394.5745387967483,
    "results_num_requests_started": 10,
    "results_error_rate": 0.0,
    "results_number_errors": 0,
    "results_error_code_frequency": "{}",
    "results_mean_output_throughput_token_per_s": 106.33833359214334,
    "results_num_completed_requests": 10,
    "results_num_completed_requests_per_min": 17.489857498707785,
    "timestamp": 1769092573
}