{
    "version": "2023-08-31",
    "name": "gpt-4-1-nano_5500_350_summary",
    "model": "gpt-4.1-nano",
    "mean_input_tokens": 5500,
    "stddev_input_tokens": 2250,
    "mean_output_tokens": 350,
    "stddev_output_tokens": 75,
    "num_concurrent_requests": 1,
    "results_inter_token_latency_s_quantiles_p25": 0.01069177460355977,
    "results_inter_token_latency_s_quantiles_p50": 0.012421077454722405,
    "results_inter_token_latency_s_quantiles_p75": 0.013672825607061068,
    "results_inter_token_latency_s_quantiles_p90": 0.014727568571461661,
    "results_inter_token_latency_s_quantiles_p95": 0.01480752482550385,
    "results_inter_token_latency_s_quantiles_p99": 0.0148714898287376,
    "results_inter_token_latency_s_mean": 0.012233917330784019,
    "results_inter_token_latency_s_min": 0.00880760470114011,
    "results_inter_token_latency_s_max": 0.014887481079546037,
    "results_inter_token_latency_s_stddev": 0.00202634639159009,
    "results_ttft_s_quantiles_p25": 0.6520802329760045,
    "results_ttft_s_quantiles_p50": 0.6942514264665078,
    "results_ttft_s_quantiles_p75": 0.7354302447201917,
    "results_ttft_s_quantiles_p90": 0.7665297920058947,
    "results_ttft_s_quantiles_p95": 0.7841946634958731,
    "results_ttft_s_quantiles_p99": 0.7983265606878558,
    "results_ttft_s_mean": 0.6933136218809522,
    "results_ttft_s_min": 0.5715592709602788,
    "results_ttft_s_max": 0.8018595349858515,
    "results_ttft_s_stddev": 0.06766645145160913,
    "results_end_to_end_latency_s_quantiles_p25": 3.1504785017168615,
    "results_end_to_end_latency_s_quantiles_p50": 4.266341507987818,
    "results_end_to_end_latency_s_quantiles_p75": 5.382318091753405,
    "results_end_to_end_latency_s_quantiles_p90": 5.893156499590259,
    "results_end_to_end_latency_s_quantiles_p95": 6.03905554729281,
    "results_end_to_end_latency_s_quantiles_p99": 6.155774785454851,
    "results_end_to_end_latency_s_mean": 4.309630394290434,
    "results_end_to_end_latency_s_min": 2.6406785189756192,
    "results_end_to_end_latency_s_max": 6.184954594995361,
    "results_end_to_end_latency_s_stddev": 1.319751667533613,
    "results_request_output_throughput_token_per_s_quantiles_p25": 88.17810521395211,
    "results_request_output_throughput_token_per_s_quantiles_p50": 97.30838745081643,
    "results_request_output_throughput_token_per_s_quantiles_p75": 113.5770472660347,
    "results_request_output_throughput_token_per_s_quantiles_p90": 121.24263000525227,
    "results_request_output_throughput_token_per_s_quantiles_p95": 128.77900548436816,
    "results_request_output_throughput_token_per_s_quantiles_p99": 134.8081058676609,
    "results_request_output_throughput_token_per_s_mean": 101.29004879056968,
    "results_request_output_throughput_token_per_s_min": 80.32498943415199,
    "results_request_output_throughput_token_per_s_max": 136.3153809634841,
    "results_request_output_throughput_token_per_s_stddev": 18.0829778229338,
    "results_number_input_tokens_quantiles_p25": 3835.0,
    "results_number_input_tokens_quantiles_p50": 5375.5,
    "results_number_input_tokens_quantiles_p75": 7773.5,
    "results_number_input_tokens_quantiles_p90": 9027.1,
    "results_number_input_tokens_quantiles_p95": 9387.55,
    "results_number_input_tokens_quantiles_p99": 9675.91,
    "results_number_input_tokens_mean": 5662.4,
    "results_number_input_tokens_min": "1778",
    "results_number_input_tokens_max": "9748",
    "results_number_input_tokens_stddev": 2665.1707137317367,
    "results_number_output_tokens_quantiles_p25": 348.5,
    "results_number_output_tokens_quantiles_p50": 406.5,
    "results_number_output_tokens_quantiles_p75": 463.75,
    "results_number_output_tokens_quantiles_p90": 521.1999999999999,
    "results_number_output_tokens_quantiles_p95": 562.5999999999999,
    "results_number_output_tokens_quantiles_p99": 595.72,
    "results_number_output_tokens_mean": 420.3,
    "results_number_output_tokens_min": "307",
    "results_number_output_tokens_max": "604",
    "results_number_output_tokens_stddev": 90.86626314412725,
    "results_num_requests_started": 10,
    "results_error_rate": 0.0,
    "results_number_errors": 0,
    "results_error_code_frequency": "{}",
    "results_mean_output_throughput_token_per_s": 91.21311436783867,
    "results_num_completed_requests": 10,
    "results_num_completed_requests_per_min": 13.021144092482322,
    "timestamp": 1769092246
}