{
    "version": "2023-08-31",
    "name": "gpt-4-1-nano_150_350_summary",
    "model": "gpt-4.1-nano",
    "mean_input_tokens": 150,
    "stddev_input_tokens": 25,
    "mean_output_tokens": 350,
    "stddev_output_tokens": 75,
    "num_concurrent_requests": 50,
    "results_inter_token_latency_s_quantiles_p25": 0.011797183920090631,
    "results_inter_token_latency_s_quantiles_p50": 0.01558487401990976,
    "results_inter_token_latency_s_quantiles_p75": 0.017936213058996377,
    "results_inter_token_latency_s_quantiles_p90": 0.020040385607375453,
    "results_inter_token_latency_s_quantiles_p95": 0.020800412032653433,
    "results_inter_token_latency_s_quantiles_p99": 0.02140843317287582,
    "results_inter_token_latency_s_mean": 0.015276537320587414,
    "results_inter_token_latency_s_min": 0.009321449599060304,
    "results_inter_token_latency_s_max": 0.021560438457931416,
    "results_inter_token_latency_s_stddev": 0.004088430944230775,
    "results_ttft_s_quantiles_p25": 0.5667351580013928,
    "results_ttft_s_quantiles_p50": 0.6367887625019648,
    "results_ttft_s_quantiles_p75": 0.7139615357555158,
    "results_ttft_s_quantiles_p90": 0.7852229432086459,
    "results_ttft_s_quantiles_p95": 0.9088624916068508,
    "results_ttft_s_quantiles_p99": 1.0077741303254153,
    "results_ttft_s_mean": 0.6553372997019323,
    "results_ttft_s_min": 0.39268590199935716,
    "results_ttft_s_max": 1.0325020400050562,
    "results_ttft_s_stddev": 0.17166257462417603,
    "results_end_to_end_latency_s_quantiles_p25": 1.1889501227487926,
    "results_end_to_end_latency_s_quantiles_p50": 1.3255536979995668,
    "results_end_to_end_latency_s_quantiles_p75": 1.3825257582575432,
    "results_end_to_end_latency_s_quantiles_p90": 1.4306604428042191,
    "results_end_to_end_latency_s_quantiles_p95": 1.491602807905292,
    "results_end_to_end_latency_s_quantiles_p99": 1.5403566999861504,
    "results_end_to_end_latency_s_mean": 1.2846926545011228,
    "results_end_to_end_latency_s_min": 1.014629002995207,
    "results_end_to_end_latency_s_max": 1.552545173006365,
    "results_end_to_end_latency_s_stddev": 0.16492517093882708,
    "results_request_output_throughput_token_per_s_quantiles_p25": 61.140028494845566,
    "results_request_output_throughput_token_per_s_quantiles_p50": 73.36446021446258,
    "results_request_output_throughput_token_per_s_quantiles_p75": 96.93424567420927,
    "results_request_output_throughput_token_per_s_quantiles_p90": 107.00069923688757,
    "results_request_output_throughput_token_per_s_quantiles_p95": 114.89256870279839,
    "results_request_output_throughput_token_per_s_quantiles_p99": 121.20606427552705,
    "results_request_output_throughput_token_per_s_mean": 79.23058294516377,
    "results_request_output_throughput_token_per_s_min": 52.17239498619595,
    "results_request_output_throughput_token_per_s_max": 122.78443816870922,
    "results_request_output_throughput_token_per_s_stddev": 23.8018141635332,
    "results_number_input_tokens_quantiles_p25": 139.75,
    "results_number_input_tokens_quantiles_p50": 148.0,
    "results_number_input_tokens_quantiles_p75": 169.0,
    "results_number_input_tokens_quantiles_p90": 182.5,
    "results_number_input_tokens_quantiles_p95": 184.75,
    "results_number_input_tokens_quantiles_p99": 186.55,
    "results_number_input_tokens_mean": 155.0,
    "results_number_input_tokens_min": "132",
    "results_number_input_tokens_max": "187",
    "results_number_input_tokens_stddev": 20.248456731316587,
    "results_number_output_tokens_quantiles_p25": 73.5,
    "results_number_output_tokens_quantiles_p50": 90.5,
    "results_number_output_tokens_quantiles_p75": 127.75,
    "results_number_output_tokens_quantiles_p90": 149.7,
    "results_number_output_tokens_quantiles_p95": 161.84999999999997,
    "results_number_output_tokens_quantiles_p99": 171.57,
    "results_number_output_tokens_mean": 102.9,
    "results_number_output_tokens_min": "64",
    "results_number_output_tokens_max": "174",
    "results_number_output_tokens_stddev": 37.8078475099196,
    "results_num_requests_started": 10,
    "results_error_rate": 0.0,
    "results_number_errors": 0,
    "results_error_code_frequency": "{}",
    "results_mean_output_throughput_token_per_s": 86.07284241174881,
    "results_num_completed_requests": 10,
    "results_num_completed_requests_per_min": 50.18824630422671,
    "timestamp": 1769518620
}