Concurrent_Users,P25,P50,P75
1,0.008590275550246723,0.009403212108499308,0.01116359683990996
10,0.008788735222951894,0.009068919342982373,0.009398001301254476
20,0.008203271034692601,0.008555614948120786,0.008993486710341992
30,0.007535904064676913,0.008627678935955733,0.009157816916515665
40,0.00826615665149196,0.009325753892279373,0.009418060516600574
50,0.008353958226547525,0.008513133415880662,0.010133112118786085
