Concurrent_Users,P25,P50,P75
1,107.14649566560222,127.25338244248769,141.44070795674656
10,128.10918303245788,131.7580279107136,136.44936155656234
20,132.15306690852051,140.67352064691124,146.03851423109685
30,128.98894544825083,138.45666171911625,158.0742802574979
40,119.99431760274685,129.58566857593925,142.77649301500736
50,115.49043882417769,140.22818074537835,142.3599411880803
