Concurrent_Users,P25,P50,P75
1,0.451827418000903,0.48876908200327307,0.5470293895014038
10,0.4630308794985467,0.5417380164944916,0.5813581024995074
20,0.44556896799986134,0.5207376450052834,0.6217025399964768
30,0.40247298450412927,0.4284383815029287,0.5173158377474465
40,0.4458789859927492,0.4670529729919508,0.5791928660037229
50,0.498147543748928,0.5829673780026496,0.6587269292504061
