{
    "version": "2023-08-31",
    "name": "gpt-4-1-nano_150_350_summary",
    "model": "gpt-4.1-nano",
    "mean_input_tokens": 150,
    "stddev_input_tokens": 25,
    "mean_output_tokens": 350,
    "stddev_output_tokens": 75,
    "num_concurrent_requests": 50,
    "results_inter_token_latency_s_quantiles_p25": 0.0131151390111653,
    "results_inter_token_latency_s_quantiles_p50": 0.01490654046246042,
    "results_inter_token_latency_s_quantiles_p75": 0.017477120896574244,
    "results_inter_token_latency_s_quantiles_p90": 0.019556652237846934,
    "results_inter_token_latency_s_quantiles_p95": 0.021158186770104802,
    "results_inter_token_latency_s_quantiles_p99": 0.022439414395911104,
    "results_inter_token_latency_s_mean": 0.015805804112435436,
    "results_inter_token_latency_s_min": 0.011982040177422782,
    "results_inter_token_latency_s_max": 0.022759721302362677,
    "results_inter_token_latency_s_stddev": 0.0034250590906213497,
    "results_ttft_s_quantiles_p25": 0.4683298532436311,
    "results_ttft_s_quantiles_p50": 0.5416361950046849,
    "results_ttft_s_quantiles_p75": 0.7575878855022893,
    "results_ttft_s_quantiles_p90": 0.8016901380950002,
    "results_ttft_s_quantiles_p95": 0.9009061655473486,
    "results_ttft_s_quantiles_p99": 0.9802789875092276,
    "results_ttft_s_mean": 0.6180875763981021,
    "results_ttft_s_min": 0.43241939999279566,
    "results_ttft_s_max": 1.0001221929996973,
    "results_ttft_s_stddev": 0.19227654527166219,
    "results_end_to_end_latency_s_quantiles_p25": 0.92409396450239,
    "results_end_to_end_latency_s_quantiles_p50": 1.202652494503127,
    "results_end_to_end_latency_s_quantiles_p75": 1.3263418427522993,
    "results_end_to_end_latency_s_quantiles_p90": 1.5407067207081127,
    "results_end_to_end_latency_s_quantiles_p95": 1.5538108768501842,
    "results_end_to_end_latency_s_quantiles_p99": 1.5642942017638415,
    "results_end_to_end_latency_s_mean": 1.1791709329016158,
    "results_end_to_end_latency_s_min": 0.8414703960006591,
    "results_end_to_end_latency_s_max": 1.5669150329922559,
    "results_end_to_end_latency_s_stddev": 0.2741399995330859,
    "results_request_output_throughput_token_per_s_quantiles_p25": 62.040574551434446,
    "results_request_output_throughput_token_per_s_quantiles_p50": 77.2033569864751,
    "results_request_output_throughput_token_per_s_quantiles_p75": 86.16324113802165,
    "results_request_output_throughput_token_per_s_quantiles_p90": 88.63108625592541,
    "results_request_output_throughput_token_per_s_quantiles_p95": 92.52895133859445,
    "results_request_output_throughput_token_per_s_quantiles_p99": 95.6472434047297,
    "results_request_output_throughput_token_per_s_mean": 74.6342548239717,
    "results_request_output_throughput_token_per_s_min": 48.771140050303444,
    "results_request_output_throughput_token_per_s_max": 96.42681642126351,
    "results_request_output_throughput_token_per_s_stddev": 15.405867840209524,
    "results_number_input_tokens_quantiles_p25": 108.75,
    "results_number_input_tokens_quantiles_p50": 140.5,
    "results_number_input_tokens_quantiles_p75": 161.25,
    "results_number_input_tokens_quantiles_p90": 164.1,
    "results_number_input_tokens_quantiles_p95": 169.04999999999998,
    "results_number_input_tokens_quantiles_p99": 173.01,
    "results_number_input_tokens_mean": 136.9,
    "results_number_input_tokens_min": "105",
    "results_number_input_tokens_max": "174",
    "results_number_input_tokens_stddev": 27.39201018951005,
    "results_number_output_tokens_quantiles_p25": 63.0,
    "results_number_output_tokens_quantiles_p50": 93.0,
    "results_number_output_tokens_quantiles_p75": 109.25,
    "results_number_output_tokens_quantiles_p90": 117.1,
    "results_number_output_tokens_quantiles_p95": 126.54999999999998,
    "results_number_output_tokens_quantiles_p99": 134.11,
    "results_number_output_tokens_mean": 88.7,
    "results_number_output_tokens_min": "50",
    "results_number_output_tokens_max": "136",
    "results_number_output_tokens_stddev": 29.257667561019133,
    "results_num_requests_started": 10,
    "results_error_rate": 0.0,
    "results_number_errors": 0,
    "results_error_code_frequency": "{}",
    "results_mean_output_throughput_token_per_s": 74.78746916613402,
    "results_num_completed_requests": 10,
    "results_num_completed_requests_per_min": 50.58904340437475,
    "timestamp": 1769511468
}