{
    "version": "2023-08-31",
    "name": "gpt-4-1-nano_5500_350_summary",
    "model": "gpt-4.1-nano",
    "mean_input_tokens": 5500,
    "stddev_input_tokens": 2250,
    "mean_output_tokens": 350,
    "stddev_output_tokens": 75,
    "num_concurrent_requests": 10,
    "results_inter_token_latency_s_quantiles_p25": 0.009543133106218035,
    "results_inter_token_latency_s_quantiles_p50": 0.009678254446899204,
    "results_inter_token_latency_s_quantiles_p75": 0.010195940752697592,
    "results_inter_token_latency_s_quantiles_p90": 0.013062060302405509,
    "results_inter_token_latency_s_quantiles_p95": 0.015492908185775513,
    "results_inter_token_latency_s_quantiles_p99": 0.017437586492471523,
    "results_inter_token_latency_s_mean": 0.010705656923911587,
    "results_inter_token_latency_s_min": 0.008790800109587459,
    "results_inter_token_latency_s_max": 0.017923756069145525,
    "results_inter_token_latency_s_stddev": 0.0027312159286216994,
    "results_ttft_s_quantiles_p25": 1.0343138627504231,
    "results_ttft_s_quantiles_p50": 1.1407879715261515,
    "results_ttft_s_quantiles_p75": 1.4165829022385878,
    "results_ttft_s_quantiles_p90": 1.463778860104503,
    "results_ttft_s_quantiles_p95": 1.5257214820565421,
    "results_ttft_s_quantiles_p99": 1.5752755796181737,
    "results_ttft_s_mean": 1.2139715155062731,
    "results_ttft_s_min": 0.9499795500305481,
    "results_ttft_s_max": 1.5876641040085815,
    "results_ttft_s_stddev": 0.22672608532743,
    "results_end_to_end_latency_s_quantiles_p25": 2.989192729262868,
    "results_end_to_end_latency_s_quantiles_p50": 3.3270410720142536,
    "results_end_to_end_latency_s_quantiles_p75": 3.5486091777856927,
    "results_end_to_end_latency_s_quantiles_p90": 3.7907435376837384,
    "results_end_to_end_latency_s_quantiles_p95": 3.853091963348561,
    "results_end_to_end_latency_s_quantiles_p99": 3.902970703880419,
    "results_end_to_end_latency_s_mean": 3.2415560210123657,
    "results_end_to_end_latency_s_min": 2.34141512500355,
    "results_end_to_end_latency_s_max": 3.9154403890133835,
    "results_end_to_end_latency_s_stddev": 0.5014141089079324,
    "results_request_output_throughput_token_per_s_quantiles_p25": 117.23376306663295,
    "results_request_output_throughput_token_per_s_quantiles_p50": 123.81317675378597,
    "results_request_output_throughput_token_per_s_quantiles_p75": 126.03124140711955,
    "results_request_output_throughput_token_per_s_quantiles_p90": 130.18514115002532,
    "results_request_output_throughput_token_per_s_quantiles_p95": 131.3617469042222,
    "results_request_output_throughput_token_per_s_quantiles_p99": 132.30303150757973,
    "results_request_output_throughput_token_per_s_mean": 115.93053118395228,
    "results_request_output_throughput_token_per_s_min": 67.05346622366332,
    "results_request_output_throughput_token_per_s_max": 132.53835265841911,
    "results_request_output_throughput_token_per_s_stddev": 20.14691525330741,
    "results_number_input_tokens_quantiles_p25": 4473.75,
    "results_number_input_tokens_quantiles_p50": 5247.0,
    "results_number_input_tokens_quantiles_p75": 6728.75,
    "results_number_input_tokens_quantiles_p90": 7740.9,
    "results_number_input_tokens_quantiles_p95": 8482.949999999999,
    "results_number_input_tokens_quantiles_p99": 9076.59,
    "results_number_input_tokens_mean": 5216.4,
    "results_number_input_tokens_min": "639",
    "results_number_input_tokens_max": "9225",
    "results_number_input_tokens_stddev": 2529.4631929412303,
    "results_number_output_tokens_quantiles_p25": 373.25,
    "results_number_output_tokens_quantiles_p50": 385.5,
    "results_number_output_tokens_quantiles_p75": 424.0,
    "results_number_output_tokens_quantiles_p90": 438.3,
    "results_number_output_tokens_quantiles_p95": 457.65,
    "results_number_output_tokens_quantiles_p99": 473.13,
    "results_number_output_tokens_mean": 378.1,
    "results_number_output_tokens_min": "157",
    "results_number_output_tokens_max": "477",
    "results_number_output_tokens_stddev": 86.0974254357624,
    "results_num_requests_started": 10,
    "results_error_rate": 0.0,
    "results_number_errors": 0,
    "results_error_code_frequency": "{}",
    "results_mean_output_throughput_token_per_s": 335.29916529179263,
    "results_num_completed_requests": 10,
    "results_num_completed_requests_per_min": 53.20801353479915,
    "timestamp": 1768990217
}