Concurrent_Users,P25,P50,P75
1,3.4337410385087423,3.7121899129997473,3.847544917007326
10,3.2110196400062705,3.8236200859973906,4.253939378751966
20,2.895735965750646,3.30636972150387,3.425928412754729
30,3.425562801752676,3.47380790799798,3.770280266249756
40,2.582983700245677,3.5234643784933724,4.010577156252111
50,2.9672956974973204,3.0128286175022367,3.2485296664999623
