Concurrent_Users,P25,P50,P75
1,0.009799354027520045,0.01047011530256597,0.011000651435684771
10,0.009754733680374536,0.010392424588298792,0.011091903628487353
20,0.009517562996373128,0.010119136790286748,0.01023588253928159
30,0.011640408027775141,0.013975157715224742,0.01573957485186066
40,0.00949537601164427,0.010267439658488513,0.011363459385064082
50,0.010068173730047642,0.010913130763200522,0.011585435697683633
