Concurrent_Users,P25,P50,P75
1,110.71610010130995,115.11020766169983,122.45249416081046
10,108.18053153248232,114.28291791437292,121.58471631834907
20,117.6653095687921,118.95536598741582,126.1821298337106
30,76.65367450354971,88.7353825072222,104.55552245145397
40,107.25988530750735,116.89223579212197,127.24921984703458
50,105.27269560159061,111.4095924851325,115.2820544410662
