Concurrent_Users,P25,P50,P75
1,1.140907733253698,1.5593092380004236,2.0084340865032573
10,1.3166543902552803,1.4146161815078813,1.7336164845037274
20,1.0921160625002813,1.2490535754986922,1.5052125395013718
30,1.3230683157489693,1.3506592464909772,1.4092698692547856
40,1.0761673752494971,1.1495720609964337,1.288387706499634
50,1.4160438619983324,1.5414153599922429,2.281757492746692
