Concurrent_Users,P25,P50,P75
1,0.011147944582135735,0.012579234076532868,0.014541777807984872
10,0.012254701074754983,0.014260667314853268,0.015113378592856032
20,0.013104092438714379,0.014634044519177195,0.01685908223280421
30,0.01266423037063388,0.013208033153611343,0.014558644769149292
40,0.010760621128898917,0.011851820030002444,0.012757025473141661
50,0.015568207164767265,0.01971551216676383,0.027549001624510523
