Concurrent_Users,P25,P50,P75
1,81.43540254562518,93.419401777503,106.2891221570751
10,77.76872035130427,86.77162190093662,96.54075200947017
20,67.02349462109754,82.23439768934924,94.67750696706278
30,81.60183845187142,89.97511230204981,93.77029369848626
40,89.5500536248607,99.60808343060592,109.96234075046361
50,41.12404421746909,58.16777453782717,75.9384881030967
