Concurrent_Users,P25,P50,P75
1,0.4493283744996006,0.46899025400489336,0.5267735682464263
10,0.45675826674414566,0.5176539145031711,0.5871687534963712
20,0.5017835432445281,0.5528326814965112,0.5778546627552714
30,0.5008295807492686,0.5884271500035538,0.680393198505044
40,0.4354654865055636,0.4832093805016484,0.5215527742475388
50,0.5834957677470811,0.8468492765023257,1.0224736467425828
