{
    "version": "2023-08-31",
    "name": "gpt-4-1-nano_150_5500_summary",
    "model": "gpt-4.1-nano",
    "mean_input_tokens": 150,
    "stddev_input_tokens": 25,
    "mean_output_tokens": 5500,
    "stddev_output_tokens": 2250,
    "num_concurrent_requests": 50,
    "results_inter_token_latency_s_quantiles_p25": 0.01369778472437468,
    "results_inter_token_latency_s_quantiles_p50": 0.015408744058694166,
    "results_inter_token_latency_s_quantiles_p75": 0.01855757536838929,
    "results_inter_token_latency_s_quantiles_p90": 0.023133517418219156,
    "results_inter_token_latency_s_quantiles_p95": 0.023236420393714142,
    "results_inter_token_latency_s_quantiles_p99": 0.02331874277411013,
    "results_inter_token_latency_s_mean": 0.01674794677318812,
    "results_inter_token_latency_s_min": 0.012443140891385459,
    "results_inter_token_latency_s_max": 0.023339323369209127,
    "results_inter_token_latency_s_stddev": 0.003958293482509407,
    "results_ttft_s_quantiles_p25": 0.543527614492632,
    "results_ttft_s_quantiles_p50": 0.6481311954994453,
    "results_ttft_s_quantiles_p75": 0.7701599364954745,
    "results_ttft_s_quantiles_p90": 0.9426698761948501,
    "results_ttft_s_quantiles_p95": 0.9525110800961556,
    "results_ttft_s_quantiles_p99": 0.9603840432172001,
    "results_ttft_s_mean": 0.68771157929732,
    "results_ttft_s_min": 0.5191803699999582,
    "results_ttft_s_max": 0.9623522839974612,
    "results_ttft_s_stddev": 0.16567933716685895,
    "results_end_to_end_latency_s_quantiles_p25": 1.1923784619903017,
    "results_end_to_end_latency_s_quantiles_p50": 1.2696951729958528,
    "results_end_to_end_latency_s_quantiles_p75": 1.40341602474291,
    "results_end_to_end_latency_s_quantiles_p90": 1.5379618635997756,
    "results_end_to_end_latency_s_quantiles_p95": 1.7387307657954802,
    "results_end_to_end_latency_s_quantiles_p99": 1.8993458875520446,
    "results_end_to_end_latency_s_mean": 1.3177079423941904,
    "results_end_to_end_latency_s_min": 0.9557203059957828,
    "results_end_to_end_latency_s_max": 1.9394996679911856,
    "results_end_to_end_latency_s_stddev": 0.26891334441758863,
    "results_request_output_throughput_token_per_s_quantiles_p25": 62.523603945192065,
    "results_request_output_throughput_token_per_s_quantiles_p50": 73.40209402110182,
    "results_request_output_throughput_token_per_s_quantiles_p75": 89.0885857085531,
    "results_request_output_throughput_token_per_s_quantiles_p90": 92.10517897562185,
    "results_request_output_throughput_token_per_s_quantiles_p95": 94.93608535298522,
    "results_request_output_throughput_token_per_s_quantiles_p99": 97.20081045487593,
    "results_request_output_throughput_token_per_s_mean": 73.38443951923867,
    "results_request_output_throughput_token_per_s_min": 46.40920942230918,
    "results_request_output_throughput_token_per_s_max": 97.76699173034861,
    "results_request_output_throughput_token_per_s_stddev": 17.767159105535764,
    "results_number_input_tokens_quantiles_p25": 121.0,
    "results_number_input_tokens_quantiles_p50": 136.0,
    "results_number_input_tokens_quantiles_p75": 151.5,
    "results_number_input_tokens_quantiles_p90": 153.6,
    "results_number_input_tokens_quantiles_p95": 160.79999999999998,
    "results_number_input_tokens_quantiles_p99": 166.56,
    "results_number_input_tokens_mean": 137.4,
    "results_number_input_tokens_min": "118",
    "results_number_input_tokens_max": "168",
    "results_number_input_tokens_stddev": 18.40410582210152,
    "results_number_output_tokens_quantiles_p25": 64.5,
    "results_number_output_tokens_quantiles_p50": 91.5,
    "results_number_output_tokens_quantiles_p75": 126.5,
    "results_number_output_tokens_quantiles_p90": 147.6,
    "results_number_output_tokens_quantiles_p95": 154.79999999999998,
    "results_number_output_tokens_quantiles_p99": 160.56,
    "results_number_output_tokens_mean": 99.0,
    "results_number_output_tokens_min": "54",
    "results_number_output_tokens_max": "162",
    "results_number_output_tokens_stddev": 38.224483137265715,
    "results_num_requests_started": 10,
    "results_error_rate": 0.0,
    "results_number_errors": 0,
    "results_error_code_frequency": "{}",
    "results_mean_output_throughput_token_per_s": 59.51707323746993,
    "results_num_completed_requests": 10,
    "results_num_completed_requests_per_min": 36.0709534772545,
    "timestamp": 1769511359
}