{
    "version": "2023-08-31",
    "name": "gpt-4-1-nano_5500_350_summary",
    "model": "gpt-4.1-nano",
    "mean_input_tokens": 5500,
    "stddev_input_tokens": 2250,
    "mean_output_tokens": 350,
    "stddev_output_tokens": 75,
    "num_concurrent_requests": 30,
    "results_inter_token_latency_s_quantiles_p25": 0.00899241928411792,
    "results_inter_token_latency_s_quantiles_p50": 0.0090361033301232,
    "results_inter_token_latency_s_quantiles_p75": 0.00986497320329363,
    "results_inter_token_latency_s_quantiles_p90": 0.010390770623353045,
    "results_inter_token_latency_s_quantiles_p95": 0.011292696659270143,
    "results_inter_token_latency_s_quantiles_p99": 0.012014237488003827,
    "results_inter_token_latency_s_mean": 0.009442164792531793,
    "results_inter_token_latency_s_min": 0.008064691252380582,
    "results_inter_token_latency_s_max": 0.012194622695187247,
    "results_inter_token_latency_s_stddev": 0.0011517496604033263,
    "results_ttft_s_quantiles_p25": 0.42702081024981453,
    "results_ttft_s_quantiles_p50": 0.5445436649897601,
    "results_ttft_s_quantiles_p75": 0.7581496932471055,
    "results_ttft_s_quantiles_p90": 0.7984099151013652,
    "results_ttft_s_quantiles_p95": 0.8014413360477193,
    "results_ttft_s_quantiles_p99": 0.8038664728048025,
    "results_ttft_s_mean": 0.5779401883963147,
    "results_ttft_s_min": 0.3612237370107323,
    "results_ttft_s_max": 0.8044727569940733,
    "results_ttft_s_stddev": 0.18119748487848908,
    "results_end_to_end_latency_s_quantiles_p25": 2.3857241867517587,
    "results_end_to_end_latency_s_quantiles_p50": 2.5262855475011747,
    "results_end_to_end_latency_s_quantiles_p75": 3.0624447627524205,
    "results_end_to_end_latency_s_quantiles_p90": 3.2469424930939565,
    "results_end_to_end_latency_s_quantiles_p95": 3.257435008550965,
    "results_end_to_end_latency_s_quantiles_p99": 3.2658290209165717,
    "results_end_to_end_latency_s_mean": 2.6333946269005537,
    "results_end_to_end_latency_s_min": 1.7202929189952556,
    "results_end_to_end_latency_s_max": 3.2679275240079733,
    "results_end_to_end_latency_s_stddev": 0.4872849368174094,
    "results_request_output_throughput_token_per_s_quantiles_p25": 122.97397737493442,
    "results_request_output_throughput_token_per_s_quantiles_p50": 131.95017629585914,
    "results_request_output_throughput_token_per_s_quantiles_p75": 135.80180570158228,
    "results_request_output_throughput_token_per_s_quantiles_p90": 143.73580085211577,
    "results_request_output_throughput_token_per_s_quantiles_p95": 146.99196550902667,
    "results_request_output_throughput_token_per_s_quantiles_p99": 149.5968972345554,
    "results_request_output_throughput_token_per_s_mean": 128.8379257881251,
    "results_request_output_throughput_token_per_s_min": 96.75825089885969,
    "results_request_output_throughput_token_per_s_max": 150.24813016593757,
    "results_request_output_throughput_token_per_s_stddev": 14.842764994190803,
    "results_number_input_tokens_quantiles_p25": 6192.0,
    "results_number_input_tokens_quantiles_p50": 7934.5,
    "results_number_input_tokens_quantiles_p75": 8302.25,
    "results_number_input_tokens_quantiles_p90": 8374.0,
    "results_number_input_tokens_quantiles_p95": 8374.0,
    "results_number_input_tokens_quantiles_p99": 8374.0,
    "results_number_input_tokens_mean": 7188.7,
    "results_number_input_tokens_min": "4129",
    "results_number_input_tokens_max": "8374",
    "results_number_input_tokens_stddev": 1440.7107081036236,
    "results_number_output_tokens_quantiles_p25": 310.75,
    "results_number_output_tokens_quantiles_p50": 332.0,
    "results_number_output_tokens_quantiles_p75": 404.75,
    "results_number_output_tokens_quantiles_p90": 438.79999999999995,
    "results_number_output_tokens_quantiles_p95": 464.8999999999999,
    "results_number_output_tokens_quantiles_p99": 485.78000000000003,
    "results_number_output_tokens_mean": 342.1,
    "results_number_output_tokens_min": "210",
    "results_number_output_tokens_max": "491",
    "results_number_output_tokens_stddev": 88.02834139576235,
    "results_num_requests_started": 10,
    "results_error_rate": 0.0,
    "results_number_errors": 0,
    "results_error_code_frequency": "{}",
    "results_mean_output_throughput_token_per_s": 404.7658398347039,
    "results_num_completed_requests": 10,
    "results_num_completed_requests_per_min": 70.99079330629125,
    "timestamp": 1769511175
}