{
    "version": "2023-08-31",
    "name": "gpt-4-1-nano_5500_350_summary",
    "model": "gpt-4.1-nano",
    "mean_input_tokens": 5500,
    "stddev_input_tokens": 2250,
    "mean_output_tokens": 350,
    "stddev_output_tokens": 75,
    "num_concurrent_requests": 30,
    "results_inter_token_latency_s_quantiles_p25": 0.00788503533450426,
    "results_inter_token_latency_s_quantiles_p50": 0.00821742981359231,
    "results_inter_token_latency_s_quantiles_p75": 0.008820529933780769,
    "results_inter_token_latency_s_quantiles_p90": 0.009426182912247366,
    "results_inter_token_latency_s_quantiles_p95": 0.009876525753844229,
    "results_inter_token_latency_s_quantiles_p99": 0.010236800027121719,
    "results_inter_token_latency_s_mean": 0.008404300271785445,
    "results_inter_token_latency_s_min": 0.007090841582938348,
    "results_inter_token_latency_s_max": 0.010326868595441092,
    "results_inter_token_latency_s_stddev": 0.0009248846825122201,
    "results_ttft_s_quantiles_p25": 0.9408525512496908,
    "results_ttft_s_quantiles_p50": 0.9933039659999849,
    "results_ttft_s_quantiles_p75": 1.09972359174958,
    "results_ttft_s_quantiles_p90": 1.215807222999865,
    "results_ttft_s_quantiles_p95": 1.3081767880000368,
    "results_ttft_s_quantiles_p99": 1.3820724400001745,
    "results_ttft_s_mean": 1.0388458032997732,
    "results_ttft_s_min": 0.8571491949996926,
    "results_ttft_s_max": 1.400546353000209,
    "results_ttft_s_stddev": 0.16547881675763695,
    "results_end_to_end_latency_s_quantiles_p25": 2.718142688249827,
    "results_end_to_end_latency_s_quantiles_p50": 2.8492385419995117,
    "results_end_to_end_latency_s_quantiles_p75": 3.2051779235000595,
    "results_end_to_end_latency_s_quantiles_p90": 3.3595948169997425,
    "results_end_to_end_latency_s_quantiles_p95": 3.464415387000008,
    "results_end_to_end_latency_s_quantiles_p99": 3.5482718430002205,
    "results_end_to_end_latency_s_mean": 2.880655275999834,
    "results_end_to_end_latency_s_min": 2.071076606999668,
    "results_end_to_end_latency_s_max": 3.5692359570002736,
    "results_end_to_end_latency_s_stddev": 0.46787650197672054,
    "results_request_output_throughput_token_per_s_quantiles_p25": 137.35282501071086,
    "results_request_output_throughput_token_per_s_quantiles_p50": 146.56937628370576,
    "results_request_output_throughput_token_per_s_quantiles_p75": 150.54189956577866,
    "results_request_output_throughput_token_per_s_quantiles_p90": 153.1755707894271,
    "results_request_output_throughput_token_per_s_quantiles_p95": 161.22352403719697,
    "results_request_output_throughput_token_per_s_quantiles_p99": 167.66188663541288,
    "results_request_output_throughput_token_per_s_mean": 143.8957386524652,
    "results_request_output_throughput_token_per_s_min": 118.60707877721913,
    "results_request_output_throughput_token_per_s_max": 169.27147728496686,
    "results_request_output_throughput_token_per_s_stddev": 14.04594234986352,
    "results_number_input_tokens_quantiles_p25": 5031.0,
    "results_number_input_tokens_quantiles_p50": 5315.5,
    "results_number_input_tokens_quantiles_p75": 6117.75,
    "results_number_input_tokens_quantiles_p90": 6390.8,
    "results_number_input_tokens_quantiles_p95": 6668.9,
    "results_number_input_tokens_quantiles_p99": 6891.38,
    "results_number_input_tokens_mean": 5439.4,
    "results_number_input_tokens_min": "3749",
    "results_number_input_tokens_max": "6947",
    "results_number_input_tokens_stddev": 912.3378029363173,
    "results_number_output_tokens_quantiles_p25": 340.0,
    "results_number_output_tokens_quantiles_p50": 455.0,
    "results_number_output_tokens_quantiles_p75": 483.75,
    "results_number_output_tokens_quantiles_p90": 487.6,
    "results_number_output_tokens_quantiles_p95": 494.79999999999995,
    "results_number_output_tokens_quantiles_p99": 500.56,
    "results_number_output_tokens_mean": 416.4,
    "results_number_output_tokens_min": "266",
    "results_number_output_tokens_max": "502",
    "results_number_output_tokens_stddev": 85.94080650204664,
    "results_num_requests_started": 10,
    "results_error_rate": 0.0,
    "results_number_errors": 0,
    "results_error_code_frequency": "{}",
    "results_mean_output_throughput_token_per_s": 161.51525393669962,
    "results_num_completed_requests": 10,
    "results_num_completed_requests_per_min": 23.27309134534577,
    "timestamp": 1769149519
}