{
    "version": "2023-08-31",
    "name": "gpt-4-1-nano_5500_350_summary",
    "model": "gpt-4.1-nano",
    "mean_input_tokens": 5500,
    "stddev_input_tokens": 2250,
    "mean_output_tokens": 350,
    "stddev_output_tokens": 75,
    "num_concurrent_requests": 30,
    "results_inter_token_latency_s_quantiles_p25": 0.009645893305255396,
    "results_inter_token_latency_s_quantiles_p50": 0.01034691818781722,
    "results_inter_token_latency_s_quantiles_p75": 0.010721566299482788,
    "results_inter_token_latency_s_quantiles_p90": 0.011105447089645606,
    "results_inter_token_latency_s_quantiles_p95": 0.012225638949406615,
    "results_inter_token_latency_s_quantiles_p99": 0.013121792437215426,
    "results_inter_token_latency_s_mean": 0.010265400604013304,
    "results_inter_token_latency_s_min": 0.007701093318641065,
    "results_inter_token_latency_s_max": 0.013345830809167626,
    "results_inter_token_latency_s_stddev": 0.00144156628411514,
    "results_ttft_s_quantiles_p25": 1.4174609875044553,
    "results_ttft_s_quantiles_p50": 1.5727059284690768,
    "results_ttft_s_quantiles_p75": 1.9608264510316076,
    "results_ttft_s_quantiles_p90": 2.424435846810229,
    "results_ttft_s_quantiles_p95": 2.560905617900425,
    "results_ttft_s_quantiles_p99": 2.670081434772583,
    "results_ttft_s_mean": 1.7442185496969613,
    "results_ttft_s_min": 1.2836024859570898,
    "results_ttft_s_max": 2.697375388990622,
    "results_ttft_s_stddev": 0.48019783932902277,
    "results_end_to_end_latency_s_quantiles_p25": 3.1659672212408623,
    "results_end_to_end_latency_s_quantiles_p50": 3.3346234074851964,
    "results_end_to_end_latency_s_quantiles_p75": 4.094688452008995,
    "results_end_to_end_latency_s_quantiles_p90": 4.921936162741622,
    "results_end_to_end_latency_s_quantiles_p95": 5.1528742488852,
    "results_end_to_end_latency_s_quantiles_p99": 5.337624717800063,
    "results_end_to_end_latency_s_mean": 3.7183962925046217,
    "results_end_to_end_latency_s_min": 3.031497444026172,
    "results_end_to_end_latency_s_max": 5.383812335028779,
    "results_end_to_end_latency_s_stddev": 0.833360832514038,
    "results_request_output_throughput_token_per_s_quantiles_p25": 112.47919314217023,
    "results_request_output_throughput_token_per_s_quantiles_p50": 116.05141176949886,
    "results_request_output_throughput_token_per_s_quantiles_p75": 124.11290896080433,
    "results_request_output_throughput_token_per_s_quantiles_p90": 132.37096353523248,
    "results_request_output_throughput_token_per_s_quantiles_p95": 143.18082562371993,
    "results_request_output_throughput_token_per_s_quantiles_p99": 151.82871529450995,
    "results_request_output_throughput_token_per_s_mean": 118.76866073089764,
    "results_request_output_throughput_token_per_s_min": 90.95357681972493,
    "results_request_output_throughput_token_per_s_max": 153.99068771220743,
    "results_request_output_throughput_token_per_s_stddev": 16.175630933566996,
    "results_number_input_tokens_quantiles_p25": 4285.0,
    "results_number_input_tokens_quantiles_p50": 5133.0,
    "results_number_input_tokens_quantiles_p75": 5871.25,
    "results_number_input_tokens_quantiles_p90": 7048.9,
    "results_number_input_tokens_quantiles_p95": 7066.45,
    "results_number_input_tokens_quantiles_p99": 7080.49,
    "results_number_input_tokens_mean": 5079.2,
    "results_number_input_tokens_min": "3177",
    "results_number_input_tokens_max": "7084",
    "results_number_input_tokens_stddev": 1393.6442077437764,
    "results_number_output_tokens_quantiles_p25": 379.75,
    "results_number_output_tokens_quantiles_p50": 396.5,
    "results_number_output_tokens_quantiles_p75": 469.25,
    "results_number_output_tokens_quantiles_p90": 508.4,
    "results_number_output_tokens_quantiles_p95": 568.6999999999998,
    "results_number_output_tokens_quantiles_p99": 616.94,
    "results_number_output_tokens_mean": 435.2,
    "results_number_output_tokens_min": "371",
    "results_number_output_tokens_max": "629",
    "results_number_output_tokens_stddev": 81.04840803152425,
    "results_num_requests_started": 10,
    "results_error_rate": 0.0,
    "results_number_errors": 0,
    "results_error_code_frequency": "{}",
    "results_mean_output_throughput_token_per_s": 196.0354294119736,
    "results_num_completed_requests": 10,
    "results_num_completed_requests_per_min": 27.026943393194887,
    "timestamp": 1769053151
}