{
    "version": "2023-08-31",
    "name": "gpt-4-1-nano_5500_350_summary",
    "model": "gpt-4.1-nano",
    "mean_input_tokens": 5500,
    "stddev_input_tokens": 2250,
    "mean_output_tokens": 350,
    "stddev_output_tokens": 75,
    "num_concurrent_requests": 30,
    "results_inter_token_latency_s_quantiles_p25": 0.00989157649188744,
    "results_inter_token_latency_s_quantiles_p50": 0.010170607576845105,
    "results_inter_token_latency_s_quantiles_p75": 0.01056662633110848,
    "results_inter_token_latency_s_quantiles_p90": 0.012460520281851782,
    "results_inter_token_latency_s_quantiles_p95": 0.012524598223884274,
    "results_inter_token_latency_s_quantiles_p99": 0.012575860577510265,
    "results_inter_token_latency_s_mean": 0.010596772317003924,
    "results_inter_token_latency_s_min": 0.009742047180393624,
    "results_inter_token_latency_s_max": 0.012588676165916763,
    "results_inter_token_latency_s_stddev": 0.0010520395996233944,
    "results_ttft_s_quantiles_p25": 0.551715600748139,
    "results_ttft_s_quantiles_p50": 0.5951692044982337,
    "results_ttft_s_quantiles_p75": 0.6148403330043948,
    "results_ttft_s_quantiles_p90": 0.7174309006033581,
    "results_ttft_s_quantiles_p95": 0.7301634283045132,
    "results_ttft_s_quantiles_p99": 0.7403494504654372,
    "results_ttft_s_mean": 0.5936044572008541,
    "results_ttft_s_min": 0.413327288988512,
    "results_ttft_s_max": 0.7428959560056683,
    "results_ttft_s_stddev": 0.09231485221881792,
    "results_end_to_end_latency_s_quantiles_p25": 3.183208397749695,
    "results_end_to_end_latency_s_quantiles_p50": 3.3226840345014352,
    "results_end_to_end_latency_s_quantiles_p75": 3.368507872994087,
    "results_end_to_end_latency_s_quantiles_p90": 3.700384327606298,
    "results_end_to_end_latency_s_quantiles_p95": 3.7184218018024695,
    "results_end_to_end_latency_s_quantiles_p99": 3.7328517811594066,
    "results_end_to_end_latency_s_mean": 3.275607296700764,
    "results_end_to_end_latency_s_min": 2.7133024020004086,
    "results_end_to_end_latency_s_max": 3.736459275998641,
    "results_end_to_end_latency_s_stddev": 0.3300660270350655,
    "results_request_output_throughput_token_per_s_quantiles_p25": 111.91003473229527,
    "results_request_output_throughput_token_per_s_quantiles_p50": 116.38599432032615,
    "results_request_output_throughput_token_per_s_quantiles_p75": 121.64293421296324,
    "results_request_output_throughput_token_per_s_quantiles_p90": 122.29333577279345,
    "results_request_output_throughput_token_per_s_quantiles_p95": 123.23450743506714,
    "results_request_output_throughput_token_per_s_quantiles_p99": 123.98744476488608,
    "results_request_output_throughput_token_per_s_mean": 113.6598150963222,
    "results_request_output_throughput_token_per_s_min": 94.58317288625778,
    "results_request_output_throughput_token_per_s_max": 124.17567909734082,
    "results_request_output_throughput_token_per_s_stddev": 10.671071081786994,
    "results_number_input_tokens_quantiles_p25": 3896.5,
    "results_number_input_tokens_quantiles_p50": 7213.0,
    "results_number_input_tokens_quantiles_p75": 7214.0,
    "results_number_input_tokens_quantiles_p90": 7955.0,
    "results_number_input_tokens_quantiles_p95": 7955.0,
    "results_number_input_tokens_quantiles_p99": 7955.0,
    "results_number_input_tokens_mean": 5915.2,
    "results_number_input_tokens_min": "1593",
    "results_number_input_tokens_max": "7955",
    "results_number_input_tokens_stddev": 2470.961342383882,
    "results_number_output_tokens_quantiles_p25": 317.25,
    "results_number_output_tokens_quantiles_p50": 390.5,
    "results_number_output_tokens_quantiles_p75": 405.0,
    "results_number_output_tokens_quantiles_p90": 420.3,
    "results_number_output_tokens_quantiles_p95": 439.65,
    "results_number_output_tokens_quantiles_p99": 455.13,
    "results_number_output_tokens_mean": 372.4,
    "results_number_output_tokens_min": "312",
    "results_number_output_tokens_max": "459",
    "results_number_output_tokens_stddev": 53.07269647484581,
    "results_num_requests_started": 10,
    "results_error_rate": 0.0,
    "results_number_errors": 0,
    "results_error_code_frequency": "{}",
    "results_mean_output_throughput_token_per_s": 372.36311523657804,
    "results_num_completed_requests": 10,
    "results_num_completed_requests_per_min": 59.994057234679595,
    "timestamp": 1769518326
}