{
    "version": "2023-08-31",
    "name": "gpt-4-1-nano_150_350_summary",
    "model": "gpt-4.1-nano",
    "mean_input_tokens": 150,
    "stddev_input_tokens": 25,
    "mean_output_tokens": 350,
    "stddev_output_tokens": 75,
    "num_concurrent_requests": 1,
    "results_inter_token_latency_s_quantiles_p25": 0.010072573724652364,
    "results_inter_token_latency_s_quantiles_p50": 0.011932682463059023,
    "results_inter_token_latency_s_quantiles_p75": 0.013238004053761476,
    "results_inter_token_latency_s_quantiles_p90": 0.014423439003585161,
    "results_inter_token_latency_s_quantiles_p95": 0.015489221077026733,
    "results_inter_token_latency_s_quantiles_p99": 0.016341846735779996,
    "results_inter_token_latency_s_mean": 0.011934015352957171,
    "results_inter_token_latency_s_min": 0.008654416812136113,
    "results_inter_token_latency_s_max": 0.01655500315046831,
    "results_inter_token_latency_s_stddev": 0.0024240377831630864,
    "results_ttft_s_quantiles_p25": 0.40943338024953846,
    "results_ttft_s_quantiles_p50": 0.4775566480020643,
    "results_ttft_s_quantiles_p75": 0.5342874312518688,
    "results_ttft_s_quantiles_p90": 0.5682760179042816,
    "results_ttft_s_quantiles_p95": 0.6353661124521749,
    "results_ttft_s_quantiles_p99": 0.6890381880904898,
    "results_ttft_s_mean": 0.4839523383008782,
    "results_ttft_s_min": 0.35494921599456575,
    "results_ttft_s_max": 0.7024562070000684,
    "results_ttft_s_stddev": 0.10305119535039815,
    "results_end_to_end_latency_s_quantiles_p25": 1.0962245920090936,
    "results_end_to_end_latency_s_quantiles_p50": 1.2376450649971957,
    "results_end_to_end_latency_s_quantiles_p75": 1.350574515749031,
    "results_end_to_end_latency_s_quantiles_p90": 1.5481082444937782,
    "results_end_to_end_latency_s_quantiles_p95": 1.663875755252229,
    "results_end_to_end_latency_s_quantiles_p99": 1.75648976385899,
    "results_end_to_end_latency_s_mean": 1.2496717270012596,
    "results_end_to_end_latency_s_min": 0.8185544580046553,
    "results_end_to_end_latency_s_max": 1.7796432660106802,
    "results_end_to_end_latency_s_stddev": 0.2749719915664773,
    "results_request_output_throughput_token_per_s_quantiles_p25": 89.68286558805359,
    "results_request_output_throughput_token_per_s_quantiles_p50": 97.49891029466457,
    "results_request_output_throughput_token_per_s_quantiles_p75": 113.4787382218942,
    "results_request_output_throughput_token_per_s_quantiles_p90": 127.38480518550527,
    "results_request_output_throughput_token_per_s_quantiles_p95": 133.0848065896766,
    "results_request_output_throughput_token_per_s_quantiles_p99": 137.64480771301368,
    "results_request_output_throughput_token_per_s_mean": 102.6136723771851,
    "results_request_output_throughput_token_per_s_min": 72.09035231933542,
    "results_request_output_throughput_token_per_s_max": 138.78480799384795,
    "results_request_output_throughput_token_per_s_stddev": 19.85967860203839,
    "results_number_input_tokens_quantiles_p25": 131.5,
    "results_number_input_tokens_quantiles_p50": 147.5,
    "results_number_input_tokens_quantiles_p75": 163.0,
    "results_number_input_tokens_quantiles_p90": 179.2,
    "results_number_input_tokens_quantiles_p95": 184.6,
    "results_number_input_tokens_quantiles_p99": 188.92000000000002,
    "results_number_input_tokens_mean": 146.7,
    "results_number_input_tokens_min": "93",
    "results_number_input_tokens_max": "190",
    "results_number_input_tokens_stddev": 28.472403793458987,
    "results_number_output_tokens_quantiles_p25": 94.5,
    "results_number_output_tokens_quantiles_p50": 121.5,
    "results_number_output_tokens_quantiles_p75": 169.0,
    "results_number_output_tokens_quantiles_p90": 193.2,
    "results_number_output_tokens_quantiles_p95": 198.6,
    "results_number_output_tokens_quantiles_p99": 202.92000000000002,
    "results_number_output_tokens_mean": 130.6,
    "results_number_output_tokens_min": "73",
    "results_number_output_tokens_max": "204",
    "results_number_output_tokens_stddev": 46.67428509242417,
    "results_num_requests_started": 10,
    "results_error_rate": 0.0,
    "results_number_errors": 0,
    "results_error_code_frequency": "{}",
    "results_mean_output_throughput_token_per_s": 93.37092790247492,
    "results_num_completed_requests": 10,
    "results_num_completed_requests_per_min": 42.89629153253059,
    "timestamp": 1769510798
}