{
    "version": "2023-08-31",
    "name": "gpt-4-1-nano_550_150_summary",
    "model": "gpt-4.1-nano",
    "mean_input_tokens": 550,
    "stddev_input_tokens": 150,
    "mean_output_tokens": 150,
    "stddev_output_tokens": 10,
    "num_concurrent_requests": 1,
    "results_inter_token_latency_s_quantiles_p25": 0.012650845374233916,
    "results_inter_token_latency_s_quantiles_p50": 0.013827598886712675,
    "results_inter_token_latency_s_quantiles_p75": 0.014931382192459212,
    "results_inter_token_latency_s_quantiles_p90": 0.01625091343280318,
    "results_inter_token_latency_s_quantiles_p95": 0.016321670106379617,
    "results_inter_token_latency_s_quantiles_p99": 0.016378275445240762,
    "results_inter_token_latency_s_mean": 0.013449953236642673,
    "results_inter_token_latency_s_min": 0.008811367276437772,
    "results_inter_token_latency_s_max": 0.01639242677995605,
    "results_inter_token_latency_s_stddev": 0.002417517586076924,
    "results_ttft_s_quantiles_p25": 0.9669832505023805,
    "results_ttft_s_quantiles_p50": 1.1378382524999324,
    "results_ttft_s_quantiles_p75": 1.237718753000081,
    "results_ttft_s_quantiles_p90": 1.28544456170639,
    "results_ttft_s_quantiles_p95": 1.3993291293416403,
    "results_ttft_s_quantiles_p99": 1.4904367834498409,
    "results_ttft_s_mean": 1.0594059848051984,
    "results_ttft_s_min": 0.5563074280216824,
    "results_ttft_s_max": 1.5132136969768908,
    "results_ttft_s_stddev": 0.29754280626090696,
    "results_end_to_end_latency_s_quantiles_p25": 1.89977046099375,
    "results_end_to_end_latency_s_quantiles_p50": 2.036520919005852,
    "results_end_to_end_latency_s_quantiles_p75": 2.1505422909831395,
    "results_end_to_end_latency_s_quantiles_p90": 2.3147880443109896,
    "results_end_to_end_latency_s_quantiles_p95": 2.3297733696512295,
    "results_end_to_end_latency_s_quantiles_p99": 2.3417616299234214,
    "results_end_to_end_latency_s_mean": 1.9397994269995251,
    "results_end_to_end_latency_s_min": 1.2525883230264299,
    "results_end_to_end_latency_s_max": 2.3447586949914694,
    "results_end_to_end_latency_s_stddev": 0.38020580927527536,
    "results_request_output_throughput_token_per_s_quantiles_p25": 79.33102861624354,
    "results_request_output_throughput_token_per_s_quantiles_p50": 86.82220844878117,
    "results_request_output_throughput_token_per_s_quantiles_p75": 96.9757797298277,
    "results_request_output_throughput_token_per_s_quantiles_p90": 114.65970637062331,
    "results_request_output_throughput_token_per_s_quantiles_p95": 124.0772793511593,
    "results_request_output_throughput_token_per_s_quantiles_p99": 131.61133773558814,
    "results_request_output_throughput_token_per_s_mean": 91.32428896037368,
    "results_request_output_throughput_token_per_s_min": 65.98124371898791,
    "results_request_output_throughput_token_per_s_max": 133.49485233169534,
    "results_request_output_throughput_token_per_s_stddev": 19.719515606668743,
    "results_number_input_tokens_quantiles_p25": 514.5,
    "results_number_input_tokens_quantiles_p50": 549.0,
    "results_number_input_tokens_quantiles_p75": 577.75,
    "results_number_input_tokens_quantiles_p90": 637.5999999999999,
    "results_number_input_tokens_quantiles_p95": 802.2999999999996,
    "results_number_input_tokens_quantiles_p99": 934.0600000000001,
    "results_number_input_tokens_mean": 581.0,
    "results_number_input_tokens_min": "472",
    "results_number_input_tokens_max": "967",
    "results_number_input_tokens_stddev": 141.8230509394639,
    "results_number_output_tokens_quantiles_p25": 162.75,
    "results_number_output_tokens_quantiles_p50": 172.5,
    "results_number_output_tokens_quantiles_p75": 182.0,
    "results_number_output_tokens_quantiles_p90": 192.4,
    "results_number_output_tokens_quantiles_p95": 198.7,
    "results_number_output_tokens_quantiles_p99": 203.74,
    "results_number_output_tokens_mean": 171.3,
    "results_number_output_tokens_min": "141",
    "results_number_output_tokens_max": "205",
    "results_number_output_tokens_stddev": 20.06129496207948,
    "results_num_requests_started": 10,
    "results_error_rate": 0.0,
    "results_number_errors": 0,
    "results_error_code_frequency": "{}",
    "results_mean_output_throughput_token_per_s": 83.91209101064071,
    "results_num_completed_requests": 10,
    "results_num_completed_requests_per_min": 29.391275310206908,
    "timestamp": 1768967746
}