{
    "version": "2023-08-31",
    "name": "gpt-4-1-nano_5500_350_summary",
    "model": "gpt-4.1-nano",
    "mean_input_tokens": 5500,
    "stddev_input_tokens": 2250,
    "mean_output_tokens": 350,
    "stddev_output_tokens": 75,
    "num_concurrent_requests": 20,
    "results_inter_token_latency_s_quantiles_p25": 0.01016262571962533,
    "results_inter_token_latency_s_quantiles_p50": 0.010741878441235007,
    "results_inter_token_latency_s_quantiles_p75": 0.011085342290938653,
    "results_inter_token_latency_s_quantiles_p90": 0.011576682113127202,
    "results_inter_token_latency_s_quantiles_p95": 0.01172224763143869,
    "results_inter_token_latency_s_quantiles_p99": 0.01183870004608788,
    "results_inter_token_latency_s_mean": 0.010612332642825476,
    "results_inter_token_latency_s_min": 0.00862689379727646,
    "results_inter_token_latency_s_max": 0.011867813149750179,
    "results_inter_token_latency_s_stddev": 0.0009247528458138674,
    "results_ttft_s_quantiles_p25": 0.42739246350174653,
    "results_ttft_s_quantiles_p50": 0.464950952999061,
    "results_ttft_s_quantiles_p75": 0.5454305132443551,
    "results_ttft_s_quantiles_p90": 0.638889354695857,
    "results_ttft_s_quantiles_p95": 0.7484625083445278,
    "results_ttft_s_quantiles_p99": 0.8361210312634648,
    "results_ttft_s_mean": 0.509902382697328,
    "results_ttft_s_min": 0.34844203499960713,
    "results_ttft_s_max": 0.858035661993199,
    "results_ttft_s_stddev": 0.14435386961602856,
    "results_end_to_end_latency_s_quantiles_p25": 2.5506794322536734,
    "results_end_to_end_latency_s_quantiles_p50": 2.7309189589941525,
    "results_end_to_end_latency_s_quantiles_p75": 2.92053701999248,
    "results_end_to_end_latency_s_quantiles_p90": 3.1966102545979083,
    "results_end_to_end_latency_s_quantiles_p95": 3.380098018299759,
    "results_end_to_end_latency_s_quantiles_p99": 3.52688822926124,
    "results_end_to_end_latency_s_mean": 2.7665171471991927,
    "results_end_to_end_latency_s_min": 2.236372390005272,
    "results_end_to_end_latency_s_max": 3.56358578200161,
    "results_end_to_end_latency_s_stddev": 0.39700943364145364,
    "results_request_output_throughput_token_per_s_quantiles_p25": 105.99168103506824,
    "results_request_output_throughput_token_per_s_quantiles_p50": 111.99088250405732,
    "results_request_output_throughput_token_per_s_quantiles_p75": 118.3656867759592,
    "results_request_output_throughput_token_per_s_quantiles_p90": 123.35788307212546,
    "results_request_output_throughput_token_per_s_quantiles_p95": 132.24207728606137,
    "results_request_output_throughput_token_per_s_quantiles_p99": 139.34943265721014,
    "results_request_output_throughput_token_per_s_mean": 114.06663374509401,
    "results_request_output_throughput_token_per_s_min": 102.46880154765547,
    "results_request_output_throughput_token_per_s_max": 141.12627149999733,
    "results_request_output_throughput_token_per_s_stddev": 11.443588214666818,
    "results_number_input_tokens_quantiles_p25": 4408.25,
    "results_number_input_tokens_quantiles_p50": 4763.0,
    "results_number_input_tokens_quantiles_p75": 5516.0,
    "results_number_input_tokens_quantiles_p90": 6518.0,
    "results_number_input_tokens_quantiles_p95": 6518.0,
    "results_number_input_tokens_quantiles_p99": 6518.0,
    "results_number_input_tokens_mean": 5113.7,
    "results_number_input_tokens_min": "4273",
    "results_number_input_tokens_max": "6518",
    "results_number_input_tokens_stddev": 866.8945918237887,
    "results_number_output_tokens_quantiles_p25": 283.75,
    "results_number_output_tokens_quantiles_p50": 306.5,
    "results_number_output_tokens_quantiles_p75": 348.0,
    "results_number_output_tokens_quantiles_p90": 395.2,
    "results_number_output_tokens_quantiles_p95": 405.09999999999997,
    "results_number_output_tokens_quantiles_p99": 413.02,
    "results_number_output_tokens_mean": 316.1,
    "results_number_output_tokens_min": "235",
    "results_number_output_tokens_max": "415",
    "results_number_output_tokens_stddev": 57.939527862150285,
    "results_num_requests_started": 10,
    "results_error_rate": 0.0,
    "results_number_errors": 0,
    "results_error_code_frequency": "{}",
    "results_mean_output_throughput_token_per_s": 322.8041533458832,
    "results_num_completed_requests": 10,
    "results_num_completed_requests_per_min": 61.27253780687439,
    "timestamp": 1769518307
}