{
    "version": "2023-08-31",
    "name": "gpt-4-1-nano_150_5500_summary",
    "model": "gpt-4.1-nano",
    "mean_input_tokens": 150,
    "stddev_input_tokens": 25,
    "mean_output_tokens": 5500,
    "stddev_output_tokens": 2250,
    "num_concurrent_requests": 30,
    "results_inter_token_latency_s_quantiles_p25": 0.01548546953419547,
    "results_inter_token_latency_s_quantiles_p50": 0.016724061316897097,
    "results_inter_token_latency_s_quantiles_p75": 0.017447298248346975,
    "results_inter_token_latency_s_quantiles_p90": 0.018002035943874332,
    "results_inter_token_latency_s_quantiles_p95": 0.01823370391913964,
    "results_inter_token_latency_s_quantiles_p99": 0.018419038299351886,
    "results_inter_token_latency_s_mean": 0.016055623354861843,
    "results_inter_token_latency_s_min": 0.010998776714846567,
    "results_inter_token_latency_s_max": 0.018465371894404947,
    "results_inter_token_latency_s_stddev": 0.0022876649605899553,
    "results_ttft_s_quantiles_p25": 0.40713562174278195,
    "results_ttft_s_quantiles_p50": 0.4664538895012811,
    "results_ttft_s_quantiles_p75": 0.514686752751004,
    "results_ttft_s_quantiles_p90": 0.5285055887972703,
    "results_ttft_s_quantiles_p95": 0.545888457899855,
    "results_ttft_s_quantiles_p99": 0.5597947531819227,
    "results_ttft_s_mean": 0.4616896365987486,
    "results_ttft_s_min": 0.3573557810013881,
    "results_ttft_s_max": 0.5632713270024396,
    "results_ttft_s_stddev": 0.06937193041997547,
    "results_end_to_end_latency_s_quantiles_p25": 0.924308994995954,
    "results_end_to_end_latency_s_quantiles_p50": 1.068418089998886,
    "results_end_to_end_latency_s_quantiles_p75": 1.152151359245181,
    "results_end_to_end_latency_s_quantiles_p90": 1.2001570079955854,
    "results_end_to_end_latency_s_quantiles_p95": 1.2160629149911983,
    "results_end_to_end_latency_s_quantiles_p99": 1.2287876405876887,
    "results_end_to_end_latency_s_mean": 1.0434336006976082,
    "results_end_to_end_latency_s_min": 0.7934225799981505,
    "results_end_to_end_latency_s_max": 1.2319688219868112,
    "results_end_to_end_latency_s_stddev": 0.1489294826580438,
    "results_request_output_throughput_token_per_s_quantiles_p25": 65.70541984106649,
    "results_request_output_throughput_token_per_s_quantiles_p50": 68.87803383790938,
    "results_request_output_throughput_token_per_s_quantiles_p75": 78.25770020716436,
    "results_request_output_throughput_token_per_s_quantiles_p90": 90.51349653694572,
    "results_request_output_throughput_token_per_s_quantiles_p95": 101.26465915758354,
    "results_request_output_throughput_token_per_s_quantiles_p99": 109.86558925409383,
    "results_request_output_throughput_token_per_s_mean": 75.07442362756723,
    "results_request_output_throughput_token_per_s_min": 61.06300108257389,
    "results_request_output_throughput_token_per_s_max": 112.0158217782214,
    "results_request_output_throughput_token_per_s_stddev": 15.39015681061756,
    "results_number_input_tokens_quantiles_p25": 119.0,
    "results_number_input_tokens_quantiles_p50": 121.0,
    "results_number_input_tokens_quantiles_p75": 143.25,
    "results_number_input_tokens_quantiles_p90": 148.29999999999998,
    "results_number_input_tokens_quantiles_p95": 158.64999999999998,
    "results_number_input_tokens_quantiles_p99": 166.93,
    "results_number_input_tokens_mean": 129.6,
    "results_number_input_tokens_min": "109",
    "results_number_input_tokens_max": "169",
    "results_number_input_tokens_stddev": 19.294213294837046,
    "results_number_output_tokens_quantiles_p25": 60.75,
    "results_number_output_tokens_quantiles_p50": 72.0,
    "results_number_output_tokens_quantiles_p75": 92.0,
    "results_number_output_tokens_quantiles_p90": 100.19999999999999,
    "results_number_output_tokens_quantiles_p95": 119.09999999999995,
    "results_number_output_tokens_quantiles_p99": 134.22,
    "results_number_output_tokens_mean": 79.5,
    "results_number_output_tokens_min": "53",
    "results_number_output_tokens_max": "138",
    "results_number_output_tokens_stddev": 25.513612924171372,
    "results_num_requests_started": 10,
    "results_error_rate": 0.0,
    "results_number_errors": 0,
    "results_error_code_frequency": "{}",
    "results_mean_output_throughput_token_per_s": 65.63875645285914,
    "results_num_completed_requests": 10,
    "results_num_completed_requests_per_min": 49.53868411536539,
    "timestamp": 1769518454
}