{
    "version": "2023-08-31",
    "name": "gpt-4-1-nano_5500_350_summary",
    "model": "gpt-4.1-nano",
    "mean_input_tokens": 5500,
    "stddev_input_tokens": 2250,
    "mean_output_tokens": 350,
    "stddev_output_tokens": 75,
    "num_concurrent_requests": 20,
    "results_inter_token_latency_s_quantiles_p25": 0.007474863733094401,
    "results_inter_token_latency_s_quantiles_p50": 0.0082026263800123,
    "results_inter_token_latency_s_quantiles_p75": 0.009942194625480792,
    "results_inter_token_latency_s_quantiles_p90": 0.010449858907877018,
    "results_inter_token_latency_s_quantiles_p95": 0.01054248516178487,
    "results_inter_token_latency_s_quantiles_p99": 0.01061658616491115,
    "results_inter_token_latency_s_mean": 0.008623477495754726,
    "results_inter_token_latency_s_min": 0.0073569352852430785,
    "results_inter_token_latency_s_max": 0.01063511141569272,
    "results_inter_token_latency_s_stddev": 0.0013500759541820438,
    "results_ttft_s_quantiles_p25": 0.4347591569967335,
    "results_ttft_s_quantiles_p50": 0.46097500899486477,
    "results_ttft_s_quantiles_p75": 0.5046893840008124,
    "results_ttft_s_quantiles_p90": 0.5255866874009371,
    "results_ttft_s_quantiles_p95": 0.54423654320708,
    "results_ttft_s_quantiles_p99": 0.5591564278519945,
    "results_ttft_s_mean": 0.46958322979917283,
    "results_ttft_s_min": 0.39848658299888484,
    "results_ttft_s_max": 0.5628863990132231,
    "results_ttft_s_stddev": 0.050329492528986094,
    "results_end_to_end_latency_s_quantiles_p25": 2.87869703875549,
    "results_end_to_end_latency_s_quantiles_p50": 3.011167859498528,
    "results_end_to_end_latency_s_quantiles_p75": 3.087378680254915,
    "results_end_to_end_latency_s_quantiles_p90": 3.1522217623976756,
    "results_end_to_end_latency_s_quantiles_p95": 3.156102618193836,
    "results_end_to_end_latency_s_quantiles_p99": 3.159207302830764,
    "results_end_to_end_latency_s_mean": 2.9774804402986774,
    "results_end_to_end_latency_s_min": 2.7351051489968086,
    "results_end_to_end_latency_s_max": 3.159983473989996,
    "results_end_to_end_latency_s_stddev": 0.14819169005481797,
    "results_request_output_throughput_token_per_s_quantiles_p25": 121.60353541049635,
    "results_request_output_throughput_token_per_s_quantiles_p50": 144.06572130512893,
    "results_request_output_throughput_token_per_s_quantiles_p75": 160.25059563791072,
    "results_request_output_throughput_token_per_s_quantiles_p90": 161.94354311337122,
    "results_request_output_throughput_token_per_s_quantiles_p95": 162.13866931980303,
    "results_request_output_throughput_token_per_s_quantiles_p99": 162.29477028494847,
    "results_request_output_throughput_token_per_s_mean": 140.9084021375312,
    "results_request_output_throughput_token_per_s_min": 112.04709173355131,
    "results_request_output_throughput_token_per_s_max": 162.33379552623484,
    "results_request_output_throughput_token_per_s_stddev": 20.60349523654874,
    "results_number_input_tokens_quantiles_p25": 3663.25,
    "results_number_input_tokens_quantiles_p50": 5512.5,
    "results_number_input_tokens_quantiles_p75": 7076.0,
    "results_number_input_tokens_quantiles_p90": 7205.0,
    "results_number_input_tokens_quantiles_p95": 7205.0,
    "results_number_input_tokens_quantiles_p99": 7205.0,
    "results_number_input_tokens_mean": 5277.2,
    "results_number_input_tokens_min": "2054",
    "results_number_input_tokens_max": "7205",
    "results_number_input_tokens_stddev": 2001.2793019577362,
    "results_number_output_tokens_quantiles_p25": 375.0,
    "results_number_output_tokens_quantiles_p50": 434.0,
    "results_number_output_tokens_quantiles_p75": 442.75,
    "results_number_output_tokens_quantiles_p90": 464.6,
    "results_number_output_tokens_quantiles_p95": 467.3,
    "results_number_output_tokens_quantiles_p99": 469.46,
    "results_number_output_tokens_mean": 417.3,
    "results_number_output_tokens_min": "348",
    "results_number_output_tokens_max": "470",
    "results_number_output_tokens_stddev": 46.346640774829744,
    "results_num_requests_started": 10,
    "results_error_rate": 0.0,
    "results_number_errors": 0,
    "results_error_code_frequency": "{}",
    "results_mean_output_throughput_token_per_s": 440.50353967817745,
    "results_num_completed_requests": 10,
    "results_num_completed_requests_per_min": 63.336238630938524,
    "timestamp": 1769511158
}