{
    "version": "2023-08-31",
    "name": "gpt-4-1-nano_5500_350_summary",
    "model": "gpt-4.1-nano",
    "mean_input_tokens": 5500,
    "stddev_input_tokens": 2250,
    "mean_output_tokens": 350,
    "stddev_output_tokens": 75,
    "num_concurrent_requests": 20,
    "results_inter_token_latency_s_quantiles_p25": 0.011183411033399794,
    "results_inter_token_latency_s_quantiles_p50": 0.012784978766244333,
    "results_inter_token_latency_s_quantiles_p75": 0.013301904812970177,
    "results_inter_token_latency_s_quantiles_p90": 0.013669737485327684,
    "results_inter_token_latency_s_quantiles_p95": 0.013871517397854038,
    "results_inter_token_latency_s_quantiles_p99": 0.014032941327875123,
    "results_inter_token_latency_s_mean": 0.012405994110861423,
    "results_inter_token_latency_s_min": 0.010768631624098012,
    "results_inter_token_latency_s_max": 0.014073297310380393,
    "results_inter_token_latency_s_stddev": 0.0012281444709420232,
    "results_ttft_s_quantiles_p25": 0.7569498244993156,
    "results_ttft_s_quantiles_p50": 0.8436112865165342,
    "results_ttft_s_quantiles_p75": 0.8852122115204111,
    "results_ttft_s_quantiles_p90": 0.9138148147903848,
    "results_ttft_s_quantiles_p95": 0.9277131359121995,
    "results_ttft_s_quantiles_p99": 0.9388317928096512,
    "results_ttft_s_mean": 0.8079234606120735,
    "results_ttft_s_min": 0.5919915710110217,
    "results_ttft_s_max": 0.9416114570340142,
    "results_ttft_s_stddev": 0.1157626030119456,
    "results_end_to_end_latency_s_quantiles_p25": 2.7144735805195523,
    "results_end_to_end_latency_s_quantiles_p50": 3.0038492624880746,
    "results_end_to_end_latency_s_quantiles_p75": 3.7100733647384914,
    "results_end_to_end_latency_s_quantiles_p90": 3.85743659195723,
    "results_end_to_end_latency_s_quantiles_p95": 4.002419391978765,
    "results_end_to_end_latency_s_quantiles_p99": 4.1184056319959925,
    "results_end_to_end_latency_s_mean": 3.1710264894994906,
    "results_end_to_end_latency_s_min": 2.239962808031123,
    "results_end_to_end_latency_s_max": 4.1474021920003,
    "results_end_to_end_latency_s_stddev": 0.6244249163770259,
    "results_request_output_throughput_token_per_s_quantiles_p25": 90.63047382114574,
    "results_request_output_throughput_token_per_s_quantiles_p50": 95.56019285768191,
    "results_request_output_throughput_token_per_s_quantiles_p75": 109.452436342662,
    "results_request_output_throughput_token_per_s_quantiles_p90": 112.60372660789542,
    "results_request_output_throughput_token_per_s_quantiles_p95": 112.61776950071115,
    "results_request_output_throughput_token_per_s_quantiles_p99": 112.62900381496371,
    "results_request_output_throughput_token_per_s_mean": 98.7895514249951,
    "results_request_output_throughput_token_per_s_min": 86.16214488384415,
    "results_request_output_throughput_token_per_s_max": 112.63181239352686,
    "results_request_output_throughput_token_per_s_stddev": 10.587930162451505,
    "results_number_input_tokens_quantiles_p25": 3189.5,
    "results_number_input_tokens_quantiles_p50": 3686.0,
    "results_number_input_tokens_quantiles_p75": 4875.0,
    "results_number_input_tokens_quantiles_p90": 6070.0,
    "results_number_input_tokens_quantiles_p95": 6070.0,
    "results_number_input_tokens_quantiles_p99": 6070.0,
    "results_number_input_tokens_mean": 4196.8,
    "results_number_input_tokens_min": "3024",
    "results_number_input_tokens_max": "6070",
    "results_number_input_tokens_stddev": 1191.778484264402,
    "results_number_output_tokens_quantiles_p25": 283.5,
    "results_number_output_tokens_quantiles_p50": 299.0,
    "results_number_output_tokens_quantiles_p75": 342.0,
    "results_number_output_tokens_quantiles_p90": 361.69999999999993,
    "results_number_output_tokens_quantiles_p95": 414.34999999999985,
    "results_number_output_tokens_quantiles_p99": 456.47,
    "results_number_output_tokens_mean": 313.2,
    "results_number_output_tokens_min": "193",
    "results_number_output_tokens_max": "467",
    "results_number_output_tokens_stddev": 70.36065819918275,
    "results_num_requests_started": 10,
    "results_error_rate": 0.0,
    "results_number_errors": 0,
    "results_error_code_frequency": "{}",
    "results_mean_output_throughput_token_per_s": 142.4032520552778,
    "results_num_completed_requests": 10,
    "results_num_completed_requests_per_min": 27.280316485685397,
    "timestamp": 1769092334
}