{
    "version": "2023-08-31",
    "name": "gpt-4-1-nano_5500_350_summary",
    "model": "gpt-4.1-nano",
    "mean_input_tokens": 5500,
    "stddev_input_tokens": 2250,
    "mean_output_tokens": 350,
    "stddev_output_tokens": 75,
    "num_concurrent_requests": 50,
    "results_inter_token_latency_s_quantiles_p25": 0.008353958226547525,
    "results_inter_token_latency_s_quantiles_p50": 0.008513133415880662,
    "results_inter_token_latency_s_quantiles_p75": 0.010133112118786085,
    "results_inter_token_latency_s_quantiles_p90": 0.010527536904150791,
    "results_inter_token_latency_s_quantiles_p95": 0.010627881818304166,
    "results_inter_token_latency_s_quantiles_p99": 0.010708157749626865,
    "results_inter_token_latency_s_mean": 0.009121629333202042,
    "results_inter_token_latency_s_min": 0.008000805192680743,
    "results_inter_token_latency_s_max": 0.01072822673245754,
    "results_inter_token_latency_s_stddev": 0.0010531015862191618,
    "results_ttft_s_quantiles_p25": 0.498147543748928,
    "results_ttft_s_quantiles_p50": 0.5829673780026496,
    "results_ttft_s_quantiles_p75": 0.6587269292504061,
    "results_ttft_s_quantiles_p90": 0.8835173407991532,
    "results_ttft_s_quantiles_p95": 0.9385603093971439,
    "results_ttft_s_quantiles_p99": 0.9825946842755365,
    "results_ttft_s_mean": 0.6322928913999931,
    "results_ttft_s_min": 0.4610928559995955,
    "results_ttft_s_max": 0.9936032779951347,
    "results_ttft_s_stddev": 0.17548612855493903,
    "results_end_to_end_latency_s_quantiles_p25": 2.142464410251705,
    "results_end_to_end_latency_s_quantiles_p50": 2.5022861089964863,
    "results_end_to_end_latency_s_quantiles_p75": 2.5750210895057535,
    "results_end_to_end_latency_s_quantiles_p90": 2.708927274697635,
    "results_end_to_end_latency_s_quantiles_p95": 2.75934305485207,
    "results_end_to_end_latency_s_quantiles_p99": 2.799675678975618,
    "results_end_to_end_latency_s_mean": 2.3665500688017347,
    "results_end_to_end_latency_s_min": 1.808958285007975,
    "results_end_to_end_latency_s_max": 2.8097588350065053,
    "results_end_to_end_latency_s_stddev": 0.35064655845462916,
    "results_request_output_throughput_token_per_s_quantiles_p25": 115.49043882417769,
    "results_request_output_throughput_token_per_s_quantiles_p50": 140.22818074537835,
    "results_request_output_throughput_token_per_s_quantiles_p75": 142.3599411880803,
    "results_request_output_throughput_token_per_s_quantiles_p90": 144.11104933618043,
    "results_request_output_throughput_token_per_s_quantiles_p95": 147.23054260147265,
    "results_request_output_throughput_token_per_s_quantiles_p99": 149.72613721370644,
    "results_request_output_throughput_token_per_s_mean": 131.53398382284553,
    "results_request_output_throughput_token_per_s_min": 110.681650405887,
    "results_request_output_throughput_token_per_s_max": 150.35003586676487,
    "results_request_output_throughput_token_per_s_stddev": 15.36086683046454,
    "results_number_input_tokens_quantiles_p25": 4275.5,
    "results_number_input_tokens_quantiles_p50": 4898.5,
    "results_number_input_tokens_quantiles_p75": 6515.75,
    "results_number_input_tokens_quantiles_p90": 7241.0,
    "results_number_input_tokens_quantiles_p95": 7241.0,
    "results_number_input_tokens_quantiles_p99": 7241.0,
    "results_number_input_tokens_mean": 5347.6,
    "results_number_input_tokens_min": "4124",
    "results_number_input_tokens_max": "7241",
    "results_number_input_tokens_stddev": 1294.7059039711596,
    "results_number_output_tokens_quantiles_p25": 277.75,
    "results_number_output_tokens_quantiles_p50": 318.5,
    "results_number_output_tokens_quantiles_p75": 367.0,
    "results_number_output_tokens_quantiles_p90": 382.0,
    "results_number_output_tokens_quantiles_p95": 391.0,
    "results_number_output_tokens_quantiles_p99": 398.2,
    "results_number_output_tokens_mean": 313.4,
    "results_number_output_tokens_min": "207",
    "results_number_output_tokens_max": "400",
    "results_number_output_tokens_stddev": 68.6572809119486,
    "results_num_requests_started": 10,
    "results_error_rate": 0.0,
    "results_number_errors": 0,
    "results_error_code_frequency": "{}",
    "results_mean_output_throughput_token_per_s": 291.65871786128406,
    "results_num_completed_requests": 10,
    "results_num_completed_requests_per_min": 55.83766136463638,
    "timestamp": 1769510640
}