{
    "version": "2023-08-31",
    "name": "gpt-4-1-nano_150_5500_summary",
    "model": "gpt-4.1-nano",
    "mean_input_tokens": 150,
    "stddev_input_tokens": 25,
    "mean_output_tokens": 5500,
    "stddev_output_tokens": 2250,
    "num_concurrent_requests": 50,
    "results_inter_token_latency_s_quantiles_p25": 0.013140842163225851,
    "results_inter_token_latency_s_quantiles_p50": 0.01411798307390806,
    "results_inter_token_latency_s_quantiles_p75": 0.01710257168334128,
    "results_inter_token_latency_s_quantiles_p90": 0.018312902802744654,
    "results_inter_token_latency_s_quantiles_p95": 0.01854511515094619,
    "results_inter_token_latency_s_quantiles_p99": 0.018730885029507423,
    "results_inter_token_latency_s_mean": 0.015093678430431717,
    "results_inter_token_latency_s_min": 0.012624474876090596,
    "results_inter_token_latency_s_max": 0.01877732749914773,
    "results_inter_token_latency_s_stddev": 0.0023661729920606595,
    "results_ttft_s_quantiles_p25": 0.5613856664967898,
    "results_ttft_s_quantiles_p50": 0.6743291340098949,
    "results_ttft_s_quantiles_p75": 0.7654385552450549,
    "results_ttft_s_quantiles_p90": 0.8303381720965262,
    "results_ttft_s_quantiles_p95": 0.8944366225434349,
    "results_ttft_s_quantiles_p99": 0.9457153829009621,
    "results_ttft_s_mean": 0.6789120050001657,
    "results_ttft_s_min": 0.4571305330027826,
    "results_ttft_s_max": 0.9585350729903439,
    "results_ttft_s_stddev": 0.15337196890746863,
    "results_end_to_end_latency_s_quantiles_p25": 1.087866323745402,
    "results_end_to_end_latency_s_quantiles_p50": 1.226469197004917,
    "results_end_to_end_latency_s_quantiles_p75": 1.402472432997456,
    "results_end_to_end_latency_s_quantiles_p90": 1.5983113143898662,
    "results_end_to_end_latency_s_quantiles_p95": 1.714533122191642,
    "results_end_to_end_latency_s_quantiles_p99": 1.807510568433063,
    "results_end_to_end_latency_s_mean": 1.2748612482988393,
    "results_end_to_end_latency_s_min": 0.9241747180058155,
    "results_end_to_end_latency_s_max": 1.830754929993418,
    "results_end_to_end_latency_s_stddev": 0.27382136859686673,
    "results_request_output_throughput_token_per_s_quantiles_p25": 68.61087761206913,
    "results_request_output_throughput_token_per_s_quantiles_p50": 79.45800123800791,
    "results_request_output_throughput_token_per_s_quantiles_p75": 90.88167079188055,
    "results_request_output_throughput_token_per_s_quantiles_p90": 93.99878034107674,
    "results_request_output_throughput_token_per_s_quantiles_p95": 96.6748825720801,
    "results_request_output_throughput_token_per_s_quantiles_p99": 98.81576435688281,
    "results_request_output_throughput_token_per_s_mean": 78.81213907152497,
    "results_request_output_throughput_token_per_s_min": 57.234277691200845,
    "results_request_output_throughput_token_per_s_max": 99.35098480308348,
    "results_request_output_throughput_token_per_s_stddev": 14.283719588360267,
    "results_number_input_tokens_quantiles_p25": 124.5,
    "results_number_input_tokens_quantiles_p50": 142.0,
    "results_number_input_tokens_quantiles_p75": 153.0,
    "results_number_input_tokens_quantiles_p90": 175.0,
    "results_number_input_tokens_quantiles_p95": 175.0,
    "results_number_input_tokens_quantiles_p99": 175.0,
    "results_number_input_tokens_mean": 143.0,
    "results_number_input_tokens_min": "122",
    "results_number_input_tokens_max": "175",
    "results_number_input_tokens_stddev": 20.270394394014364,
    "results_number_output_tokens_quantiles_p25": 85.0,
    "results_number_output_tokens_quantiles_p50": 91.5,
    "results_number_output_tokens_quantiles_p75": 117.0,
    "results_number_output_tokens_quantiles_p90": 130.49999999999997,
    "results_number_output_tokens_quantiles_p95": 150.74999999999994,
    "results_number_output_tokens_quantiles_p99": 166.95000000000002,
    "results_number_output_tokens_mean": 101.0,
    "results_number_output_tokens_min": "62",
    "results_number_output_tokens_max": "171",
    "results_number_output_tokens_stddev": 31.622776601683793,
    "results_num_requests_started": 10,
    "results_error_rate": 0.0,
    "results_number_errors": 0,
    "results_error_code_frequency": "{}",
    "results_mean_output_throughput_token_per_s": 75.62559093244434,
    "results_num_completed_requests": 10,
    "results_num_completed_requests_per_min": 44.92609362323426,
    "timestamp": 1769510773
}