{
    "version": "2023-08-31",
    "name": "gpt-4-1-nano_550_150_summary",
    "model": "gpt-4.1-nano",
    "mean_input_tokens": 550,
    "stddev_input_tokens": 150,
    "mean_output_tokens": 150,
    "stddev_output_tokens": 10,
    "num_concurrent_requests": 40,
    "results_inter_token_latency_s_quantiles_p25": 0.01718121504740389,
    "results_inter_token_latency_s_quantiles_p50": 0.01830471595916943,
    "results_inter_token_latency_s_quantiles_p75": 0.020250475037645533,
    "results_inter_token_latency_s_quantiles_p90": 0.024008948458668584,
    "results_inter_token_latency_s_quantiles_p95": 0.02427253566891168,
    "results_inter_token_latency_s_quantiles_p99": 0.02448340543710616,
    "results_inter_token_latency_s_mean": 0.019129825135984935,
    "results_inter_token_latency_s_min": 0.015459351152470657,
    "results_inter_token_latency_s_max": 0.02453612287915478,
    "results_inter_token_latency_s_stddev": 0.003032915696789643,
    "results_ttft_s_quantiles_p25": 1.56023420351994,
    "results_ttft_s_quantiles_p50": 1.7742334590002429,
    "results_ttft_s_quantiles_p75": 2.004639164013497,
    "results_ttft_s_quantiles_p90": 2.317922345202532,
    "results_ttft_s_quantiles_p95": 2.762812317108909,
    "results_ttft_s_quantiles_p99": 3.118724294634012,
    "results_ttft_s_mean": 1.8765013544034446,
    "results_ttft_s_min": 1.144639414997073,
    "results_ttft_s_max": 3.2077022890152875,
    "results_ttft_s_stddev": 0.5602937675603076,
    "results_end_to_end_latency_s_quantiles_p25": 2.4578909847477917,
    "results_end_to_end_latency_s_quantiles_p50": 2.7013222855021013,
    "results_end_to_end_latency_s_quantiles_p75": 3.0145109689983656,
    "results_end_to_end_latency_s_quantiles_p90": 3.1896116397110745,
    "results_end_to_end_latency_s_quantiles_p95": 3.3124546813633056,
    "results_end_to_end_latency_s_quantiles_p99": 3.410729114685091,
    "results_end_to_end_latency_s_mean": 2.7660475767042954,
    "results_end_to_end_latency_s_min": 2.242102276009973,
    "results_end_to_end_latency_s_max": 3.4352977230155375,
    "results_end_to_end_latency_s_stddev": 0.38372981517986404,
    "results_request_output_throughput_token_per_s_quantiles_p25": 57.64365496051154,
    "results_request_output_throughput_token_per_s_quantiles_p50": 64.94521808155864,
    "results_request_output_throughput_token_per_s_quantiles_p75": 68.35527681447377,
    "results_request_output_throughput_token_per_s_quantiles_p90": 69.93885055469313,
    "results_request_output_throughput_token_per_s_quantiles_p95": 73.10327889982943,
    "results_request_output_throughput_token_per_s_quantiles_p99": 75.63482157593847,
    "results_request_output_throughput_token_per_s_mean": 62.700671453890436,
    "results_request_output_throughput_token_per_s_min": 48.698528874769345,
    "results_request_output_throughput_token_per_s_max": 76.26770724496573,
    "results_request_output_throughput_token_per_s_stddev": 8.846453259124191,
    "results_number_input_tokens_quantiles_p25": 514.5,
    "results_number_input_tokens_quantiles_p50": 549.0,
    "results_number_input_tokens_quantiles_p75": 577.75,
    "results_number_input_tokens_quantiles_p90": 637.5999999999999,
    "results_number_input_tokens_quantiles_p95": 802.2999999999996,
    "results_number_input_tokens_quantiles_p99": 934.0600000000001,
    "results_number_input_tokens_mean": 581.0,
    "results_number_input_tokens_min": "472",
    "results_number_input_tokens_max": "967",
    "results_number_input_tokens_stddev": 141.8230509394639,
    "results_number_output_tokens_quantiles_p25": 165.0,
    "results_number_output_tokens_quantiles_p50": 170.0,
    "results_number_output_tokens_quantiles_p75": 178.5,
    "results_number_output_tokens_quantiles_p90": 183.2,
    "results_number_output_tokens_quantiles_p95": 184.1,
    "results_number_output_tokens_quantiles_p99": 184.82,
    "results_number_output_tokens_mean": 170.6,
    "results_number_output_tokens_min": "154",
    "results_number_output_tokens_max": "185",
    "results_number_output_tokens_stddev": 10.04655828298096,
    "results_num_requests_started": 10,
    "results_error_rate": 0.0,
    "results_number_errors": 0,
    "results_error_code_frequency": "{}",
    "results_mean_output_throughput_token_per_s": 100.68400910328786,
    "results_num_completed_requests": 10,
    "results_num_completed_requests_per_min": 35.41055419810827,
    "timestamp": 1768967853
}