{
    "version": "2023-08-31",
    "name": "gpt-4-1-nano_150_5500_summary",
    "model": "gpt-4.1-nano",
    "mean_input_tokens": 150,
    "stddev_input_tokens": 25,
    "mean_output_tokens": 5500,
    "stddev_output_tokens": 2250,
    "num_concurrent_requests": 1,
    "results_inter_token_latency_s_quantiles_p25": 0.00787194699467441,
    "results_inter_token_latency_s_quantiles_p50": 0.012439328223610557,
    "results_inter_token_latency_s_quantiles_p75": 0.015601684832864008,
    "results_inter_token_latency_s_quantiles_p90": 0.01687136657973133,
    "results_inter_token_latency_s_quantiles_p95": 0.017131569885435776,
    "results_inter_token_latency_s_quantiles_p99": 0.017339732529999336,
    "results_inter_token_latency_s_mean": 0.011836252930349235,
    "results_inter_token_latency_s_min": 0.006092141752193254,
    "results_inter_token_latency_s_max": 0.017391773191140224,
    "results_inter_token_latency_s_stddev": 0.0042171567430519,
    "results_ttft_s_quantiles_p25": 0.6742911122273654,
    "results_ttft_s_quantiles_p50": 0.6963312829902861,
    "results_ttft_s_quantiles_p75": 0.7341118670447031,
    "results_ttft_s_quantiles_p90": 0.7412679707806091,
    "results_ttft_s_quantiles_p95": 0.7412771679024445,
    "results_ttft_s_quantiles_p99": 0.7412845255999128,
    "results_ttft_s_mean": 0.6986893042048905,
    "results_ttft_s_min": 0.6429985660361126,
    "results_ttft_s_max": 0.7412863650242798,
    "results_ttft_s_stddev": 0.03762880290008998,
    "results_end_to_end_latency_s_quantiles_p25": 1.190245484787738,
    "results_end_to_end_latency_s_quantiles_p50": 1.3166866784740705,
    "results_end_to_end_latency_s_quantiles_p75": 2.947646807762794,
    "results_end_to_end_latency_s_quantiles_p90": 6.911136182025066,
    "results_end_to_end_latency_s_quantiles_p95": 17.97586386051259,
    "results_end_to_end_latency_s_quantiles_p99": 26.827646003302657,
    "results_end_to_end_latency_s_mean": 4.652854570304044,
    "results_end_to_end_latency_s_min": 1.058655242959503,
    "results_end_to_end_latency_s_max": 29.04059153900016,
    "results_end_to_end_latency_s_stddev": 8.643589598599197,
    "results_request_output_throughput_token_per_s_quantiles_p25": 74.14779180038789,
    "results_request_output_throughput_token_per_s_quantiles_p50": 93.5700913145052,
    "results_request_output_throughput_token_per_s_quantiles_p75": 156.59186045214136,
    "results_request_output_throughput_token_per_s_quantiles_p90": 165.75931991306757,
    "results_request_output_throughput_token_per_s_quantiles_p95": 191.88226053196902,
    "results_request_output_throughput_token_per_s_quantiles_p99": 212.78061302709028,
    "results_request_output_throughput_token_per_s_mean": 117.3001938685638,
    "results_request_output_throughput_token_per_s_min": 70.43335260607364,
    "results_request_output_throughput_token_per_s_max": 218.00520115087056,
    "results_request_output_throughput_token_per_s_stddev": 51.40148614967061,
    "results_number_input_tokens_quantiles_p25": 127.75,
    "results_number_input_tokens_quantiles_p50": 145.0,
    "results_number_input_tokens_quantiles_p75": 153.25,
    "results_number_input_tokens_quantiles_p90": 168.4,
    "results_number_input_tokens_quantiles_p95": 170.2,
    "results_number_input_tokens_quantiles_p99": 171.64,
    "results_number_input_tokens_mean": 142.4,
    "results_number_input_tokens_min": "115",
    "results_number_input_tokens_max": "172",
    "results_number_input_tokens_stddev": 20.122955382680082,
    "results_number_output_tokens_quantiles_p25": 93.75,
    "results_number_output_tokens_quantiles_p50": 120.0,
    "results_number_output_tokens_quantiles_p75": 459.75,
    "results_number_output_tokens_quantiles_p90": 1263.099999999998,
    "results_number_output_tokens_quantiles_p95": 3797.049999999994,
    "results_number_output_tokens_quantiles_p99": 5824.210000000001,
    "results_number_output_tokens_mean": 853.2,
    "results_number_output_tokens_min": "75",
    "results_number_output_tokens_max": "6331",
    "results_number_output_tokens_stddev": 1937.110608899531,
    "results_num_requests_started": 10,
    "results_error_rate": 0.0,
    "results_number_errors": 0,
    "results_error_code_frequency": "{}",
    "results_mean_output_throughput_token_per_s": 179.2207720961749,
    "results_num_completed_requests": 10,
    "results_num_completed_requests_per_min": 12.603429823922285,
    "timestamp": 1769053290
}