{
    "version": "2023-08-31",
    "name": "gpt-4-1-nano_5500_350_summary",
    "model": "gpt-4.1-nano",
    "mean_input_tokens": 5500,
    "stddev_input_tokens": 2250,
    "mean_output_tokens": 350,
    "stddev_output_tokens": 75,
    "num_concurrent_requests": 20,
    "results_inter_token_latency_s_quantiles_p25": 0.009073457252727546,
    "results_inter_token_latency_s_quantiles_p50": 0.009471278485122404,
    "results_inter_token_latency_s_quantiles_p75": 0.010365171252877654,
    "results_inter_token_latency_s_quantiles_p90": 0.011198532760096278,
    "results_inter_token_latency_s_quantiles_p95": 0.011541441760218521,
    "results_inter_token_latency_s_quantiles_p99": 0.011815768960316317,
    "results_inter_token_latency_s_mean": 0.009811216313003742,
    "results_inter_token_latency_s_min": 0.008629784231990784,
    "results_inter_token_latency_s_max": 0.011884350760340766,
    "results_inter_token_latency_s_stddev": 0.0010755336155242319,
    "results_ttft_s_quantiles_p25": 0.9203534365078667,
    "results_ttft_s_quantiles_p50": 0.9712824464950245,
    "results_ttft_s_quantiles_p75": 1.1158812224894064,
    "results_ttft_s_quantiles_p90": 1.2313578611880074,
    "results_ttft_s_quantiles_p95": 1.3105442720960125,
    "results_ttft_s_quantiles_p99": 1.3738934008224168,
    "results_ttft_s_mean": 1.0339080531906801,
    "results_ttft_s_min": 0.8638854669989087,
    "results_ttft_s_max": 1.389730683004018,
    "results_ttft_s_stddev": 0.16709389992322618,
    "results_end_to_end_latency_s_quantiles_p25": 3.3174200810026377,
    "results_end_to_end_latency_s_quantiles_p50": 3.649654527020175,
    "results_end_to_end_latency_s_quantiles_p75": 3.776746044473839,
    "results_end_to_end_latency_s_quantiles_p90": 4.031763272196986,
    "results_end_to_end_latency_s_quantiles_p95": 4.088221672608051,
    "results_end_to_end_latency_s_quantiles_p99": 4.133388392936904,
    "results_end_to_end_latency_s_mean": 3.5993431593000422,
    "results_end_to_end_latency_s_min": 3.069504680985119,
    "results_end_to_end_latency_s_max": 4.144680073019117,
    "results_end_to_end_latency_s_stddev": 0.350304128486833,
    "results_request_output_throughput_token_per_s_quantiles_p25": 117.15873734462069,
    "results_request_output_throughput_token_per_s_quantiles_p50": 127.97874495012641,
    "results_request_output_throughput_token_per_s_quantiles_p75": 132.38796644866682,
    "results_request_output_throughput_token_per_s_quantiles_p90": 137.0427956552672,
    "results_request_output_throughput_token_per_s_quantiles_p95": 138.01810881027257,
    "results_request_output_throughput_token_per_s_quantiles_p99": 138.79835933427688,
    "results_request_output_throughput_token_per_s_mean": 124.27564384951161,
    "results_request_output_throughput_token_per_s_min": 102.54108701094906,
    "results_request_output_throughput_token_per_s_max": 138.99342196527795,
    "results_request_output_throughput_token_per_s_stddev": 12.333463231534134,
    "results_number_input_tokens_quantiles_p25": 6666.5,
    "results_number_input_tokens_quantiles_p50": 7105.0,
    "results_number_input_tokens_quantiles_p75": 7928.0,
    "results_number_input_tokens_quantiles_p90": 8157.0,
    "results_number_input_tokens_quantiles_p95": 8157.0,
    "results_number_input_tokens_quantiles_p99": 8157.0,
    "results_number_input_tokens_mean": 6643.5,
    "results_number_input_tokens_min": "2502",
    "results_number_input_tokens_max": "8157",
    "results_number_input_tokens_stddev": 1874.5048086835568,
    "results_number_output_tokens_quantiles_p25": 406.0,
    "results_number_output_tokens_quantiles_p50": 425.0,
    "results_number_output_tokens_quantiles_p75": 487.75,
    "results_number_output_tokens_quantiles_p90": 519.5,
    "results_number_output_tokens_quantiles_p95": 526.25,
    "results_number_output_tokens_quantiles_p99": 531.65,
    "results_number_output_tokens_mean": 446.1,
    "results_number_output_tokens_min": "382",
    "results_number_output_tokens_max": "533",
    "results_number_output_tokens_stddev": 53.15689565386184,
    "results_num_requests_started": 10,
    "results_error_rate": 0.0,
    "results_number_errors": 0,
    "results_error_code_frequency": "{}",
    "results_mean_output_throughput_token_per_s": 279.32739520419693,
    "results_num_completed_requests": 10,
    "results_num_completed_requests_per_min": 37.56925288556785,
    "timestamp": 1769065302
}