{
    "version": "2023-08-31",
    "name": "gpt-4-1-nano_150_350_summary",
    "model": "gpt-4.1-nano",
    "mean_input_tokens": 150,
    "stddev_input_tokens": 25,
    "mean_output_tokens": 350,
    "stddev_output_tokens": 75,
    "num_concurrent_requests": 20,
    "results_inter_token_latency_s_quantiles_p25": 0.013389418747250843,
    "results_inter_token_latency_s_quantiles_p50": 0.01463883919020062,
    "results_inter_token_latency_s_quantiles_p75": 0.01585654113253004,
    "results_inter_token_latency_s_quantiles_p90": 0.01917799885684809,
    "results_inter_token_latency_s_quantiles_p95": 0.019843066177769476,
    "results_inter_token_latency_s_quantiles_p99": 0.020375120034506585,
    "results_inter_token_latency_s_mean": 0.015002570248242305,
    "results_inter_token_latency_s_min": 0.010359381122770338,
    "results_inter_token_latency_s_max": 0.02050813349869086,
    "results_inter_token_latency_s_stddev": 0.0030031077308552948,
    "results_ttft_s_quantiles_p25": 0.3873735357519763,
    "results_ttft_s_quantiles_p50": 0.4536352950017317,
    "results_ttft_s_quantiles_p75": 0.4716940242542478,
    "results_ttft_s_quantiles_p90": 0.5228647052994346,
    "results_ttft_s_quantiles_p95": 0.5981928346511266,
    "results_ttft_s_quantiles_p99": 0.6584553381324805,
    "results_ttft_s_mean": 0.4506013974038069,
    "results_ttft_s_min": 0.34476136301236693,
    "results_ttft_s_max": 0.6735209640028188,
    "results_ttft_s_stddev": 0.09450917056941001,
    "results_end_to_end_latency_s_quantiles_p25": 0.9053795277504832,
    "results_end_to_end_latency_s_quantiles_p50": 1.1721988030112698,
    "results_end_to_end_latency_s_quantiles_p75": 1.1953622882501804,
    "results_end_to_end_latency_s_quantiles_p90": 1.2830882729074802,
    "results_end_to_end_latency_s_quantiles_p95": 1.325650343455345,
    "results_end_to_end_latency_s_quantiles_p99": 1.3596999998936372,
    "results_end_to_end_latency_s_mean": 1.0712748239049688,
    "results_end_to_end_latency_s_min": 0.6564028170105303,
    "results_end_to_end_latency_s_max": 1.3682124140032101,
    "results_end_to_end_latency_s_stddev": 0.228558416828086,
    "results_request_output_throughput_token_per_s_quantiles_p25": 71.60448206283135,
    "results_request_output_throughput_token_per_s_quantiles_p50": 75.17058822048003,
    "results_request_output_throughput_token_per_s_quantiles_p75": 84.00265136832004,
    "results_request_output_throughput_token_per_s_quantiles_p90": 96.07950490807714,
    "results_request_output_throughput_token_per_s_quantiles_p95": 108.88944810330608,
    "results_request_output_throughput_token_per_s_quantiles_p99": 119.13740265948928,
    "results_request_output_throughput_token_per_s_mean": 79.31060645345082,
    "results_request_output_throughput_token_per_s_min": 55.483639744109574,
    "results_request_output_throughput_token_per_s_max": 121.69939129853508,
    "results_request_output_throughput_token_per_s_stddev": 18.428648734247055,
    "results_number_input_tokens_quantiles_p25": 119.75,
    "results_number_input_tokens_quantiles_p50": 134.0,
    "results_number_input_tokens_quantiles_p75": 140.5,
    "results_number_input_tokens_quantiles_p90": 154.2,
    "results_number_input_tokens_quantiles_p95": 159.6,
    "results_number_input_tokens_quantiles_p99": 163.92000000000002,
    "results_number_input_tokens_mean": 131.5,
    "results_number_input_tokens_min": "93",
    "results_number_input_tokens_max": "165",
    "results_number_input_tokens_stddev": 20.397439926509296,
    "results_number_output_tokens_quantiles_p25": 69.75,
    "results_number_output_tokens_quantiles_p50": 84.0,
    "results_number_output_tokens_quantiles_p75": 89.5,
    "results_number_output_tokens_quantiles_p90": 116.29999999999998,
    "results_number_output_tokens_quantiles_p95": 135.64999999999995,
    "results_number_output_tokens_quantiles_p99": 151.13,
    "results_number_output_tokens_mean": 85.8,
    "results_number_output_tokens_min": "49",
    "results_number_output_tokens_max": "155",
    "results_number_output_tokens_stddev": 30.975976354444605,
    "results_num_requests_started": 10,
    "results_error_rate": 0.0,
    "results_number_errors": 0,
    "results_error_code_frequency": "{}",
    "results_mean_output_throughput_token_per_s": 133.66044101889,
    "results_num_completed_requests": 10,
    "results_num_completed_requests_per_min": 93.46883987334965,
    "timestamp": 1769510829
}