{
    "version": "2023-08-31",
    "name": "gpt-4-1-nano_5500_350_summary",
    "model": "gpt-4.1-nano",
    "mean_input_tokens": 5500,
    "stddev_input_tokens": 2250,
    "mean_output_tokens": 350,
    "stddev_output_tokens": 75,
    "num_concurrent_requests": 50,
    "results_inter_token_latency_s_quantiles_p25": 0.007995052794683448,
    "results_inter_token_latency_s_quantiles_p50": 0.008363304518186197,
    "results_inter_token_latency_s_quantiles_p75": 0.00878251532115969,
    "results_inter_token_latency_s_quantiles_p90": 0.010995701140028078,
    "results_inter_token_latency_s_quantiles_p95": 0.011172753848310363,
    "results_inter_token_latency_s_quantiles_p99": 0.011314396014936192,
    "results_inter_token_latency_s_mean": 0.008773323035400068,
    "results_inter_token_latency_s_min": 0.007507602290543047,
    "results_inter_token_latency_s_max": 0.01134980655659265,
    "results_inter_token_latency_s_stddev": 0.001322515918880703,
    "results_ttft_s_quantiles_p25": 0.8375215304999983,
    "results_ttft_s_quantiles_p50": 0.9512028405006276,
    "results_ttft_s_quantiles_p75": 1.0076956739994785,
    "results_ttft_s_quantiles_p90": 1.0633470099005535,
    "results_ttft_s_quantiles_p95": 1.1054896714501865,
    "results_ttft_s_quantiles_p99": 1.1392038006898928,
    "results_ttft_s_mean": 0.9336448381000991,
    "results_ttft_s_min": 0.7268854620006096,
    "results_ttft_s_max": 1.1476323329998195,
    "results_ttft_s_stddev": 0.12879943082336096,
    "results_end_to_end_latency_s_quantiles_p25": 2.2961179265000737,
    "results_end_to_end_latency_s_quantiles_p50": 2.5825539805000517,
    "results_end_to_end_latency_s_quantiles_p75": 2.9061605030001374,
    "results_end_to_end_latency_s_quantiles_p90": 3.0988586345999463,
    "results_end_to_end_latency_s_quantiles_p95": 3.246754102799832,
    "results_end_to_end_latency_s_quantiles_p99": 3.365070477359741,
    "results_end_to_end_latency_s_mean": 2.6245784861000176,
    "results_end_to_end_latency_s_min": 2.0859063759999117,
    "results_end_to_end_latency_s_max": 3.394649570999718,
    "results_end_to_end_latency_s_stddev": 0.42460897568010336,
    "results_request_output_throughput_token_per_s_quantiles_p25": 136.86615282004982,
    "results_request_output_throughput_token_per_s_quantiles_p50": 141.88275122318944,
    "results_request_output_throughput_token_per_s_quantiles_p75": 149.30064305852375,
    "results_request_output_throughput_token_per_s_quantiles_p90": 153.09325264594725,
    "results_request_output_throughput_token_per_s_quantiles_p95": 153.15020994507438,
    "results_request_output_throughput_token_per_s_quantiles_p99": 153.19577578437608,
    "results_request_output_throughput_token_per_s_mean": 136.67130303485519,
    "results_request_output_throughput_token_per_s_min": 101.17179366129332,
    "results_request_output_throughput_token_per_s_max": 153.20716724420151,
    "results_request_output_throughput_token_per_s_stddev": 18.7048651732423,
    "results_number_input_tokens_quantiles_p25": 3475.0,
    "results_number_input_tokens_quantiles_p50": 4998.0,
    "results_number_input_tokens_quantiles_p75": 7658.0,
    "results_number_input_tokens_quantiles_p90": 8404.199999999999,
    "results_number_input_tokens_quantiles_p95": 9206.099999999999,
    "results_number_input_tokens_quantiles_p99": 9847.62,
    "results_number_input_tokens_mean": 5387.1,
    "results_number_input_tokens_min": "1153",
    "results_number_input_tokens_max": "10008",
    "results_number_input_tokens_stddev": 2884.114285376207,
    "results_number_output_tokens_quantiles_p25": 297.0,
    "results_number_output_tokens_quantiles_p50": 384.0,
    "results_number_output_tokens_quantiles_p75": 419.0,
    "results_number_output_tokens_quantiles_p90": 445.2,
    "results_number_output_tokens_quantiles_p95": 459.59999999999997,
    "results_number_output_tokens_quantiles_p99": 471.12,
    "results_number_output_tokens_mean": 360.3,
    "results_number_output_tokens_min": "233",
    "results_number_output_tokens_max": "474",
    "results_number_output_tokens_stddev": 82.32732771618964,
    "results_num_requests_started": 10,
    "results_error_rate": 0.0,
    "results_number_errors": 0,
    "results_error_code_frequency": "{}",
    "results_mean_output_throughput_token_per_s": 125.21770331913986,
    "results_num_completed_requests": 10,
    "results_num_completed_requests_per_min": 20.852240352895894,
    "timestamp": 1769149600
}