{
    "version": "2023-08-31",
    "name": "gpt-4-1-nano_550_150_summary",
    "model": "gpt-4.1-nano",
    "mean_input_tokens": 550,
    "stddev_input_tokens": 150,
    "mean_output_tokens": 150,
    "stddev_output_tokens": 10,
    "num_concurrent_requests": 20,
    "results_inter_token_latency_s_quantiles_p25": 0.011621369420567549,
    "results_inter_token_latency_s_quantiles_p50": 0.012885467814297006,
    "results_inter_token_latency_s_quantiles_p75": 0.014245720365757487,
    "results_inter_token_latency_s_quantiles_p90": 0.014527001415345549,
    "results_inter_token_latency_s_quantiles_p95": 0.015421802090315122,
    "results_inter_token_latency_s_quantiles_p99": 0.016137642630290782,
    "results_inter_token_latency_s_mean": 0.013118160368674168,
    "results_inter_token_latency_s_min": 0.011478634526221347,
    "results_inter_token_latency_s_max": 0.016316602765284696,
    "results_inter_token_latency_s_stddev": 0.0016231548358851535,
    "results_ttft_s_quantiles_p25": 0.859295843016298,
    "results_ttft_s_quantiles_p50": 0.9058422554953722,
    "results_ttft_s_quantiles_p75": 1.0016778430144768,
    "results_ttft_s_quantiles_p90": 1.0790047386835795,
    "results_ttft_s_quantiles_p95": 1.0852404728357214,
    "results_ttft_s_quantiles_p99": 1.090229060157435,
    "results_ttft_s_mean": 0.9315728541987482,
    "results_ttft_s_min": 0.7982531669840682,
    "results_ttft_s_max": 1.0914762069878634,
    "results_ttft_s_stddev": 0.10368817694500584,
    "results_end_to_end_latency_s_quantiles_p25": 1.6514914970030077,
    "results_end_to_end_latency_s_quantiles_p50": 1.811690599002759,
    "results_end_to_end_latency_s_quantiles_p75": 2.021985123261402,
    "results_end_to_end_latency_s_quantiles_p90": 2.115040807801415,
    "results_end_to_end_latency_s_quantiles_p95": 2.208962133906607,
    "results_end_to_end_latency_s_quantiles_p99": 2.2840991947907607,
    "results_end_to_end_latency_s_mean": 1.8346024636033689,
    "results_end_to_end_latency_s_min": 1.415917864011135,
    "results_end_to_end_latency_s_max": 2.302883460011799,
    "results_end_to_end_latency_s_stddev": 0.27028532271950806,
    "results_request_output_throughput_token_per_s_quantiles_p25": 81.22760569465565,
    "results_request_output_throughput_token_per_s_quantiles_p50": 92.8829832314855,
    "results_request_output_throughput_token_per_s_quantiles_p75": 98.34838459157831,
    "results_request_output_throughput_token_per_s_quantiles_p90": 100.01322644517114,
    "results_request_output_throughput_token_per_s_quantiles_p95": 103.00124873561835,
    "results_request_output_throughput_token_per_s_quantiles_p99": 105.39166656797613,
    "results_request_output_throughput_token_per_s_mean": 90.10234625429436,
    "results_request_output_throughput_token_per_s_min": 74.86309954428712,
    "results_request_output_throughput_token_per_s_max": 105.98927102606557,
    "results_request_output_throughput_token_per_s_stddev": 10.809157579477915,
    "results_number_input_tokens_quantiles_p25": 514.5,
    "results_number_input_tokens_quantiles_p50": 549.0,
    "results_number_input_tokens_quantiles_p75": 577.75,
    "results_number_input_tokens_quantiles_p90": 637.5999999999999,
    "results_number_input_tokens_quantiles_p95": 802.2999999999996,
    "results_number_input_tokens_quantiles_p99": 934.0600000000001,
    "results_number_input_tokens_mean": 581.0,
    "results_number_input_tokens_min": "472",
    "results_number_input_tokens_max": "967",
    "results_number_input_tokens_stddev": 141.8230509394639,
    "results_number_output_tokens_quantiles_p25": 154.25,
    "results_number_output_tokens_quantiles_p50": 171.0,
    "results_number_output_tokens_quantiles_p75": 176.75,
    "results_number_output_tokens_quantiles_p90": 194.0,
    "results_number_output_tokens_quantiles_p95": 194.0,
    "results_number_output_tokens_quantiles_p99": 194.0,
    "results_number_output_tokens_mean": 164.8,
    "results_number_output_tokens_min": "106",
    "results_number_output_tokens_max": "194",
    "results_number_output_tokens_stddev": 26.40622822155578,
    "results_num_requests_started": 10,
    "results_error_rate": 0.0,
    "results_number_errors": 0,
    "results_error_code_frequency": "{}",
    "results_mean_output_throughput_token_per_s": 176.47434897331695,
    "results_num_completed_requests": 10,
    "results_num_completed_requests_per_min": 64.25036977183869,
    "timestamp": 1768967793
}