{
    "version": "2023-08-31",
    "name": "gpt-4-1-nano_150_350_summary",
    "model": "gpt-4.1-nano",
    "mean_input_tokens": 150,
    "stddev_input_tokens": 25,
    "mean_output_tokens": 350,
    "stddev_output_tokens": 75,
    "num_concurrent_requests": 20,
    "results_inter_token_latency_s_quantiles_p25": 0.012295179996971455,
    "results_inter_token_latency_s_quantiles_p50": 0.013171077412576396,
    "results_inter_token_latency_s_quantiles_p75": 0.016733798260095984,
    "results_inter_token_latency_s_quantiles_p90": 0.019077265527681447,
    "results_inter_token_latency_s_quantiles_p95": 0.02028358812295482,
    "results_inter_token_latency_s_quantiles_p99": 0.021248646199173528,
    "results_inter_token_latency_s_mean": 0.014506967342534566,
    "results_inter_token_latency_s_min": 0.010436710347478409,
    "results_inter_token_latency_s_max": 0.021489910718228204,
    "results_inter_token_latency_s_stddev": 0.003589307441815966,
    "results_ttft_s_quantiles_p25": 0.3586433847412991,
    "results_ttft_s_quantiles_p50": 0.36879512049927143,
    "results_ttft_s_quantiles_p75": 0.471221754742146,
    "results_ttft_s_quantiles_p90": 0.4753178227925673,
    "results_ttft_s_quantiles_p95": 0.47959117939608403,
    "results_ttft_s_quantiles_p99": 0.48300986467889745,
    "results_ttft_s_mean": 0.4052095469960477,
    "results_ttft_s_min": 0.3471908140054438,
    "results_ttft_s_max": 0.4838645359996008,
    "results_ttft_s_stddev": 0.05963715585438772,
    "results_end_to_end_latency_s_quantiles_p25": 0.7900381047511473,
    "results_end_to_end_latency_s_quantiles_p50": 0.9514526209968608,
    "results_end_to_end_latency_s_quantiles_p75": 1.0241690329930861,
    "results_end_to_end_latency_s_quantiles_p90": 1.0756136711876025,
    "results_end_to_end_latency_s_quantiles_p95": 1.0802058050911,
    "results_end_to_end_latency_s_quantiles_p99": 1.0838795122138982,
    "results_end_to_end_latency_s_mean": 0.9153597343960428,
    "results_end_to_end_latency_s_min": 0.7200988050026353,
    "results_end_to_end_latency_s_max": 1.0847979389945976,
    "results_end_to_end_latency_s_stddev": 0.13551418413663524,
    "results_request_output_throughput_token_per_s_quantiles_p25": 69.60087571161638,
    "results_request_output_throughput_token_per_s_quantiles_p50": 90.99674686287128,
    "results_request_output_throughput_token_per_s_quantiles_p75": 94.30783971230457,
    "results_request_output_throughput_token_per_s_quantiles_p90": 101.73561945171537,
    "results_request_output_throughput_token_per_s_quantiles_p95": 101.91409259897576,
    "results_request_output_throughput_token_per_s_quantiles_p99": 102.05687111678407,
    "results_request_output_throughput_token_per_s_mean": 83.10377221964512,
    "results_request_output_throughput_token_per_s_min": 50.25157441105786,
    "results_request_output_throughput_token_per_s_max": 102.09256574623615,
    "results_request_output_throughput_token_per_s_stddev": 18.746393870720997,
    "results_number_input_tokens_quantiles_p25": 122.0,
    "results_number_input_tokens_quantiles_p50": 129.0,
    "results_number_input_tokens_quantiles_p75": 152.0,
    "results_number_input_tokens_quantiles_p90": 166.5,
    "results_number_input_tokens_quantiles_p95": 168.75,
    "results_number_input_tokens_quantiles_p99": 170.55,
    "results_number_input_tokens_mean": 137.1,
    "results_number_input_tokens_min": "114",
    "results_number_input_tokens_max": "171",
    "results_number_input_tokens_stddev": 21.299191429619004,
    "results_number_output_tokens_quantiles_p25": 62.75,
    "results_number_output_tokens_quantiles_p50": 70.0,
    "results_number_output_tokens_quantiles_p75": 92.5,
    "results_number_output_tokens_quantiles_p90": 99.7,
    "results_number_output_tokens_quantiles_p95": 102.85,
    "results_number_output_tokens_quantiles_p99": 105.37,
    "results_number_output_tokens_mean": 75.4,
    "results_number_output_tokens_min": "54",
    "results_number_output_tokens_max": "106",
    "results_number_output_tokens_stddev": 19.143899521489576,
    "results_num_requests_started": 10,
    "results_error_rate": 0.0,
    "results_number_errors": 0,
    "results_error_code_frequency": "{}",
    "results_mean_output_throughput_token_per_s": 145.51064430968236,
    "results_num_completed_requests": 10,
    "results_num_completed_requests_per_min": 115.79096364165707,
    "timestamp": 1769511413
}