{
    "version": "2023-08-31",
    "name": "gpt-4-1-nano_150_5500_summary",
    "model": "gpt-4.1-nano",
    "mean_input_tokens": 150,
    "stddev_input_tokens": 25,
    "mean_output_tokens": 5500,
    "stddev_output_tokens": 2250,
    "num_concurrent_requests": 40,
    "results_inter_token_latency_s_quantiles_p25": 0.019303741659872663,
    "results_inter_token_latency_s_quantiles_p50": 0.025164460244583513,
    "results_inter_token_latency_s_quantiles_p75": 0.02949855327978184,
    "results_inter_token_latency_s_quantiles_p90": 0.030589968128728037,
    "results_inter_token_latency_s_quantiles_p95": 0.030695612893248757,
    "results_inter_token_latency_s_quantiles_p99": 0.030780128704865337,
    "results_inter_token_latency_s_mean": 0.0235699053997553,
    "results_inter_token_latency_s_min": 0.011401834089782866,
    "results_inter_token_latency_s_max": 0.03080125765776948,
    "results_inter_token_latency_s_stddev": 0.00696557129431239,
    "results_ttft_s_quantiles_p25": 2.2795068730192725,
    "results_ttft_s_quantiles_p50": 2.532802203000756,
    "results_ttft_s_quantiles_p75": 2.916642289463198,
    "results_ttft_s_quantiles_p90": 3.298172246769536,
    "results_ttft_s_quantiles_p95": 3.8817763143684703,
    "results_ttft_s_quantiles_p99": 4.34865956844762,
    "results_ttft_s_mean": 2.6890744178905153,
    "results_ttft_s_min": 1.6103993639699183,
    "results_ttft_s_max": 4.465380381967407,
    "results_ttft_s_stddev": 0.7668987404861932,
    "results_end_to_end_latency_s_quantiles_p25": 3.0977143637574045,
    "results_end_to_end_latency_s_quantiles_p50": 3.417032499506604,
    "results_end_to_end_latency_s_quantiles_p75": 3.7430745549936546,
    "results_end_to_end_latency_s_quantiles_p90": 4.7448681023146495,
    "results_end_to_end_latency_s_quantiles_p95": 4.805646075637196,
    "results_end_to_end_latency_s_quantiles_p99": 4.854268454295234,
    "results_end_to_end_latency_s_mean": 3.588033487898065,
    "results_end_to_end_latency_s_min": 2.7960266519803554,
    "results_end_to_end_latency_s_max": 4.866424048959743,
    "results_end_to_end_latency_s_stddev": 0.7004778467901811,
    "results_request_output_throughput_token_per_s_quantiles_p25": 40.3477091338908,
    "results_request_output_throughput_token_per_s_quantiles_p50": 48.58051673121503,
    "results_request_output_throughput_token_per_s_quantiles_p75": 59.31113790964886,
    "results_request_output_throughput_token_per_s_quantiles_p90": 87.99227444257815,
    "results_request_output_throughput_token_per_s_quantiles_p95": 94.00636123492148,
    "results_request_output_throughput_token_per_s_quantiles_p99": 98.81763066879617,
    "results_request_output_throughput_token_per_s_mean": 55.24169895868812,
    "results_request_output_throughput_token_per_s_min": 34.08581345047236,
    "results_request_output_throughput_token_per_s_max": 100.02044802726483,
    "results_request_output_throughput_token_per_s_stddev": 21.866933057553744,
    "results_number_input_tokens_quantiles_p25": 147.75,
    "results_number_input_tokens_quantiles_p50": 160.0,
    "results_number_input_tokens_quantiles_p75": 178.0,
    "results_number_input_tokens_quantiles_p90": 188.0,
    "results_number_input_tokens_quantiles_p95": 188.0,
    "results_number_input_tokens_quantiles_p99": 188.0,
    "results_number_input_tokens_mean": 164.1,
    "results_number_input_tokens_min": "142",
    "results_number_input_tokens_max": "188",
    "results_number_input_tokens_stddev": 17.90995998506604,
    "results_number_output_tokens_quantiles_p25": 138.25,
    "results_number_output_tokens_quantiles_p50": 167.5,
    "results_number_output_tokens_quantiles_p75": 218.25,
    "results_number_output_tokens_quantiles_p90": 333.49999999999994,
    "results_number_output_tokens_quantiles_p95": 371.7499999999999,
    "results_number_output_tokens_quantiles_p99": 402.35,
    "results_number_output_tokens_mean": 201.0,
    "results_number_output_tokens_min": "111",
    "results_number_output_tokens_max": "410",
    "results_number_output_tokens_stddev": 97.47022337331768,
    "results_num_requests_started": 10,
    "results_error_rate": 0.0,
    "results_number_errors": 0,
    "results_error_code_frequency": "{}",
    "results_mean_output_throughput_token_per_s": 35.73874444925487,
    "results_num_completed_requests": 10,
    "results_num_completed_requests_per_min": 10.668281925150707,
    "timestamp": 1769053588
}