{
    "version": "2023-08-31",
    "name": "gpt-4-1-nano_150_5500_summary",
    "model": "gpt-4.1-nano",
    "mean_input_tokens": 150,
    "stddev_input_tokens": 25,
    "mean_output_tokens": 5500,
    "stddev_output_tokens": 2250,
    "num_concurrent_requests": 30,
    "results_inter_token_latency_s_quantiles_p25": 0.011518056258039394,
    "results_inter_token_latency_s_quantiles_p50": 0.012075833952518293,
    "results_inter_token_latency_s_quantiles_p75": 0.01342677505194884,
    "results_inter_token_latency_s_quantiles_p90": 0.014046519475075727,
    "results_inter_token_latency_s_quantiles_p95": 0.015394924595858778,
    "results_inter_token_latency_s_quantiles_p99": 0.016473648692485222,
    "results_inter_token_latency_s_mean": 0.012626132673484922,
    "results_inter_token_latency_s_min": 0.010392577644152981,
    "results_inter_token_latency_s_max": 0.016743329716641834,
    "results_inter_token_latency_s_stddev": 0.0017890448943973958,
    "results_ttft_s_quantiles_p25": 0.4171657815022627,
    "results_ttft_s_quantiles_p50": 0.43040241349081043,
    "results_ttft_s_quantiles_p75": 0.46633068351002294,
    "results_ttft_s_quantiles_p90": 0.5836162492967559,
    "results_ttft_s_quantiles_p95": 0.6084485646446409,
    "results_ttft_s_quantiles_p99": 0.628314416922949,
    "results_ttft_s_mean": 0.46156220529810527,
    "results_ttft_s_min": 0.3889638139953604,
    "results_ttft_s_max": 0.633280879992526,
    "results_ttft_s_stddev": 0.08094855064236729,
    "results_end_to_end_latency_s_quantiles_p25": 0.8620594952481042,
    "results_end_to_end_latency_s_quantiles_p50": 0.9692863849995774,
    "results_end_to_end_latency_s_quantiles_p75": 1.0211002845062467,
    "results_end_to_end_latency_s_quantiles_p90": 1.191695649913163,
    "results_end_to_end_latency_s_quantiles_p95": 1.21795852695941,
    "results_end_to_end_latency_s_quantiles_p99": 1.2389688285964076,
    "results_end_to_end_latency_s_mean": 0.9756587148003746,
    "results_end_to_end_latency_s_min": 0.7782244459958747,
    "results_end_to_end_latency_s_max": 1.244221404005657,
    "results_end_to_end_latency_s_stddev": 0.15202123515564964,
    "results_request_output_throughput_token_per_s_quantiles_p25": 87.47769383298967,
    "results_request_output_throughput_token_per_s_quantiles_p50": 101.10576977224497,
    "results_request_output_throughput_token_per_s_quantiles_p75": 104.24044368247168,
    "results_request_output_throughput_token_per_s_quantiles_p90": 109.97428970084663,
    "results_request_output_throughput_token_per_s_quantiles_p95": 114.12674585972836,
    "results_request_output_throughput_token_per_s_quantiles_p99": 117.44871078683376,
    "results_request_output_throughput_token_per_s_mean": 97.2850779412851,
    "results_request_output_throughput_token_per_s_min": 73.94182394211707,
    "results_request_output_throughput_token_per_s_max": 118.2792020186101,
    "results_request_output_throughput_token_per_s_stddev": 13.419556974649435,
    "results_number_input_tokens_quantiles_p25": 128.25,
    "results_number_input_tokens_quantiles_p50": 156.0,
    "results_number_input_tokens_quantiles_p75": 166.0,
    "results_number_input_tokens_quantiles_p90": 168.0,
    "results_number_input_tokens_quantiles_p95": 176.99999999999997,
    "results_number_input_tokens_quantiles_p99": 184.2,
    "results_number_input_tokens_mean": 150.0,
    "results_number_input_tokens_min": "116",
    "results_number_input_tokens_max": "186",
    "results_number_input_tokens_stddev": 23.328570942563587,
    "results_number_output_tokens_quantiles_p25": 85.25,
    "results_number_output_tokens_quantiles_p50": 98.0,
    "results_number_output_tokens_quantiles_p75": 108.0,
    "results_number_output_tokens_quantiles_p90": 112.0,
    "results_number_output_tokens_quantiles_p95": 112.0,
    "results_number_output_tokens_quantiles_p99": 112.0,
    "results_number_output_tokens_mean": 94.6,
    "results_number_output_tokens_min": "64",
    "results_number_output_tokens_max": "112",
    "results_number_output_tokens_stddev": 17.069791380616746,
    "results_num_requests_started": 10,
    "results_error_rate": 0.0,
    "results_number_errors": 0,
    "results_error_code_frequency": "{}",
    "results_mean_output_throughput_token_per_s": 104.93629091160774,
    "results_num_completed_requests": 10,
    "results_num_completed_requests_per_min": 66.55578704753134,
    "timestamp": 1769510726
}