{
    "version": "2023-08-31",
    "name": "gpt-4-1-nano_150_350_summary",
    "model": "gpt-4.1-nano",
    "mean_input_tokens": 150,
    "stddev_input_tokens": 25,
    "mean_output_tokens": 350,
    "stddev_output_tokens": 75,
    "num_concurrent_requests": 40,
    "results_inter_token_latency_s_quantiles_p25": 0.01375304746047573,
    "results_inter_token_latency_s_quantiles_p50": 0.016463258510712654,
    "results_inter_token_latency_s_quantiles_p75": 0.016771382241818268,
    "results_inter_token_latency_s_quantiles_p90": 0.01880111561298144,
    "results_inter_token_latency_s_quantiles_p95": 0.019152744880879535,
    "results_inter_token_latency_s_quantiles_p99": 0.01943404829519801,
    "results_inter_token_latency_s_mean": 0.015834999138408933,
    "results_inter_token_latency_s_min": 0.012360688847755747,
    "results_inter_token_latency_s_max": 0.01950437414877763,
    "results_inter_token_latency_s_stddev": 0.002341129337916746,
    "results_ttft_s_quantiles_p25": 0.4530134845081193,
    "results_ttft_s_quantiles_p50": 0.546138941499521,
    "results_ttft_s_quantiles_p75": 0.5986587877523561,
    "results_ttft_s_quantiles_p90": 0.6594304282974917,
    "results_ttft_s_quantiles_p95": 0.8428994841480739,
    "results_ttft_s_quantiles_p99": 0.9896747288285406,
    "results_ttft_s_mean": 0.5663562637026189,
    "results_ttft_s_min": 0.3851210069988156,
    "results_ttft_s_max": 1.026368539998657,
    "results_ttft_s_stddev": 0.18073810371261625,
    "results_end_to_end_latency_s_quantiles_p25": 0.922204556001816,
    "results_end_to_end_latency_s_quantiles_p50": 1.0518582250006148,
    "results_end_to_end_latency_s_quantiles_p75": 1.1737718177428178,
    "results_end_to_end_latency_s_quantiles_p90": 1.2992073862085818,
    "results_end_to_end_latency_s_quantiles_p95": 1.3044133021088782,
    "results_end_to_end_latency_s_quantiles_p99": 1.3085780348291154,
    "results_end_to_end_latency_s_mean": 1.0614064154025982,
    "results_end_to_end_latency_s_min": 0.8299595490098,
    "results_end_to_end_latency_s_max": 1.3096192180091748,
    "results_end_to_end_latency_s_stddev": 0.16993271764320428,
    "results_request_output_throughput_token_per_s_quantiles_p25": 68.6648857792781,
    "results_request_output_throughput_token_per_s_quantiles_p50": 71.44084233787677,
    "results_request_output_throughput_token_per_s_quantiles_p75": 84.39012459138361,
    "results_request_output_throughput_token_per_s_quantiles_p90": 88.02907426646419,
    "results_request_output_throughput_token_per_s_quantiles_p95": 92.54885781107748,
    "results_request_output_throughput_token_per_s_quantiles_p99": 96.16468464676814,
    "results_request_output_throughput_token_per_s_mean": 75.3112438632171,
    "results_request_output_throughput_token_per_s_min": 58.03213556649836,
    "results_request_output_throughput_token_per_s_max": 97.0686413556908,
    "results_request_output_throughput_token_per_s_stddev": 11.770472495139364,
    "results_number_input_tokens_quantiles_p25": 132.0,
    "results_number_input_tokens_quantiles_p50": 140.5,
    "results_number_input_tokens_quantiles_p75": 151.0,
    "results_number_input_tokens_quantiles_p90": 155.9,
    "results_number_input_tokens_quantiles_p95": 164.45,
    "results_number_input_tokens_quantiles_p99": 171.29,
    "results_number_input_tokens_mean": 139.8,
    "results_number_input_tokens_min": "115",
    "results_number_input_tokens_max": "173",
    "results_number_input_tokens_stddev": 17.84999221910817,
    "results_number_output_tokens_quantiles_p25": 70.5,
    "results_number_output_tokens_quantiles_p50": 75.5,
    "results_number_output_tokens_quantiles_p75": 81.0,
    "results_number_output_tokens_quantiles_p90": 101.69999999999999,
    "results_number_output_tokens_quantiles_p95": 113.84999999999997,
    "results_number_output_tokens_quantiles_p99": 123.57000000000001,
    "results_number_output_tokens_mean": 80.0,
    "results_number_output_tokens_min": "61",
    "results_number_output_tokens_max": "126",
    "results_number_output_tokens_stddev": 19.470775822013643,
    "results_num_requests_started": 10,
    "results_error_rate": 0.0,
    "results_number_errors": 0,
    "results_error_code_frequency": "{}",
    "results_mean_output_throughput_token_per_s": 71.86310924805366,
    "results_num_completed_requests": 10,
    "results_num_completed_requests_per_min": 53.897331936040246,
    "timestamp": 1769519706
}