{
    "version": "2023-08-31",
    "name": "gpt-4-1-nano_150_5500_summary",
    "model": "gpt-4.1-nano",
    "mean_input_tokens": 150,
    "stddev_input_tokens": 25,
    "mean_output_tokens": 5500,
    "stddev_output_tokens": 2250,
    "num_concurrent_requests": 1,
    "results_inter_token_latency_s_quantiles_p25": 0.010994193794894748,
    "results_inter_token_latency_s_quantiles_p50": 0.011978645227766278,
    "results_inter_token_latency_s_quantiles_p75": 0.01303020640953348,
    "results_inter_token_latency_s_quantiles_p90": 0.013932549521019254,
    "results_inter_token_latency_s_quantiles_p95": 0.014395725613522566,
    "results_inter_token_latency_s_quantiles_p99": 0.014766266487525216,
    "results_inter_token_latency_s_mean": 0.012005646529359154,
    "results_inter_token_latency_s_min": 0.009325995856973654,
    "results_inter_token_latency_s_max": 0.01485890170602588,
    "results_inter_token_latency_s_stddev": 0.0016830429800305166,
    "results_ttft_s_quantiles_p25": 0.39142904574327986,
    "results_ttft_s_quantiles_p50": 0.44835658150259405,
    "results_ttft_s_quantiles_p75": 0.47427093599617365,
    "results_ttft_s_quantiles_p90": 0.5403828543043345,
    "results_ttft_s_quantiles_p95": 0.633619224149879,
    "results_ttft_s_quantiles_p99": 0.7082083200263151,
    "results_ttft_s_mean": 0.4575402493981528,
    "results_ttft_s_min": 0.3487809340003878,
    "results_ttft_s_max": 0.726855593995424,
    "results_ttft_s_stddev": 0.10922750962286884,
    "results_end_to_end_latency_s_quantiles_p25": 1.2280460734946246,
    "results_end_to_end_latency_s_quantiles_p50": 1.3823454154990031,
    "results_end_to_end_latency_s_quantiles_p75": 4.955865342246398,
    "results_end_to_end_latency_s_quantiles_p90": 5.436013335207826,
    "results_end_to_end_latency_s_quantiles_p95": 5.762902277604734,
    "results_end_to_end_latency_s_quantiles_p99": 6.0244134315222615,
    "results_end_to_end_latency_s_mean": 2.781451581197325,
    "results_end_to_end_latency_s_min": 0.9023102759965695,
    "results_end_to_end_latency_s_max": 6.0897912200016435,
    "results_end_to_end_latency_s_stddev": 2.1264607503986936,
    "results_request_output_throughput_token_per_s_quantiles_p25": 87.66097471180558,
    "results_request_output_throughput_token_per_s_quantiles_p50": 101.96427912387566,
    "results_request_output_throughput_token_per_s_quantiles_p75": 112.16419983291715,
    "results_request_output_throughput_token_per_s_quantiles_p90": 127.99380084831672,
    "results_request_output_throughput_token_per_s_quantiles_p95": 130.91216652746658,
    "results_request_output_throughput_token_per_s_quantiles_p99": 133.24685907078648,
    "results_request_output_throughput_token_per_s_mean": 103.67593416266604,
    "results_request_output_throughput_token_per_s_min": 83.11996659593085,
    "results_request_output_throughput_token_per_s_max": 133.83053220661645,
    "results_request_output_throughput_token_per_s_stddev": 17.729553580634306,
    "results_number_input_tokens_quantiles_p25": 113.75,
    "results_number_input_tokens_quantiles_p50": 127.5,
    "results_number_input_tokens_quantiles_p75": 140.5,
    "results_number_input_tokens_quantiles_p90": 182.29999999999998,
    "results_number_input_tokens_quantiles_p95": 192.64999999999998,
    "results_number_input_tokens_quantiles_p99": 200.93,
    "results_number_input_tokens_mean": 135.2,
    "results_number_input_tokens_min": "97",
    "results_number_input_tokens_max": "203",
    "results_number_input_tokens_stddev": 33.2392004182478,
    "results_number_output_tokens_quantiles_p25": 107.5,
    "results_number_output_tokens_quantiles_p50": 153.5,
    "results_number_output_tokens_quantiles_p75": 507.0,
    "results_number_output_tokens_quantiles_p90": 696.1999999999999,
    "results_number_output_tokens_quantiles_p95": 755.5999999999999,
    "results_number_output_tokens_quantiles_p99": 803.12,
    "results_number_output_tokens_mean": 313.1,
    "results_number_output_tokens_min": "75",
    "results_number_output_tokens_max": "815",
    "results_number_output_tokens_stddev": 276.8607552142011,
    "results_num_requests_started": 10,
    "results_error_rate": 0.0,
    "results_number_errors": 0,
    "results_error_code_frequency": "{}",
    "results_mean_output_throughput_token_per_s": 106.79559009743416,
    "results_num_completed_requests": 10,
    "results_num_completed_requests_per_min": 20.46545961624417,
    "timestamp": 1769511256
}