{
    "version": "2023-08-31",
    "name": "gpt-4-1-nano_550_150_summary",
    "model": "gpt-4.1-nano",
    "mean_input_tokens": 550,
    "stddev_input_tokens": 150,
    "mean_output_tokens": 150,
    "stddev_output_tokens": 10,
    "num_concurrent_requests": 10,
    "results_inter_token_latency_s_quantiles_p25": 0.015071772179588001,
    "results_inter_token_latency_s_quantiles_p50": 0.01673182731255516,
    "results_inter_token_latency_s_quantiles_p75": 0.01738066794278168,
    "results_inter_token_latency_s_quantiles_p90": 0.017654645013306106,
    "results_inter_token_latency_s_quantiles_p95": 0.017790145062006123,
    "results_inter_token_latency_s_quantiles_p99": 0.01789854510096614,
    "results_inter_token_latency_s_mean": 0.01630372775598039,
    "results_inter_token_latency_s_min": 0.01444247616802693,
    "results_inter_token_latency_s_max": 0.017925645110706143,
    "results_inter_token_latency_s_stddev": 0.0013240010488052532,
    "results_ttft_s_quantiles_p25": 0.930048490750778,
    "results_ttft_s_quantiles_p50": 1.030747970493394,
    "results_ttft_s_quantiles_p75": 1.0942140535116778,
    "results_ttft_s_quantiles_p90": 1.1252038452890702,
    "results_ttft_s_quantiles_p95": 1.1347281371388818,
    "results_ttft_s_quantiles_p99": 1.142347570618731,
    "results_ttft_s_mean": 1.0034735987021122,
    "results_ttft_s_min": 0.7833955810056068,
    "results_ttft_s_max": 1.1442524289886933,
    "results_ttft_s_stddev": 0.12173750097504225,
    "results_end_to_end_latency_s_quantiles_p25": 2.2521830527621205,
    "results_end_to_end_latency_s_quantiles_p50": 2.3909372779889964,
    "results_end_to_end_latency_s_quantiles_p75": 2.4463850284955697,
    "results_end_to_end_latency_s_quantiles_p90": 2.4709464997111352,
    "results_end_to_end_latency_s_quantiles_p95": 2.5169525678560603,
    "results_end_to_end_latency_s_quantiles_p99": 2.553757422372,
    "results_end_to_end_latency_s_mean": 2.357269402500242,
    "results_end_to_end_latency_s_min": 2.1577807849971578,
    "results_end_to_end_latency_s_max": 2.5629586360009853,
    "results_end_to_end_latency_s_stddev": 0.13080423096710542,
    "results_request_output_throughput_token_per_s_quantiles_p25": 69.10558809406149,
    "results_request_output_throughput_token_per_s_quantiles_p50": 71.37523767567816,
    "results_request_output_throughput_token_per_s_quantiles_p75": 77.49988888783271,
    "results_request_output_throughput_token_per_s_quantiles_p90": 79.0535959030873,
    "results_request_output_throughput_token_per_s_quantiles_p95": 80.90025354737878,
    "results_request_output_throughput_token_per_s_quantiles_p99": 82.37757966281197,
    "results_request_output_throughput_token_per_s_mean": 72.771656035125,
    "results_request_output_throughput_token_per_s_min": 63.802388374956124,
    "results_request_output_throughput_token_per_s_max": 82.74691119167026,
    "results_request_output_throughput_token_per_s_stddev": 5.998426360806508,
    "results_number_input_tokens_quantiles_p25": 514.5,
    "results_number_input_tokens_quantiles_p50": 549.0,
    "results_number_input_tokens_quantiles_p75": 577.75,
    "results_number_input_tokens_quantiles_p90": 637.5999999999999,
    "results_number_input_tokens_quantiles_p95": 802.2999999999996,
    "results_number_input_tokens_quantiles_p99": 934.0600000000001,
    "results_number_input_tokens_mean": 581.0,
    "results_number_input_tokens_min": "472",
    "results_number_input_tokens_max": "967",
    "results_number_input_tokens_stddev": 141.8230509394639,
    "results_number_output_tokens_quantiles_p25": 162.25,
    "results_number_output_tokens_quantiles_p50": 171.0,
    "results_number_output_tokens_quantiles_p75": 180.5,
    "results_number_output_tokens_quantiles_p90": 184.1,
    "results_number_output_tokens_quantiles_p95": 184.55,
    "results_number_output_tokens_quantiles_p99": 184.91,
    "results_number_output_tokens_mean": 171.1,
    "results_number_output_tokens_min": "156",
    "results_number_output_tokens_max": "185",
    "results_number_output_tokens_stddev": 10.969148655306949,
    "results_num_requests_started": 10,
    "results_error_rate": 0.0,
    "results_number_errors": 0,
    "results_error_code_frequency": "{}",
    "results_mean_output_throughput_token_per_s": 242.96232158449254,
    "results_num_completed_requests": 10,
    "results_num_completed_requests_per_min": 85.20011277071626,
    "timestamp": 1768899432
}