{
    "version": "2023-08-31",
    "name": "gpt-4-1-nano_550_150_summary",
    "model": "gpt-4.1-nano",
    "mean_input_tokens": 550,
    "stddev_input_tokens": 150,
    "mean_output_tokens": 150,
    "stddev_output_tokens": 10,
    "num_concurrent_requests": 50,
    "results_inter_token_latency_s_quantiles_p25": 0.015823065669405036,
    "results_inter_token_latency_s_quantiles_p50": 0.01750240559471311,
    "results_inter_token_latency_s_quantiles_p75": 0.022230987151890008,
    "results_inter_token_latency_s_quantiles_p90": 0.023640640821421973,
    "results_inter_token_latency_s_quantiles_p95": 0.024106010933745026,
    "results_inter_token_latency_s_quantiles_p99": 0.024478307023603468,
    "results_inter_token_latency_s_mean": 0.01896429384273466,
    "results_inter_token_latency_s_min": 0.015256225832280819,
    "results_inter_token_latency_s_max": 0.02457138104606808,
    "results_inter_token_latency_s_stddev": 0.0036597737465088394,
    "results_ttft_s_quantiles_p25": 1.125360481259122,
    "results_ttft_s_quantiles_p50": 1.3883890850120224,
    "results_ttft_s_quantiles_p75": 1.8291363292519236,
    "results_ttft_s_quantiles_p90": 2.000100626380299,
    "results_ttft_s_quantiles_p95": 2.0968187096892503,
    "results_ttft_s_quantiles_p99": 2.174193176336412,
    "results_ttft_s_mean": 1.4954463910980849,
    "results_ttft_s_min": 1.0003111429978162,
    "results_ttft_s_max": 2.193536792998202,
    "results_ttft_s_stddev": 0.43082026814296737,
    "results_end_to_end_latency_s_quantiles_p25": 2.337871892756084,
    "results_end_to_end_latency_s_quantiles_p50": 2.651674034015741,
    "results_end_to_end_latency_s_quantiles_p75": 3.1977333912509494,
    "results_end_to_end_latency_s_quantiles_p90": 3.428189601979102,
    "results_end_to_end_latency_s_quantiles_p95": 3.451160594484827,
    "results_end_to_end_latency_s_quantiles_p99": 3.469537388489407,
    "results_end_to_end_latency_s_mean": 2.757225646599545,
    "results_end_to_end_latency_s_min": 2.0905664279998746,
    "results_end_to_end_latency_s_max": 3.474131586990552,
    "results_end_to_end_latency_s_stddev": 0.515580079824585,
    "results_request_output_throughput_token_per_s_quantiles_p25": 53.05398936278283,
    "results_request_output_throughput_token_per_s_quantiles_p50": 68.86978218702049,
    "results_request_output_throughput_token_per_s_quantiles_p75": 74.6058830315296,
    "results_request_output_throughput_token_per_s_quantiles_p90": 76.14301653609476,
    "results_request_output_throughput_token_per_s_quantiles_p95": 77.57941971841252,
    "results_request_output_throughput_token_per_s_quantiles_p99": 78.72854226426674,
    "results_request_output_throughput_token_per_s_mean": 64.17695215540758,
    "results_request_output_throughput_token_per_s_min": 43.769165903210386,
    "results_request_output_throughput_token_per_s_max": 79.01582290073029,
    "results_request_output_throughput_token_per_s_stddev": 12.499697426482705,
    "results_number_input_tokens_quantiles_p25": 514.5,
    "results_number_input_tokens_quantiles_p50": 549.0,
    "results_number_input_tokens_quantiles_p75": 577.75,
    "results_number_input_tokens_quantiles_p90": 637.5999999999999,
    "results_number_input_tokens_quantiles_p95": 802.2999999999996,
    "results_number_input_tokens_quantiles_p99": 934.0600000000001,
    "results_number_input_tokens_mean": 581.0,
    "results_number_input_tokens_min": "472",
    "results_number_input_tokens_max": "967",
    "results_number_input_tokens_stddev": 141.8230509394639,
    "results_number_output_tokens_quantiles_p25": 171.0,
    "results_number_output_tokens_quantiles_p50": 172.5,
    "results_number_output_tokens_quantiles_p75": 181.0,
    "results_number_output_tokens_quantiles_p90": 182.6,
    "results_number_output_tokens_quantiles_p95": 189.79999999999998,
    "results_number_output_tokens_quantiles_p99": 195.56,
    "results_number_output_tokens_mean": 171.7,
    "results_number_output_tokens_min": "142",
    "results_number_output_tokens_max": "197",
    "results_number_output_tokens_stddev": 16.1455188141409,
    "results_num_requests_started": 10,
    "results_error_rate": 0.0,
    "results_number_errors": 0,
    "results_error_code_frequency": "{}",
    "results_mean_output_throughput_token_per_s": 81.4260088732917,
    "results_num_completed_requests": 10,
    "results_num_completed_requests_per_min": 28.454050858459535,
    "timestamp": 1768899557
}