{
    "version": "2023-08-31",
    "name": "gpt-4-1-nano_5500_350_summary",
    "model": "gpt-4.1-nano",
    "mean_input_tokens": 5500,
    "stddev_input_tokens": 2250,
    "mean_output_tokens": 350,
    "stddev_output_tokens": 75,
    "num_concurrent_requests": 40,
    "results_inter_token_latency_s_quantiles_p25": 0.007907858655300429,
    "results_inter_token_latency_s_quantiles_p50": 0.009200146348785977,
    "results_inter_token_latency_s_quantiles_p75": 0.009476644540167011,
    "results_inter_token_latency_s_quantiles_p90": 0.01030094387244634,
    "results_inter_token_latency_s_quantiles_p95": 0.010319286603768942,
    "results_inter_token_latency_s_quantiles_p99": 0.01033396078882702,
    "results_inter_token_latency_s_mean": 0.008883901405222277,
    "results_inter_token_latency_s_min": 0.007107918991241604,
    "results_inter_token_latency_s_max": 0.01033762933509154,
    "results_inter_token_latency_s_stddev": 0.0011376785608801041,
    "results_ttft_s_quantiles_p25": 0.5204767597460886,
    "results_ttft_s_quantiles_p50": 0.5507346094964305,
    "results_ttft_s_quantiles_p75": 0.5888798815030896,
    "results_ttft_s_quantiles_p90": 0.6484686449999572,
    "results_ttft_s_quantiles_p95": 0.6815958270024566,
    "results_ttft_s_quantiles_p99": 0.7080975726044563,
    "results_ttft_s_mean": 0.5575376316992333,
    "results_ttft_s_min": 0.3868576540116919,
    "results_ttft_s_max": 0.7147230090049561,
    "results_ttft_s_stddev": 0.08748656500908815,
    "results_end_to_end_latency_s_quantiles_p25": 2.253754838999157,
    "results_end_to_end_latency_s_quantiles_p50": 2.4803711595013738,
    "results_end_to_end_latency_s_quantiles_p75": 2.6310811372495664,
    "results_end_to_end_latency_s_quantiles_p90": 2.7062943188982898,
    "results_end_to_end_latency_s_quantiles_p95": 2.8146058984442788,
    "results_end_to_end_latency_s_quantiles_p99": 2.9012551620810703,
    "results_end_to_end_latency_s_mean": 2.448520964398631,
    "results_end_to_end_latency_s_min": 1.959287352001411,
    "results_end_to_end_latency_s_max": 2.922917477990268,
    "results_end_to_end_latency_s_stddev": 0.2844720046214905,
    "results_request_output_throughput_token_per_s_quantiles_p25": 127.8756965177376,
    "results_request_output_throughput_token_per_s_quantiles_p50": 131.17539203453265,
    "results_request_output_throughput_token_per_s_quantiles_p75": 154.27075348233262,
    "results_request_output_throughput_token_per_s_quantiles_p90": 160.61623698875925,
    "results_request_output_throughput_token_per_s_quantiles_p95": 163.71907011867904,
    "results_request_output_throughput_token_per_s_quantiles_p99": 166.20133662261486,
    "results_request_output_throughput_token_per_s_mean": 137.68676413707007,
    "results_request_output_throughput_token_per_s_min": 113.77162618713338,
    "results_request_output_throughput_token_per_s_max": 166.82190324859883,
    "results_request_output_throughput_token_per_s_stddev": 18.30071504730117,
    "results_number_input_tokens_quantiles_p25": 5319.75,
    "results_number_input_tokens_quantiles_p50": 5439.0,
    "results_number_input_tokens_quantiles_p75": 6622.0,
    "results_number_input_tokens_quantiles_p90": 6628.0,
    "results_number_input_tokens_quantiles_p95": 6655.0,
    "results_number_input_tokens_quantiles_p99": 6676.6,
    "results_number_input_tokens_mean": 5828.9,
    "results_number_input_tokens_min": "4864",
    "results_number_input_tokens_max": "6682",
    "results_number_input_tokens_stddev": 715.2686286362007,
    "results_number_output_tokens_quantiles_p25": 281.0,
    "results_number_output_tokens_quantiles_p50": 313.5,
    "results_number_output_tokens_quantiles_p75": 415.5,
    "results_number_output_tokens_quantiles_p90": 422.4,
    "results_number_output_tokens_quantiles_p95": 424.2,
    "results_number_output_tokens_quantiles_p99": 425.64,
    "results_number_output_tokens_mean": 339.3,
    "results_number_output_tokens_min": "252",
    "results_number_output_tokens_max": "426",
    "results_number_output_tokens_stddev": 72.22657251855289,
    "results_num_requests_started": 10,
    "results_error_rate": 0.0,
    "results_number_errors": 0,
    "results_error_code_frequency": "{}",
    "results_mean_output_throughput_token_per_s": 399.983094943288,
    "results_num_completed_requests": 10,
    "results_num_completed_requests_per_min": 70.73087443736304,
    "timestamp": 1769510417
}