{
    "version": "2023-08-31",
    "name": "gpt-4-1-nano_150_350_summary",
    "model": "gpt-4.1-nano",
    "mean_input_tokens": 150,
    "stddev_input_tokens": 25,
    "mean_output_tokens": 350,
    "stddev_output_tokens": 75,
    "num_concurrent_requests": 40,
    "results_inter_token_latency_s_quantiles_p25": 0.013663974633090263,
    "results_inter_token_latency_s_quantiles_p50": 0.016804405943528347,
    "results_inter_token_latency_s_quantiles_p75": 0.019372422212931933,
    "results_inter_token_latency_s_quantiles_p90": 0.021585515221236813,
    "results_inter_token_latency_s_quantiles_p95": 0.02356276012785331,
    "results_inter_token_latency_s_quantiles_p99": 0.025144556053146517,
    "results_inter_token_latency_s_mean": 0.017106057222608835,
    "results_inter_token_latency_s_min": 0.011930504133453637,
    "results_inter_token_latency_s_max": 0.025540005034469817,
    "results_inter_token_latency_s_stddev": 0.0041886379027598454,
    "results_ttft_s_quantiles_p25": 0.4146411777546746,
    "results_ttft_s_quantiles_p50": 0.528993811494729,
    "results_ttft_s_quantiles_p75": 0.9290105932486767,
    "results_ttft_s_quantiles_p90": 1.3202263090075577,
    "results_ttft_s_quantiles_p95": 1.3213446355010092,
    "results_ttft_s_quantiles_p99": 1.3222392966957706,
    "results_ttft_s_mean": 0.6949241770009393,
    "results_ttft_s_min": 0.35354638801072724,
    "results_ttft_s_max": 1.3224629619944608,
    "results_ttft_s_stddev": 0.3840806799413021,
    "results_end_to_end_latency_s_quantiles_p25": 0.9965735250043508,
    "results_end_to_end_latency_s_quantiles_p50": 1.2631005840084981,
    "results_end_to_end_latency_s_quantiles_p75": 1.4523869444965385,
    "results_end_to_end_latency_s_quantiles_p90": 1.4688179255957947,
    "results_end_to_end_latency_s_quantiles_p95": 1.5118766597981448,
    "results_end_to_end_latency_s_quantiles_p99": 1.5463236471600248,
    "results_end_to_end_latency_s_mean": 1.2407445904013001,
    "results_end_to_end_latency_s_min": 0.9584489990083966,
    "results_end_to_end_latency_s_max": 1.5549353940004949,
    "results_end_to_end_latency_s_stddev": 0.23310044899628618,
    "results_request_output_throughput_token_per_s_quantiles_p25": 63.54753538639445,
    "results_request_output_throughput_token_per_s_quantiles_p50": 68.427375658633,
    "results_request_output_throughput_token_per_s_quantiles_p75": 81.27613382774221,
    "results_request_output_throughput_token_per_s_quantiles_p90": 91.51763075922106,
    "results_request_output_throughput_token_per_s_quantiles_p95": 95.4282549673238,
    "results_request_output_throughput_token_per_s_quantiles_p99": 98.55675433380601,
    "results_request_output_throughput_token_per_s_mean": 71.02025019597924,
    "results_request_output_throughput_token_per_s_min": 42.35500501948264,
    "results_request_output_throughput_token_per_s_max": 99.33887917542656,
    "results_request_output_throughput_token_per_s_stddev": 17.33614933200249,
    "results_number_input_tokens_quantiles_p25": 125.0,
    "results_number_input_tokens_quantiles_p50": 134.5,
    "results_number_input_tokens_quantiles_p75": 144.75,
    "results_number_input_tokens_quantiles_p90": 153.1,
    "results_number_input_tokens_quantiles_p95": 162.54999999999998,
    "results_number_input_tokens_quantiles_p99": 170.11,
    "results_number_input_tokens_mean": 137.1,
    "results_number_input_tokens_min": "120",
    "results_number_input_tokens_max": "172",
    "results_number_input_tokens_stddev": 16.973508771023155,
    "results_number_output_tokens_quantiles_p25": 68.25,
    "results_number_output_tokens_quantiles_p50": 86.5,
    "results_number_output_tokens_quantiles_p75": 91.0,
    "results_number_output_tokens_quantiles_p90": 125.2,
    "results_number_output_tokens_quantiles_p95": 126.1,
    "results_number_output_tokens_quantiles_p99": 126.82,
    "results_number_output_tokens_mean": 86.9,
    "results_number_output_tokens_min": "61",
    "results_number_output_tokens_max": "127",
    "results_number_output_tokens_stddev": 23.468418495217495,
    "results_num_requests_started": 10,
    "results_error_rate": 0.0,
    "results_number_errors": 0,
    "results_error_code_frequency": "{}",
    "results_mean_output_throughput_token_per_s": 86.93015019269568,
    "results_num_completed_requests": 10,
    "results_num_completed_requests_per_min": 60.02081716411669,
    "timestamp": 1769511448
}