{
    "version": "2023-08-31",
    "name": "gpt-4-1-nano_550_150_summary",
    "model": "gpt-4.1-nano",
    "mean_input_tokens": 550,
    "stddev_input_tokens": 150,
    "mean_output_tokens": 150,
    "stddev_output_tokens": 10,
    "num_concurrent_requests": 30,
    "results_inter_token_latency_s_quantiles_p25": 0.01602860630515612,
    "results_inter_token_latency_s_quantiles_p50": 0.018127743798017577,
    "results_inter_token_latency_s_quantiles_p75": 0.019867511261447347,
    "results_inter_token_latency_s_quantiles_p90": 0.021435722674022842,
    "results_inter_token_latency_s_quantiles_p95": 0.02252664501112803,
    "results_inter_token_latency_s_quantiles_p99": 0.023399382880812183,
    "results_inter_token_latency_s_mean": 0.01839963987216807,
    "results_inter_token_latency_s_min": 0.015678738963712628,
    "results_inter_token_latency_s_max": 0.023617567348233223,
    "results_inter_token_latency_s_stddev": 0.0026632152214578516,
    "results_ttft_s_quantiles_p25": 1.1436327944902587,
    "results_ttft_s_quantiles_p50": 1.3023681880004006,
    "results_ttft_s_quantiles_p75": 1.7088113075078581,
    "results_ttft_s_quantiles_p90": 1.9381102017097873,
    "results_ttft_s_quantiles_p95": 1.9600972228523459,
    "results_ttft_s_quantiles_p99": 1.977686839766393,
    "results_ttft_s_mean": 1.4294067221984732,
    "results_ttft_s_min": 1.0240809039969463,
    "results_ttft_s_max": 1.9820842439949047,
    "results_ttft_s_stddev": 0.35844254271559506,
    "results_end_to_end_latency_s_quantiles_p25": 2.1919272652594373,
    "results_end_to_end_latency_s_quantiles_p50": 2.2637948189949384,
    "results_end_to_end_latency_s_quantiles_p75": 2.885032728248916,
    "results_end_to_end_latency_s_quantiles_p90": 3.1371215335966554,
    "results_end_to_end_latency_s_quantiles_p95": 3.211993854798493,
    "results_end_to_end_latency_s_quantiles_p99": 3.271891711759963,
    "results_end_to_end_latency_s_mean": 2.5155250660027377,
    "results_end_to_end_latency_s_min": 2.0202809600159526,
    "results_end_to_end_latency_s_max": 3.2868661760003306,
    "results_end_to_end_latency_s_stddev": 0.4597624021353753,
    "results_request_output_throughput_token_per_s_quantiles_p25": 60.57547082653018,
    "results_request_output_throughput_token_per_s_quantiles_p50": 66.09828748729258,
    "results_request_output_throughput_token_per_s_quantiles_p75": 72.53284072513087,
    "results_request_output_throughput_token_per_s_quantiles_p90": 75.94212388526371,
    "results_request_output_throughput_token_per_s_quantiles_p95": 77.36412470343545,
    "results_request_output_throughput_token_per_s_quantiles_p99": 78.50172535797286,
    "results_request_output_throughput_token_per_s_mean": 65.90086430163399,
    "results_request_output_throughput_token_per_s_min": 49.964180715341094,
    "results_request_output_throughput_token_per_s_max": 78.7861255216072,
    "results_request_output_throughput_token_per_s_stddev": 8.849575420462584,
    "results_number_input_tokens_quantiles_p25": 514.5,
    "results_number_input_tokens_quantiles_p50": 549.0,
    "results_number_input_tokens_quantiles_p75": 581.0,
    "results_number_input_tokens_quantiles_p90": 637.5999999999999,
    "results_number_input_tokens_quantiles_p95": 802.2999999999996,
    "results_number_input_tokens_quantiles_p99": 934.0600000000001,
    "results_number_input_tokens_mean": 582.3,
    "results_number_input_tokens_min": "472",
    "results_number_input_tokens_max": "967",
    "results_number_input_tokens_stddev": 141.7502106602393,
    "results_number_output_tokens_quantiles_p25": 141.75,
    "results_number_output_tokens_quantiles_p50": 163.5,
    "results_number_output_tokens_quantiles_p75": 184.0,
    "results_number_output_tokens_quantiles_p90": 190.0,
    "results_number_output_tokens_quantiles_p95": 194.5,
    "results_number_output_tokens_quantiles_p99": 198.1,
    "results_number_output_tokens_mean": 163.6,
    "results_number_output_tokens_min": "136",
    "results_number_output_tokens_max": "199",
    "results_number_output_tokens_stddev": 23.829020588816114,
    "results_num_requests_started": 10,
    "results_error_rate": 0.0,
    "results_number_errors": 0,
    "results_error_code_frequency": "{}",
    "results_mean_output_throughput_token_per_s": 111.76006024678895,
    "results_num_completed_requests": 10,
    "results_num_completed_requests_per_min": 40.98779715652407,
    "timestamp": 1768899486
}