{
    "version": "2023-08-31",
    "name": "gpt-4-1-nano_150_5500_summary",
    "model": "gpt-4.1-nano",
    "mean_input_tokens": 150,
    "stddev_input_tokens": 25,
    "mean_output_tokens": 5500,
    "stddev_output_tokens": 2250,
    "num_concurrent_requests": 20,
    "results_inter_token_latency_s_quantiles_p25": 0.013104092438714379,
    "results_inter_token_latency_s_quantiles_p50": 0.014634044519177195,
    "results_inter_token_latency_s_quantiles_p75": 0.01685908223280421,
    "results_inter_token_latency_s_quantiles_p90": 0.018746546787309883,
    "results_inter_token_latency_s_quantiles_p95": 0.018832520358698448,
    "results_inter_token_latency_s_quantiles_p99": 0.018901299215809304,
    "results_inter_token_latency_s_mean": 0.014856596793907,
    "results_inter_token_latency_s_min": 0.010671177610120361,
    "results_inter_token_latency_s_max": 0.018918493930087016,
    "results_inter_token_latency_s_stddev": 0.0029226529155203006,
    "results_ttft_s_quantiles_p25": 0.5017835432445281,
    "results_ttft_s_quantiles_p50": 0.5528326814965112,
    "results_ttft_s_quantiles_p75": 0.5778546627552714,
    "results_ttft_s_quantiles_p90": 0.6230912077022367,
    "results_ttft_s_quantiles_p95": 0.6434978918485285,
    "results_ttft_s_quantiles_p99": 0.659823239165562,
    "results_ttft_s_mean": 0.5254990743982489,
    "results_ttft_s_min": 0.32890148198930547,
    "results_ttft_s_max": 0.6639045759948203,
    "results_ttft_s_stddev": 0.1044458917648416,
    "results_end_to_end_latency_s_quantiles_p25": 1.0921160625002813,
    "results_end_to_end_latency_s_quantiles_p50": 1.2490535754986922,
    "results_end_to_end_latency_s_quantiles_p75": 1.5052125395013718,
    "results_end_to_end_latency_s_quantiles_p90": 1.5675418061990056,
    "results_end_to_end_latency_s_quantiles_p95": 1.6648595585997097,
    "results_end_to_end_latency_s_quantiles_p99": 1.7427137605202734,
    "results_end_to_end_latency_s_mean": 1.2912640953989467,
    "results_end_to_end_latency_s_min": 0.9325702450005338,
    "results_end_to_end_latency_s_max": 1.7621773110004142,
    "results_end_to_end_latency_s_stddev": 0.27110701986734764,
    "results_request_output_throughput_token_per_s_quantiles_p25": 67.02349462109754,
    "results_request_output_throughput_token_per_s_quantiles_p50": 82.23439768934924,
    "results_request_output_throughput_token_per_s_quantiles_p75": 94.67750696706278,
    "results_request_output_throughput_token_per_s_quantiles_p90": 104.13007100240291,
    "results_request_output_throughput_token_per_s_quantiles_p95": 109.38049369573511,
    "results_request_output_throughput_token_per_s_quantiles_p99": 113.5808318504009,
    "results_request_output_throughput_token_per_s_mean": 82.9670510848371,
    "results_request_output_throughput_token_per_s_min": 59.346733872086894,
    "results_request_output_throughput_token_per_s_max": 114.63091638906734,
    "results_request_output_throughput_token_per_s_stddev": 18.527436349338625,
    "results_number_input_tokens_quantiles_p25": 127.0,
    "results_number_input_tokens_quantiles_p50": 128.0,
    "results_number_input_tokens_quantiles_p75": 160.0,
    "results_number_input_tokens_quantiles_p90": 169.0,
    "results_number_input_tokens_quantiles_p95": 169.0,
    "results_number_input_tokens_quantiles_p99": 169.0,
    "results_number_input_tokens_mean": 140.4,
    "results_number_input_tokens_min": "127",
    "results_number_input_tokens_max": "169",
    "results_number_input_tokens_stddev": 19.816940003721843,
    "results_number_output_tokens_quantiles_p25": 71.0,
    "results_number_output_tokens_quantiles_p50": 110.5,
    "results_number_output_tokens_quantiles_p75": 140.75,
    "results_number_output_tokens_quantiles_p90": 150.7,
    "results_number_output_tokens_quantiles_p95": 176.34999999999994,
    "results_number_output_tokens_quantiles_p99": 196.87,
    "results_number_output_tokens_mean": 111.0,
    "results_number_output_tokens_min": "61",
    "results_number_output_tokens_max": "202",
    "results_number_output_tokens_stddev": 46.255330023204415,
    "results_num_requests_started": 10,
    "results_error_rate": 0.0,
    "results_number_errors": 0,
    "results_error_code_frequency": "{}",
    "results_mean_output_throughput_token_per_s": 63.00374621515413,
    "results_num_completed_requests": 10,
    "results_num_completed_requests_per_min": 34.05607903521845,
    "timestamp": 1769519546
}