{
    "version": "2023-08-31",
    "name": "gpt-4-1-nano_150_350_summary",
    "model": "gpt-4.1-nano",
    "mean_input_tokens": 150,
    "stddev_input_tokens": 25,
    "mean_output_tokens": 350,
    "stddev_output_tokens": 75,
    "num_concurrent_requests": 1,
    "results_inter_token_latency_s_quantiles_p25": 0.010212850148743909,
    "results_inter_token_latency_s_quantiles_p50": 0.010916930872869102,
    "results_inter_token_latency_s_quantiles_p75": 0.014110585708859777,
    "results_inter_token_latency_s_quantiles_p90": 0.014686893988658984,
    "results_inter_token_latency_s_quantiles_p95": 0.014771759392956912,
    "results_inter_token_latency_s_quantiles_p99": 0.014839651716395254,
    "results_inter_token_latency_s_mean": 0.011725099295983447,
    "results_inter_token_latency_s_min": 0.008004972597577703,
    "results_inter_token_latency_s_max": 0.01485662479725484,
    "results_inter_token_latency_s_stddev": 0.0023998835575751464,
    "results_ttft_s_quantiles_p25": 0.3803546009949059,
    "results_ttft_s_quantiles_p50": 0.45567749949987046,
    "results_ttft_s_quantiles_p75": 0.49201853375780047,
    "results_ttft_s_quantiles_p90": 0.5124575878930046,
    "results_ttft_s_quantiles_p95": 0.5254585689428495,
    "results_ttft_s_quantiles_p99": 0.5358593537827255,
    "results_ttft_s_mean": 0.44547445800126295,
    "results_ttft_s_min": 0.37624881901137996,
    "results_ttft_s_max": 0.5384595499926945,
    "results_ttft_s_stddev": 0.06199618110954307,
    "results_end_to_end_latency_s_quantiles_p25": 0.9859773627467803,
    "results_end_to_end_latency_s_quantiles_p50": 1.3348379195012967,
    "results_end_to_end_latency_s_quantiles_p75": 1.49592551375099,
    "results_end_to_end_latency_s_quantiles_p90": 1.6089786634925982,
    "results_end_to_end_latency_s_quantiles_p95": 2.0463186312452297,
    "results_end_to_end_latency_s_quantiles_p99": 2.3961906054473365,
    "results_end_to_end_latency_s_mean": 1.3305335951998132,
    "results_end_to_end_latency_s_min": 0.7308277740085032,
    "results_end_to_end_latency_s_max": 2.483658598997863,
    "results_end_to_end_latency_s_stddev": 0.4896890378544492,
    "results_request_output_throughput_token_per_s_quantiles_p25": 85.33880254060905,
    "results_request_output_throughput_token_per_s_quantiles_p50": 106.32162163221861,
    "results_request_output_throughput_token_per_s_quantiles_p75": 114.77173447039283,
    "results_request_output_throughput_token_per_s_quantiles_p90": 121.0362532757867,
    "results_request_output_throughput_token_per_s_quantiles_p95": 133.5958032852529,
    "results_request_output_throughput_token_per_s_quantiles_p99": 143.64344329282594,
    "results_request_output_throughput_token_per_s_mean": 104.21251017768262,
    "results_request_output_throughput_token_per_s_min": 79.36206321480766,
    "results_request_output_throughput_token_per_s_max": 146.1553532947192,
    "results_request_output_throughput_token_per_s_stddev": 21.244675201982556,
    "results_number_input_tokens_quantiles_p25": 133.0,
    "results_number_input_tokens_quantiles_p50": 144.0,
    "results_number_input_tokens_quantiles_p75": 159.5,
    "results_number_input_tokens_quantiles_p90": 170.5,
    "results_number_input_tokens_quantiles_p95": 172.75,
    "results_number_input_tokens_quantiles_p99": 174.55,
    "results_number_input_tokens_mean": 143.4,
    "results_number_input_tokens_min": "108",
    "results_number_input_tokens_max": "175",
    "results_number_input_tokens_stddev": 22.6431250297107,
    "results_number_output_tokens_quantiles_p25": 88.5,
    "results_number_output_tokens_quantiles_p50": 138.5,
    "results_number_output_tokens_quantiles_p75": 166.5,
    "results_number_output_tokens_quantiles_p90": 190.19999999999993,
    "results_number_output_tokens_quantiles_p95": 276.5999999999998,
    "results_number_output_tokens_quantiles_p99": 345.72,
    "results_number_output_tokens_mean": 146.2,
    "results_number_output_tokens_min": "58",
    "results_number_output_tokens_max": "363",
    "results_number_output_tokens_stddev": 86.0307438587444,
    "results_num_requests_started": 10,
    "results_error_rate": 0.0,
    "results_number_errors": 0,
    "results_error_code_frequency": "{}",
    "results_mean_output_throughput_token_per_s": 98.68125618561832,
    "results_num_completed_requests": 10,
    "results_num_completed_requests_per_min": 40.49846355086935,
    "timestamp": 1769511385
}