Concurrent_Users,P25,P50,P75
1,1.190245484787738,1.3166866784740705,2.947646807762794
10,1.1889416299964068,1.3236683614959475,1.5555294967343798
20,2.124873763517826,2.6234263440128416,3.196236008501728
30,2.8260417537676403,3.538461047457531,4.044892530000652
40,3.0977143637574045,3.417032499506604,3.7430745549936546
50,2.9604869162430987,3.5331342094868887,4.527421891500126
