Concurrent_Users,P25,P50,P75
1,0.00787194699467441,0.012439328223610557,0.015601684832864008
10,0.011031781708256208,0.01286642815949729,0.014736430486927389
20,0.021815410562728788,0.023320363242973433,0.026900481165252097
30,0.028875800828187276,0.03860548149837594,0.051967793389000386
40,0.019303741659872663,0.025164460244583513,0.02949855327978184
50,0.021280291668213516,0.025191960383222814,0.037839429712413906
