Concurrent_Users,P25,P50,P75
1,74.14779180038789,93.5700913145052,156.59186045214136
10,82.36031872957163,90.75170365467326,105.88827676592456
20,42.45523592560985,47.90432500835344,55.53874722944269
30,24.271554383306068,28.992312048164084,41.46166816174979
40,40.3477091338908,48.58051673121503,59.31113790964886
50,33.60202681533714,47.12038158642986,56.386164598527586
