Concurrent_Users,P25,P50,P75
1,0.6742911122273654,0.6963312829902861,0.7341118670447031
10,0.6506704112398438,0.697987934545381,0.7573897472466342
20,1.608625798515277,1.8230021305207629,2.147233554496779
30,2.4690231327404035,3.031943609996233,3.866606635012431
40,2.2795068730192725,2.532802203000756,2.916642289463198
50,2.0094507412723033,2.6959306850039866,3.630388737015892
