{
    "version": "2023-08-31",
    "name": "gpt-4-1-nano_5500_350_summary",
    "model": "gpt-4.1-nano",
    "mean_input_tokens": 5500,
    "stddev_input_tokens": 2250,
    "mean_output_tokens": 350,
    "stddev_output_tokens": 75,
    "num_concurrent_requests": 40,
    "results_inter_token_latency_s_quantiles_p25": 0.010545843425358704,
    "results_inter_token_latency_s_quantiles_p50": 0.012234535405516996,
    "results_inter_token_latency_s_quantiles_p75": 0.012634481172455964,
    "results_inter_token_latency_s_quantiles_p90": 0.014281388018093802,
    "results_inter_token_latency_s_quantiles_p95": 0.01545413075516725,
    "results_inter_token_latency_s_quantiles_p99": 0.016392324944826012,
    "results_inter_token_latency_s_mean": 0.011931098670027816,
    "results_inter_token_latency_s_min": 0.008049192601238436,
    "results_inter_token_latency_s_max": 0.016626873492240703,
    "results_inter_token_latency_s_stddev": 0.0024267828468313973,
    "results_ttft_s_quantiles_p25": 1.5014154542732285,
    "results_ttft_s_quantiles_p50": 2.4915064410306513,
    "results_ttft_s_quantiles_p75": 2.9097467379906448,
    "results_ttft_s_quantiles_p90": 3.758074620179832,
    "results_ttft_s_quantiles_p95": 3.768057398597011,
    "results_ttft_s_quantiles_p99": 3.776043621330755,
    "results_ttft_s_mean": 2.39118955101585,
    "results_ttft_s_min": 1.122156804020051,
    "results_ttft_s_max": 3.7780401770141907,
    "results_ttft_s_stddev": 0.9640348951211545,
    "results_end_to_end_latency_s_quantiles_p25": 3.509981874245568,
    "results_end_to_end_latency_s_quantiles_p50": 4.689261998020811,
    "results_end_to_end_latency_s_quantiles_p75": 4.986383821757045,
    "results_end_to_end_latency_s_quantiles_p90": 5.757454627519474,
    "results_end_to_end_latency_s_quantiles_p95": 5.797337666258682,
    "results_end_to_end_latency_s_quantiles_p99": 5.829244097250048,
    "results_end_to_end_latency_s_mean": 4.428178039507475,
    "results_end_to_end_latency_s_min": 2.9724870329955593,
    "results_end_to_end_latency_s_max": 5.83722070499789,
    "results_end_to_end_latency_s_stddev": 1.005728457796176,
    "results_request_output_throughput_token_per_s_quantiles_p25": 95.16557170033201,
    "results_request_output_throughput_token_per_s_quantiles_p50": 99.16691840457422,
    "results_request_output_throughput_token_per_s_quantiles_p75": 113.93809517295932,
    "results_request_output_throughput_token_per_s_quantiles_p90": 128.97761453026718,
    "results_request_output_throughput_token_per_s_quantiles_p95": 138.64268287261154,
    "results_request_output_throughput_token_per_s_quantiles_p99": 146.37473754648707,
    "results_request_output_throughput_token_per_s_mean": 104.46621425407474,
    "results_request_output_throughput_token_per_s_min": 73.49388033806666,
    "results_request_output_throughput_token_per_s_max": 148.30775121495594,
    "results_request_output_throughput_token_per_s_stddev": 21.453856246324126,
    "results_number_input_tokens_quantiles_p25": 3413.75,
    "results_number_input_tokens_quantiles_p50": 6028.5,
    "results_number_input_tokens_quantiles_p75": 7588.5,
    "results_number_input_tokens_quantiles_p90": 8619.5,
    "results_number_input_tokens_quantiles_p95": 9364.249999999998,
    "results_number_input_tokens_quantiles_p99": 9960.050000000001,
    "results_number_input_tokens_mean": 5686.5,
    "results_number_input_tokens_min": "450",
    "results_number_input_tokens_max": "10109",
    "results_number_input_tokens_stddev": 2988.278926814638,
    "results_number_output_tokens_quantiles_p25": 422.25,
    "results_number_output_tokens_quantiles_p50": 451.0,
    "results_number_output_tokens_quantiles_p75": 486.5,
    "results_number_output_tokens_quantiles_p90": 492.7,
    "results_number_output_tokens_quantiles_p95": 504.84999999999997,
    "results_number_output_tokens_quantiles_p99": 514.57,
    "results_number_output_tokens_mean": 446.2,
    "results_number_output_tokens_min": "357",
    "results_number_output_tokens_max": "517",
    "results_number_output_tokens_stddev": 51.66301062333346,
    "results_num_requests_started": 10,
    "results_error_rate": 0.0,
    "results_number_errors": 0,
    "results_error_code_frequency": "{}",
    "results_mean_output_throughput_token_per_s": 195.65041342590783,
    "results_num_completed_requests": 10,
    "results_num_completed_requests_per_min": 26.308885713927545,
    "timestamp": 1769053187
}