{
    "version": "2023-08-31",
    "name": "gpt-4-1-nano_150_350_summary",
    "model": "gpt-4.1-nano",
    "mean_input_tokens": 150,
    "stddev_input_tokens": 25,
    "mean_output_tokens": 350,
    "stddev_output_tokens": 75,
    "num_concurrent_requests": 30,
    "results_inter_token_latency_s_quantiles_p25": 0.012771285508799282,
    "results_inter_token_latency_s_quantiles_p50": 0.015166754219008979,
    "results_inter_token_latency_s_quantiles_p75": 0.017617697620627714,
    "results_inter_token_latency_s_quantiles_p90": 0.028719338860440344,
    "results_inter_token_latency_s_quantiles_p95": 0.07138072467952336,
    "results_inter_token_latency_s_quantiles_p99": 0.10550983333478993,
    "results_inter_token_latency_s_mean": 0.02467664652799584,
    "results_inter_token_latency_s_min": 0.01048375494415182,
    "results_inter_token_latency_s_max": 0.11404211049860653,
    "results_inter_token_latency_s_stddev": 0.031522089120609206,
    "results_ttft_s_quantiles_p25": 0.3931191100018623,
    "results_ttft_s_quantiles_p50": 0.45407995749701513,
    "results_ttft_s_quantiles_p75": 0.5230295295041287,
    "results_ttft_s_quantiles_p90": 0.5549276089019258,
    "results_ttft_s_quantiles_p95": 0.6117035954528545,
    "results_ttft_s_quantiles_p99": 0.6571243846935977,
    "results_ttft_s_mean": 0.46647090490150733,
    "results_ttft_s_min": 0.32503522699698806,
    "results_ttft_s_max": 0.6684795820037834,
    "results_ttft_s_stddev": 0.09945369103752677,
    "results_end_to_end_latency_s_quantiles_p25": 0.8571304670003883,
    "results_end_to_end_latency_s_quantiles_p50": 0.9780828520015348,
    "results_end_to_end_latency_s_quantiles_p75": 1.104855939749541,
    "results_end_to_end_latency_s_quantiles_p90": 1.1421751910049351,
    "results_end_to_end_latency_s_quantiles_p95": 1.1536798190041735,
    "results_end_to_end_latency_s_quantiles_p99": 1.1628835214035644,
    "results_end_to_end_latency_s_mean": 0.9635653730016202,
    "results_end_to_end_latency_s_min": 0.6843520529946545,
    "results_end_to_end_latency_s_max": 1.165184447003412,
    "results_end_to_end_latency_s_stddev": 0.16532498461686485,
    "results_request_output_throughput_token_per_s_quantiles_p25": 66.22054135157087,
    "results_request_output_throughput_token_per_s_quantiles_p50": 74.86910500126191,
    "results_request_output_throughput_token_per_s_quantiles_p75": 90.20388221591332,
    "results_request_output_throughput_token_per_s_quantiles_p90": 97.67083402533775,
    "results_request_output_throughput_token_per_s_quantiles_p95": 102.83374479237251,
    "results_request_output_throughput_token_per_s_quantiles_p99": 106.96407340600034,
    "results_request_output_throughput_token_per_s_mean": 72.65959640993505,
    "results_request_output_throughput_token_per_s_min": 7.306181048366133,
    "results_request_output_throughput_token_per_s_max": 107.99665555940729,
    "results_request_output_throughput_token_per_s_stddev": 27.88193382292272,
    "results_number_input_tokens_quantiles_p25": 130.0,
    "results_number_input_tokens_quantiles_p50": 139.0,
    "results_number_input_tokens_quantiles_p75": 146.5,
    "results_number_input_tokens_quantiles_p90": 170.6,
    "results_number_input_tokens_quantiles_p95": 173.29999999999998,
    "results_number_input_tokens_quantiles_p99": 175.46,
    "results_number_input_tokens_mean": 143.0,
    "results_number_input_tokens_min": "129",
    "results_number_input_tokens_max": "176",
    "results_number_input_tokens_stddev": 17.10100711784088,
    "results_number_output_tokens_quantiles_p25": 56.5,
    "results_number_output_tokens_quantiles_p50": 75.5,
    "results_number_output_tokens_quantiles_p75": 84.5,
    "results_number_output_tokens_quantiles_p90": 111.1,
    "results_number_output_tokens_quantiles_p95": 116.04999999999998,
    "results_number_output_tokens_quantiles_p99": 120.01,
    "results_number_output_tokens_mean": 72.5,
    "results_number_output_tokens_min": "5",
    "results_number_output_tokens_max": "121",
    "results_number_output_tokens_stddev": 32.1947200640105,
    "results_num_requests_started": 10,
    "results_error_rate": 0.0,
    "results_number_errors": 0,
    "results_error_code_frequency": "{}",
    "results_mean_output_throughput_token_per_s": 94.00772624155461,
    "results_num_completed_requests": 10,
    "results_num_completed_requests_per_min": 77.7994975792176,
    "timestamp": 1769510845
}