{
    "version": "2023-08-31",
    "name": "gpt-4-1-nano_5500_350_summary",
    "model": "gpt-4.1-nano",
    "mean_input_tokens": 5500,
    "stddev_input_tokens": 2250,
    "mean_output_tokens": 350,
    "stddev_output_tokens": 75,
    "num_concurrent_requests": 40,
    "results_inter_token_latency_s_quantiles_p25": 0.01111012332662282,
    "results_inter_token_latency_s_quantiles_p50": 0.01160760523704947,
    "results_inter_token_latency_s_quantiles_p75": 0.012775074103357476,
    "results_inter_token_latency_s_quantiles_p90": 0.01704140802906054,
    "results_inter_token_latency_s_quantiles_p95": 0.017709708394834465,
    "results_inter_token_latency_s_quantiles_p99": 0.018244348687453605,
    "results_inter_token_latency_s_mean": 0.012726368824437223,
    "results_inter_token_latency_s_min": 0.010615878709699093,
    "results_inter_token_latency_s_max": 0.01837800876060839,
    "results_inter_token_latency_s_stddev": 0.0027019469082810383,
    "results_ttft_s_quantiles_p25": 0.5615785822519683,
    "results_ttft_s_quantiles_p50": 0.5890593275034917,
    "results_ttft_s_quantiles_p75": 0.6054763907559391,
    "results_ttft_s_quantiles_p90": 0.6838416883940225,
    "results_ttft_s_quantiles_p95": 0.8230988971969051,
    "results_ttft_s_quantiles_p99": 0.9345046642392117,
    "results_ttft_s_mean": 0.6011039233999327,
    "results_ttft_s_min": 0.4187625479971757,
    "results_ttft_s_max": 0.9623561059997883,
    "results_ttft_s_stddev": 0.14551779222420663,
    "results_end_to_end_latency_s_quantiles_p25": 2.19477391300461,
    "results_end_to_end_latency_s_quantiles_p50": 2.339500358000805,
    "results_end_to_end_latency_s_quantiles_p75": 3.0146848735021194,
    "results_end_to_end_latency_s_quantiles_p90": 3.1079828810019534,
    "results_end_to_end_latency_s_quantiles_p95": 3.1188049265030715,
    "results_end_to_end_latency_s_quantiles_p99": 3.1274625629039656,
    "results_end_to_end_latency_s_mean": 2.4590096235013332,
    "results_end_to_end_latency_s_min": 1.245190920002642,
    "results_end_to_end_latency_s_max": 3.129626972004189,
    "results_end_to_end_latency_s_stddev": 0.6005859929595544,
    "results_request_output_throughput_token_per_s_quantiles_p25": 93.44208853747105,
    "results_request_output_throughput_token_per_s_quantiles_p50": 101.46395750609645,
    "results_request_output_throughput_token_per_s_quantiles_p75": 105.78696751635434,
    "results_request_output_throughput_token_per_s_quantiles_p90": 115.15455269172891,
    "results_request_output_throughput_token_per_s_quantiles_p95": 115.79853542306564,
    "results_request_output_throughput_token_per_s_quantiles_p99": 116.31372160813504,
    "results_request_output_throughput_token_per_s_mean": 97.30417004644912,
    "results_request_output_throughput_token_per_s_min": 65.24080868077016,
    "results_request_output_throughput_token_per_s_max": 116.44251815440239,
    "results_request_output_throughput_token_per_s_stddev": 16.74180664847018,
    "results_number_input_tokens_quantiles_p25": 891.0,
    "results_number_input_tokens_quantiles_p50": 2739.5,
    "results_number_input_tokens_quantiles_p75": 4620.25,
    "results_number_input_tokens_quantiles_p90": 5216.0,
    "results_number_input_tokens_quantiles_p95": 5216.0,
    "results_number_input_tokens_quantiles_p99": 5216.0,
    "results_number_input_tokens_mean": 2796.4,
    "results_number_input_tokens_min": "526",
    "results_number_input_tokens_max": "5216",
    "results_number_input_tokens_stddev": 1952.073438964608,
    "results_number_output_tokens_quantiles_p25": 168.0,
    "results_number_output_tokens_quantiles_p50": 267.0,
    "results_number_output_tokens_quantiles_p75": 294.25,
    "results_number_output_tokens_quantiles_p90": 305.59999999999997,
    "results_number_output_tokens_quantiles_p95": 317.29999999999995,
    "results_number_output_tokens_quantiles_p99": 326.66,
    "results_number_output_tokens_mean": 240.2,
    "results_number_output_tokens_min": "132",
    "results_number_output_tokens_max": "329",
    "results_number_output_tokens_stddev": 73.83735880674196,
    "results_num_requests_started": 10,
    "results_error_rate": 0.0,
    "results_number_errors": 0,
    "results_error_code_frequency": "{}",
    "results_mean_output_throughput_token_per_s": 265.062456330301,
    "results_num_completed_requests": 10,
    "results_num_completed_requests_per_min": 66.21043871697776,
    "timestamp": 1769518343
}