{
    "version": "2023-08-31",
    "name": "gpt-4-1-nano_5500_350_summary",
    "model": "gpt-4.1-nano",
    "mean_input_tokens": 5500,
    "stddev_input_tokens": 2250,
    "mean_output_tokens": 350,
    "stddev_output_tokens": 75,
    "num_concurrent_requests": 40,
    "results_inter_token_latency_s_quantiles_p25": 0.00949537601164427,
    "results_inter_token_latency_s_quantiles_p50": 0.010267439658488513,
    "results_inter_token_latency_s_quantiles_p75": 0.011363459385064082,
    "results_inter_token_latency_s_quantiles_p90": 0.011766838486856793,
    "results_inter_token_latency_s_quantiles_p95": 0.012213154243503903,
    "results_inter_token_latency_s_quantiles_p99": 0.012570206848821593,
    "results_inter_token_latency_s_mean": 0.010389128337066681,
    "results_inter_token_latency_s_min": 0.008626417422578466,
    "results_inter_token_latency_s_max": 0.012659470000151015,
    "results_inter_token_latency_s_stddev": 0.0012845408454574248,
    "results_ttft_s_quantiles_p25": 0.46342632149753626,
    "results_ttft_s_quantiles_p50": 0.5300275960034924,
    "results_ttft_s_quantiles_p75": 0.6298360792461608,
    "results_ttft_s_quantiles_p90": 0.7307255446008639,
    "results_ttft_s_quantiles_p95": 0.760723150303238,
    "results_ttft_s_quantiles_p99": 0.7847212348651373,
    "results_ttft_s_mean": 0.5620354297017911,
    "results_ttft_s_min": 0.431490864008083,
    "results_ttft_s_max": 0.7907207560056122,
    "results_ttft_s_stddev": 0.1232658837343785,
    "results_end_to_end_latency_s_quantiles_p25": 2.582983700245677,
    "results_end_to_end_latency_s_quantiles_p50": 3.5234643784933724,
    "results_end_to_end_latency_s_quantiles_p75": 4.010577156252111,
    "results_end_to_end_latency_s_quantiles_p90": 4.271349473104055,
    "results_end_to_end_latency_s_quantiles_p95": 4.437456776557519,
    "results_end_to_end_latency_s_quantiles_p99": 4.57034261932029,
    "results_end_to_end_latency_s_mean": 3.327541146699514,
    "results_end_to_end_latency_s_min": 1.7726079249987379,
    "results_end_to_end_latency_s_max": 4.603564080010983,
    "results_end_to_end_latency_s_stddev": 0.9306592076249998,
    "results_request_output_throughput_token_per_s_quantiles_p25": 107.25988530750735,
    "results_request_output_throughput_token_per_s_quantiles_p50": 116.89223579212197,
    "results_request_output_throughput_token_per_s_quantiles_p75": 127.24921984703458,
    "results_request_output_throughput_token_per_s_quantiles_p90": 134.7471797059536,
    "results_request_output_throughput_token_per_s_quantiles_p95": 138.61697844676345,
    "results_request_output_throughput_token_per_s_quantiles_p99": 141.71281743941134,
    "results_request_output_throughput_token_per_s_mean": 118.15926287868679,
    "results_request_output_throughput_token_per_s_min": 97.0321736546013,
    "results_request_output_throughput_token_per_s_max": 142.4867771875733,
    "results_request_output_throughput_token_per_s_stddev": 14.21795882429074,
    "results_number_input_tokens_quantiles_p25": 3288.75,
    "results_number_input_tokens_quantiles_p50": 4688.0,
    "results_number_input_tokens_quantiles_p75": 5509.0,
    "results_number_input_tokens_quantiles_p90": 5739.699999999999,
    "results_number_input_tokens_quantiles_p95": 6687.849999999998,
    "results_number_input_tokens_quantiles_p99": 7446.37,
    "results_number_input_tokens_mean": 4591.8,
    "results_number_input_tokens_min": "2060",
    "results_number_input_tokens_max": "7636",
    "results_number_input_tokens_stddev": 1643.2676660307725,
    "results_number_output_tokens_quantiles_p25": 342.5,
    "results_number_output_tokens_quantiles_p50": 396.0,
    "results_number_output_tokens_quantiles_p75": 464.0,
    "results_number_output_tokens_quantiles_p90": 482.4,
    "results_number_output_tokens_quantiles_p95": 488.7,
    "results_number_output_tokens_quantiles_p99": 493.74,
    "results_number_output_tokens_mean": 389.7,
    "results_number_output_tokens_min": "172",
    "results_number_output_tokens_max": "495",
    "results_number_output_tokens_stddev": 97.06475501780585,
    "results_num_requests_started": 10,
    "results_error_rate": 0.0,
    "results_number_errors": 0,
    "results_error_code_frequency": "{}",
    "results_mean_output_throughput_token_per_s": 368.4505229558002,
    "results_num_completed_requests": 10,
    "results_num_completed_requests_per_min": 56.72833301859895,
    "timestamp": 1769519448
}