{
    "version": "2023-08-31",
    "name": "gpt-4-1-nano_5500_350_summary",
    "model": "gpt-4.1-nano",
    "mean_input_tokens": 5500,
    "stddev_input_tokens": 2250,
    "mean_output_tokens": 350,
    "stddev_output_tokens": 75,
    "num_concurrent_requests": 10,
    "results_inter_token_latency_s_quantiles_p25": 0.009754733680374536,
    "results_inter_token_latency_s_quantiles_p50": 0.010392424588298792,
    "results_inter_token_latency_s_quantiles_p75": 0.011091903628487353,
    "results_inter_token_latency_s_quantiles_p90": 0.011500621879415342,
    "results_inter_token_latency_s_quantiles_p95": 0.011917061201817769,
    "results_inter_token_latency_s_quantiles_p99": 0.01225021265973971,
    "results_inter_token_latency_s_mean": 0.010538215156257089,
    "results_inter_token_latency_s_min": 0.009696523759020038,
    "results_inter_token_latency_s_max": 0.012333500524220196,
    "results_inter_token_latency_s_stddev": 0.0008932844439102284,
    "results_ttft_s_quantiles_p25": 0.45819513724563876,
    "results_ttft_s_quantiles_p50": 0.48350631550420076,
    "results_ttft_s_quantiles_p75": 0.6115676972440269,
    "results_ttft_s_quantiles_p90": 0.6893323256997974,
    "results_ttft_s_quantiles_p95": 0.6942873373503972,
    "results_ttft_s_quantiles_p99": 0.698251346670877,
    "results_ttft_s_mean": 0.530044780400931,
    "results_ttft_s_min": 0.4064557980018435,
    "results_ttft_s_max": 0.6992423490009969,
    "results_ttft_s_stddev": 0.10939991735655415,
    "results_end_to_end_latency_s_quantiles_p25": 3.2110196400062705,
    "results_end_to_end_latency_s_quantiles_p50": 3.8236200859973906,
    "results_end_to_end_latency_s_quantiles_p75": 4.253939378751966,
    "results_end_to_end_latency_s_quantiles_p90": 4.6486014007037735,
    "results_end_to_end_latency_s_quantiles_p95": 4.767715436352591,
    "results_end_to_end_latency_s_quantiles_p99": 4.863006664871645,
    "results_end_to_end_latency_s_mean": 3.7772797640005593,
    "results_end_to_end_latency_s_min": 2.7937624089972815,
    "results_end_to_end_latency_s_max": 4.886829472001409,
    "results_end_to_end_latency_s_stddev": 0.705824562935027,
    "results_request_output_throughput_token_per_s_quantiles_p25": 108.18053153248232,
    "results_request_output_throughput_token_per_s_quantiles_p50": 114.28291791437292,
    "results_request_output_throughput_token_per_s_quantiles_p75": 121.58471631834907,
    "results_request_output_throughput_token_per_s_quantiles_p90": 122.41527702760995,
    "results_request_output_throughput_token_per_s_quantiles_p95": 123.51797730188868,
    "results_request_output_throughput_token_per_s_quantiles_p99": 124.40013752131166,
    "results_request_output_throughput_token_per_s_mean": 114.08489210497171,
    "results_request_output_throughput_token_per_s_min": 98.65578005606008,
    "results_request_output_throughput_token_per_s_max": 124.62067757616741,
    "results_request_output_throughput_token_per_s_stddev": 8.606145350230824,
    "results_number_input_tokens_quantiles_p25": 4696.25,
    "results_number_input_tokens_quantiles_p50": 6569.0,
    "results_number_input_tokens_quantiles_p75": 7814.5,
    "results_number_input_tokens_quantiles_p90": 8206.1,
    "results_number_input_tokens_quantiles_p95": 8499.05,
    "results_number_input_tokens_quantiles_p99": 8733.41,
    "results_number_input_tokens_mean": 5887.0,
    "results_number_input_tokens_min": "1296",
    "results_number_input_tokens_max": "8792",
    "results_number_input_tokens_stddev": 2441.215407674355,
    "results_number_output_tokens_quantiles_p25": 387.5,
    "results_number_output_tokens_quantiles_p50": 427.5,
    "results_number_output_tokens_quantiles_p75": 450.5,
    "results_number_output_tokens_quantiles_p90": 471.29999999999995,
    "results_number_output_tokens_quantiles_p95": 540.1499999999999,
    "results_number_output_tokens_quantiles_p99": 595.23,
    "results_number_output_tokens_mean": 428.5,
    "results_number_output_tokens_min": "341",
    "results_number_output_tokens_max": "609",
    "results_number_output_tokens_stddev": 75.84523716094505,
    "results_num_requests_started": 10,
    "results_error_rate": 0.0,
    "results_number_errors": 0,
    "results_error_code_frequency": "{}",
    "results_mean_output_throughput_token_per_s": 390.1827885120849,
    "results_num_completed_requests": 10,
    "results_num_completed_requests_per_min": 54.63469617438762,
    "timestamp": 1769519383
}