{
    "version": "2023-08-31",
    "name": "gpt-4-1-nano_5500_350_summary",
    "model": "gpt-4.1-nano",
    "mean_input_tokens": 5500,
    "stddev_input_tokens": 2250,
    "mean_output_tokens": 350,
    "stddev_output_tokens": 75,
    "num_concurrent_requests": 20,
    "results_inter_token_latency_s_quantiles_p25": 0.010865467760457529,
    "results_inter_token_latency_s_quantiles_p50": 0.011931423286733085,
    "results_inter_token_latency_s_quantiles_p75": 0.012244825075950108,
    "results_inter_token_latency_s_quantiles_p90": 0.012929376848768147,
    "results_inter_token_latency_s_quantiles_p95": 0.013173661192852347,
    "results_inter_token_latency_s_quantiles_p99": 0.013369088668119707,
    "results_inter_token_latency_s_mean": 0.0117051709410905,
    "results_inter_token_latency_s_min": 0.010090130258352778,
    "results_inter_token_latency_s_max": 0.013417945536936546,
    "results_inter_token_latency_s_stddev": 0.001111073964351614,
    "results_ttft_s_quantiles_p25": 0.7048989317554515,
    "results_ttft_s_quantiles_p50": 0.8032718019967433,
    "results_ttft_s_quantiles_p75": 0.857278613751987,
    "results_ttft_s_quantiles_p90": 0.9746235447353682,
    "results_ttft_s_quantiles_p95": 1.1720881378627377,
    "results_ttft_s_quantiles_p99": 1.330059812364634,
    "results_ttft_s_mean": 0.8356053857016377,
    "results_ttft_s_min": 0.626036768022459,
    "results_ttft_s_max": 1.369552730990108,
    "results_ttft_s_stddev": 0.21008286793459527,
    "results_end_to_end_latency_s_quantiles_p25": 3.502023081484367,
    "results_end_to_end_latency_s_quantiles_p50": 3.8049692575004883,
    "results_end_to_end_latency_s_quantiles_p75": 3.985691206267802,
    "results_end_to_end_latency_s_quantiles_p90": 4.378248922369675,
    "results_end_to_end_latency_s_quantiles_p95": 4.874446297684334,
    "results_end_to_end_latency_s_quantiles_p99": 5.271404197936063,
    "results_end_to_end_latency_s_mean": 3.808332563802833,
    "results_end_to_end_latency_s_min": 2.8018068940145895,
    "results_end_to_end_latency_s_max": 5.370643672998995,
    "results_end_to_end_latency_s_stddev": 0.7080925120948675,
    "results_request_output_throughput_token_per_s_quantiles_p25": 97.89797022996893,
    "results_request_output_throughput_token_per_s_quantiles_p50": 100.39978984684194,
    "results_request_output_throughput_token_per_s_quantiles_p75": 109.94158071745845,
    "results_request_output_throughput_token_per_s_quantiles_p90": 118.98008794388541,
    "results_request_output_throughput_token_per_s_quantiles_p95": 119.19368067748411,
    "results_request_output_throughput_token_per_s_quantiles_p99": 119.36455486436306,
    "results_request_output_throughput_token_per_s_mean": 103.0529620401783,
    "results_request_output_throughput_token_per_s_min": 89.56095940943466,
    "results_request_output_throughput_token_per_s_max": 119.4072734110828,
    "results_request_output_throughput_token_per_s_stddev": 10.504490941598268,
    "results_number_input_tokens_quantiles_p25": 4214.5,
    "results_number_input_tokens_quantiles_p50": 5774.5,
    "results_number_input_tokens_quantiles_p75": 7118.5,
    "results_number_input_tokens_quantiles_p90": 7247.8,
    "results_number_input_tokens_quantiles_p95": 7561.9,
    "results_number_input_tokens_quantiles_p99": 7813.18,
    "results_number_input_tokens_mean": 5396.2,
    "results_number_input_tokens_min": "805",
    "results_number_input_tokens_max": "7876",
    "results_number_input_tokens_stddev": 2190.944940735237,
    "results_number_output_tokens_quantiles_p25": 334.75,
    "results_number_output_tokens_quantiles_p50": 390.0,
    "results_number_output_tokens_quantiles_p75": 466.25,
    "results_number_output_tokens_quantiles_p90": 481.1,
    "results_number_output_tokens_quantiles_p95": 481.55,
    "results_number_output_tokens_quantiles_p99": 481.91,
    "results_number_output_tokens_mean": 392.2,
    "results_number_output_tokens_min": "280",
    "results_number_output_tokens_max": "482",
    "results_number_output_tokens_stddev": 78.43440288263535,
    "results_num_requests_started": 10,
    "results_error_rate": 0.0,
    "results_number_errors": 0,
    "results_error_code_frequency": "{}",
    "results_mean_output_throughput_token_per_s": 190.60266677078408,
    "results_num_completed_requests": 10,
    "results_num_completed_requests_per_min": 29.15900052587212,
    "timestamp": 1769091644
}