{
    "version": "2023-08-31",
    "name": "gpt-4-1-nano_150_5500_summary",
    "model": "gpt-4.1-nano",
    "mean_input_tokens": 150,
    "stddev_input_tokens": 25,
    "mean_output_tokens": 5500,
    "stddev_output_tokens": 2250,
    "num_concurrent_requests": 10,
    "results_inter_token_latency_s_quantiles_p25": 0.015672715026530223,
    "results_inter_token_latency_s_quantiles_p50": 0.017235196572275728,
    "results_inter_token_latency_s_quantiles_p75": 0.02136782583644769,
    "results_inter_token_latency_s_quantiles_p90": 0.023713231708656395,
    "results_inter_token_latency_s_quantiles_p95": 0.027128726498065935,
    "results_inter_token_latency_s_quantiles_p99": 0.029861122329593582,
    "results_inter_token_latency_s_mean": 0.018877367941495367,
    "results_inter_token_latency_s_min": 0.013247137579008198,
    "results_inter_token_latency_s_max": 0.03054422128747549,
    "results_inter_token_latency_s_stddev": 0.005173196590846678,
    "results_ttft_s_quantiles_p25": 0.6237945374887204,
    "results_ttft_s_quantiles_p50": 0.7055649940157309,
    "results_ttft_s_quantiles_p75": 0.8007620155112818,
    "results_ttft_s_quantiles_p90": 0.9648487498692698,
    "results_ttft_s_quantiles_p95": 1.4535537129297142,
    "results_ttft_s_quantiles_p99": 1.8445176833780716,
    "results_ttft_s_mean": 0.8257341823948081,
    "results_ttft_s_min": 0.5785858759772964,
    "results_ttft_s_max": 1.9422586759901606,
    "results_ttft_s_stddev": 0.40382149968935743,
    "results_end_to_end_latency_s_quantiles_p25": 1.3329353515291587,
    "results_end_to_end_latency_s_quantiles_p50": 1.4018723494955339,
    "results_end_to_end_latency_s_quantiles_p75": 1.5406624960160116,
    "results_end_to_end_latency_s_quantiles_p90": 2.121549643704202,
    "results_end_to_end_latency_s_quantiles_p95": 2.392939386342186,
    "results_end_to_end_latency_s_quantiles_p99": 2.610051180452574,
    "results_end_to_end_latency_s_mean": 1.5436198577983304,
    "results_end_to_end_latency_s_min": 0.9887951859855093,
    "results_end_to_end_latency_s_max": 2.664329128980171,
    "results_end_to_end_latency_s_stddev": 0.4804774836267847,
    "results_request_output_throughput_token_per_s_quantiles_p25": 54.21447088131036,
    "results_request_output_throughput_token_per_s_quantiles_p50": 66.22999555209934,
    "results_request_output_throughput_token_per_s_quantiles_p75": 76.31700234912233,
    "results_request_output_throughput_token_per_s_quantiles_p90": 85.67971495495337,
    "results_request_output_throughput_token_per_s_quantiles_p95": 90.50071680030537,
    "results_request_output_throughput_token_per_s_quantiles_p99": 94.35751827658699,
    "results_request_output_throughput_token_per_s_mean": 65.98066588312841,
    "results_request_output_throughput_token_per_s_min": 36.78224245422396,
    "results_request_output_throughput_token_per_s_max": 95.32171864565738,
    "results_request_output_throughput_token_per_s_stddev": 17.338048775362918,
    "results_number_input_tokens_quantiles_p25": 123.5,
    "results_number_input_tokens_quantiles_p50": 151.0,
    "results_number_input_tokens_quantiles_p75": 160.5,
    "results_number_input_tokens_quantiles_p90": 176.1,
    "results_number_input_tokens_quantiles_p95": 176.55,
    "results_number_input_tokens_quantiles_p99": 176.91,
    "results_number_input_tokens_mean": 146.5,
    "results_number_input_tokens_min": "123",
    "results_number_input_tokens_max": "177",
    "results_number_input_tokens_stddev": 21.793220148579337,
    "results_number_output_tokens_quantiles_p25": 70.0,
    "results_number_output_tokens_quantiles_p50": 98.0,
    "results_number_output_tokens_quantiles_p75": 114.0,
    "results_number_output_tokens_quantiles_p90": 137.6,
    "results_number_output_tokens_quantiles_p95": 149.29999999999998,
    "results_number_output_tokens_quantiles_p99": 158.66,
    "results_number_output_tokens_mean": 99.3,
    "results_number_output_tokens_min": "65",
    "results_number_output_tokens_max": "161",
    "results_number_output_tokens_stddev": 32.00711726406418,
    "results_num_requests_started": 10,
    "results_error_rate": 0.0,
    "results_number_errors": 0,
    "results_error_code_frequency": "{}",
    "results_mean_output_throughput_token_per_s": 67.52060423157806,
    "results_num_completed_requests": 10,
    "results_num_completed_requests_per_min": 40.79794817618009,
    "timestamp": 1769092611
}