{
    "version": "2023-08-31",
    "name": "gpt-4-1-nano_150_5500_summary",
    "model": "gpt-4.1-nano",
    "mean_input_tokens": 150,
    "stddev_input_tokens": 25,
    "mean_output_tokens": 5500,
    "stddev_output_tokens": 2250,
    "num_concurrent_requests": 1,
    "results_inter_token_latency_s_quantiles_p25": 0.01161952969720049,
    "results_inter_token_latency_s_quantiles_p50": 0.013149140999289273,
    "results_inter_token_latency_s_quantiles_p75": 0.02625984717329775,
    "results_inter_token_latency_s_quantiles_p90": 0.040516181450452264,
    "results_inter_token_latency_s_quantiles_p95": 0.04316709951574673,
    "results_inter_token_latency_s_quantiles_p99": 0.04528783396798231,
    "results_inter_token_latency_s_mean": 0.020434523232438242,
    "results_inter_token_latency_s_min": 0.009025531142805387,
    "results_inter_token_latency_s_max": 0.045818017581041204,
    "results_inter_token_latency_s_stddev": 0.013181126075935396,
    "results_ttft_s_quantiles_p25": 0.4319700829946669,
    "results_ttft_s_quantiles_p50": 0.47813723000581376,
    "results_ttft_s_quantiles_p75": 0.5834667069939314,
    "results_ttft_s_quantiles_p90": 0.7659969729036674,
    "results_ttft_s_quantiles_p95": 0.8597595664490653,
    "results_ttft_s_quantiles_p99": 0.9347696412853839,
    "results_ttft_s_mean": 0.5445239851003862,
    "results_ttft_s_min": 0.363650573999621,
    "results_ttft_s_max": 0.9535221599944634,
    "results_ttft_s_stddev": 0.18309272864935897,
    "results_end_to_end_latency_s_quantiles_p25": 1.1185113145002106,
    "results_end_to_end_latency_s_quantiles_p50": 1.7738361160008935,
    "results_end_to_end_latency_s_quantiles_p75": 2.5218169092549942,
    "results_end_to_end_latency_s_quantiles_p90": 3.189736643200739,
    "results_end_to_end_latency_s_quantiles_p95": 4.914333978095961,
    "results_end_to_end_latency_s_quantiles_p99": 6.294011846012145,
    "results_end_to_end_latency_s_mean": 2.1248377837997396,
    "results_end_to_end_latency_s_min": 0.4446969589916989,
    "results_end_to_end_latency_s_max": 6.63893131299119,
    "results_end_to_end_latency_s_stddev": 1.7803984171803178,
    "results_request_output_throughput_token_per_s_quantiles_p25": 45.593934733640104,
    "results_request_output_throughput_token_per_s_quantiles_p50": 89.70546925673193,
    "results_request_output_throughput_token_per_s_quantiles_p75": 106.48737846937547,
    "results_request_output_throughput_token_per_s_quantiles_p90": 117.86617351512695,
    "results_request_output_throughput_token_per_s_quantiles_p95": 125.02981809239942,
    "results_request_output_throughput_token_per_s_quantiles_p99": 130.76073375421743,
    "results_request_output_throughput_token_per_s_mean": 78.34031360899996,
    "results_request_output_throughput_token_per_s_min": 23.296729428658555,
    "results_request_output_throughput_token_per_s_max": 132.19346266967193,
    "results_request_output_throughput_token_per_s_stddev": 38.53559941385397,
    "results_number_input_tokens_quantiles_p25": 140.5,
    "results_number_input_tokens_quantiles_p50": 149.5,
    "results_number_input_tokens_quantiles_p75": 154.5,
    "results_number_input_tokens_quantiles_p90": 183.4,
    "results_number_input_tokens_quantiles_p95": 185.2,
    "results_number_input_tokens_quantiles_p99": 186.64,
    "results_number_input_tokens_mean": 150.9,
    "results_number_input_tokens_min": "119",
    "results_number_input_tokens_max": "187",
    "results_number_input_tokens_stddev": 21.1683726346642,
    "results_number_output_tokens_quantiles_p25": 69.0,
    "results_number_output_tokens_quantiles_p50": 139.5,
    "results_number_output_tokens_quantiles_p75": 289.5,
    "results_number_output_tokens_quantiles_p90": 394.2999999999999,
    "results_number_output_tokens_quantiles_p95": 499.14999999999975,
    "results_number_output_tokens_quantiles_p99": 583.0300000000001,
    "results_number_output_tokens_mean": 197.7,
    "results_number_output_tokens_min": "12",
    "results_number_output_tokens_max": "604",
    "results_number_output_tokens_stddev": 188.90623776537043,
    "results_num_requests_started": 10,
    "results_error_rate": 0.0,
    "results_number_errors": 0,
    "results_error_code_frequency": "{}",
    "results_mean_output_throughput_token_per_s": 86.91228991856585,
    "results_num_completed_requests": 10,
    "results_num_completed_requests_per_min": 26.37702273704578,
    "timestamp": 1769518398
}