{
    "version": "2023-08-31",
    "name": "gpt-4-1-nano_550_150_summary",
    "model": "gpt-4.1-nano",
    "mean_input_tokens": 550,
    "stddev_input_tokens": 150,
    "mean_output_tokens": 150,
    "stddev_output_tokens": 10,
    "num_concurrent_requests": 30,
    "results_inter_token_latency_s_quantiles_p25": 0.016088867462895243,
    "results_inter_token_latency_s_quantiles_p50": 0.018340048067430274,
    "results_inter_token_latency_s_quantiles_p75": 0.02255090601863858,
    "results_inter_token_latency_s_quantiles_p90": 0.02917854437597117,
    "results_inter_token_latency_s_quantiles_p95": 0.030039650991433135,
    "results_inter_token_latency_s_quantiles_p99": 0.03072853628380271,
    "results_inter_token_latency_s_mean": 0.020159948624463235,
    "results_inter_token_latency_s_min": 0.01400719155010589,
    "results_inter_token_latency_s_max": 0.030900757606895105,
    "results_inter_token_latency_s_stddev": 0.00583604701931542,
    "results_ttft_s_quantiles_p25": 1.5448855862487108,
    "results_ttft_s_quantiles_p50": 1.8748882375075482,
    "results_ttft_s_quantiles_p75": 2.360069103742717,
    "results_ttft_s_quantiles_p90": 2.6660039460140976,
    "results_ttft_s_quantiles_p95": 2.8374922275121204,
    "results_ttft_s_quantiles_p99": 2.974682852710539,
    "results_ttft_s_mean": 1.9811947232024978,
    "results_ttft_s_min": 1.3513512180070393,
    "results_ttft_s_max": 3.0089805090101436,
    "results_ttft_s_stddev": 0.5591467005053645,
    "results_end_to_end_latency_s_quantiles_p25": 2.342322192758729,
    "results_end_to_end_latency_s_quantiles_p50": 2.7318581875006203,
    "results_end_to_end_latency_s_quantiles_p75": 2.974169112749223,
    "results_end_to_end_latency_s_quantiles_p90": 3.4479871718067443,
    "results_end_to_end_latency_s_quantiles_p95": 3.6093287309122384,
    "results_end_to_end_latency_s_quantiles_p99": 3.7384019781966344,
    "results_end_to_end_latency_s_mean": 2.7536626532062654,
    "results_end_to_end_latency_s_min": 2.098532650008565,
    "results_end_to_end_latency_s_max": 3.7706702900177334,
    "results_end_to_end_latency_s_stddev": 0.5386059596780381,
    "results_request_output_throughput_token_per_s_quantiles_p25": 51.90470335646684,
    "results_request_output_throughput_token_per_s_quantiles_p50": 63.774424801674385,
    "results_request_output_throughput_token_per_s_quantiles_p75": 74.02404219335904,
    "results_request_output_throughput_token_per_s_quantiles_p90": 84.17459072455283,
    "results_request_output_throughput_token_per_s_quantiles_p95": 85.47885225893278,
    "results_request_output_throughput_token_per_s_quantiles_p99": 86.52226148643675,
    "results_request_output_throughput_token_per_s_mean": 62.856260439839865,
    "results_request_output_throughput_token_per_s_min": 37.75406027729114,
    "results_request_output_throughput_token_per_s_max": 86.78311379331274,
    "results_request_output_throughput_token_per_s_stddev": 17.003651020492356,
    "results_number_input_tokens_quantiles_p25": 514.5,
    "results_number_input_tokens_quantiles_p50": 553.0,
    "results_number_input_tokens_quantiles_p75": 581.0,
    "results_number_input_tokens_quantiles_p90": 637.5999999999999,
    "results_number_input_tokens_quantiles_p95": 802.2999999999996,
    "results_number_input_tokens_quantiles_p99": 934.0600000000001,
    "results_number_input_tokens_mean": 583.1,
    "results_number_input_tokens_min": "472",
    "results_number_input_tokens_max": "967",
    "results_number_input_tokens_stddev": 141.63289793610022,
    "results_number_output_tokens_quantiles_p25": 161.25,
    "results_number_output_tokens_quantiles_p50": 167.0,
    "results_number_output_tokens_quantiles_p75": 179.25,
    "results_number_output_tokens_quantiles_p90": 184.4,
    "results_number_output_tokens_quantiles_p95": 190.7,
    "results_number_output_tokens_quantiles_p99": 195.74,
    "results_number_output_tokens_mean": 165.7,
    "results_number_output_tokens_min": "115",
    "results_number_output_tokens_max": "197",
    "results_number_output_tokens_stddev": 22.36589665837999,
    "results_num_requests_started": 10,
    "results_error_rate": 0.0,
    "results_number_errors": 0,
    "results_error_code_frequency": "{}",
    "results_mean_output_throughput_token_per_s": 80.46267898875536,
    "results_num_completed_requests": 10,
    "results_num_completed_requests_per_min": 29.13555062960363,
    "timestamp": 1768967824
}