Concurrent_Users,P25,P50,P75
1,3.1504785017168615,4.266341507987818,5.382318091753405
10,3.7017707602499286,4.038778312009526,4.592645956246997
20,2.7144735805195523,3.0038492624880746,3.7100733647384914
30,4.149410884259851,5.068070256500505,5.4327687795012025
40,4.583897239266662,4.8373624944943,5.481201244518161
50,3.2543411445221864,4.486468444025377,4.927801498983172
