Concurrent_Users,P25,P50,P75
1,0.01069177460355977,0.012421077454722405,0.013672825607061068
10,0.010398031079643199,0.010777566836903273,0.010965720631584984
20,0.011183411033399794,0.012784978766244333,0.013301904812970177
30,0.011365319224852202,0.012532977554923176,0.013103514846471688
40,0.012932434751690505,0.013273537362804304,0.014262382684590447
50,0.011866630085726922,0.01271455841578999,0.014517353750027176
