Concurrent_Users,P25,P50,P75
1,88.17810521395211,97.30838745081643,113.5770472660347
10,109.33905417558279,112.04830495730494,115.08249348764754
20,90.63047382114574,95.56019285768191,109.452436342662
30,91.76993064902604,95.82459978287994,106.35145296749846
40,84.58142696969672,89.60651901042482,94.64593059378501
50,80.86646566227213,91.10822202110964,99.21388487943479
