Concurrent_Users,P25,P50,P75
1,0.6520802329760045,0.6942514264665078,0.7354302447201917
10,0.6603029567486374,0.6931429534743074,0.733622710526106
20,0.7569498244993156,0.8436112865165342,0.8852122115204111
30,0.9199413782625925,0.9869142094976269,1.1152081287291367
40,1.0291054122353671,1.1325202489970252,1.5844032435270492
50,1.1091555522434646,1.2579169335076585,1.4421191079745768
