{
    "version": "2023-08-31",
    "name": "gpt-4-1-nano_5500_350_summary",
    "model": "gpt-4.1-nano",
    "mean_input_tokens": 5500,
    "stddev_input_tokens": 2250,
    "mean_output_tokens": 350,
    "stddev_output_tokens": 75,
    "num_concurrent_requests": 50,
    "results_inter_token_latency_s_quantiles_p25": 0.010068173730047642,
    "results_inter_token_latency_s_quantiles_p50": 0.010913130763200522,
    "results_inter_token_latency_s_quantiles_p75": 0.011585435697683633,
    "results_inter_token_latency_s_quantiles_p90": 0.01306722847883294,
    "results_inter_token_latency_s_quantiles_p95": 0.013286499974789383,
    "results_inter_token_latency_s_quantiles_p99": 0.013461917171554537,
    "results_inter_token_latency_s_mean": 0.011117413850352694,
    "results_inter_token_latency_s_min": 0.009748099220796756,
    "results_inter_token_latency_s_max": 0.013505771470745826,
    "results_inter_token_latency_s_stddev": 0.0013036067708672692,
    "results_ttft_s_quantiles_p25": 0.5380722339978092,
    "results_ttft_s_quantiles_p50": 0.5803135424939683,
    "results_ttft_s_quantiles_p75": 0.6263126634949003,
    "results_ttft_s_quantiles_p90": 0.9063720025951624,
    "results_ttft_s_quantiles_p95": 1.0510612163016044,
    "results_ttft_s_quantiles_p99": 1.1668125872667587,
    "results_ttft_s_mean": 0.6492202841982362,
    "results_ttft_s_min": 0.44152376700367313,
    "results_ttft_s_max": 1.1957504300080473,
    "results_ttft_s_stddev": 0.22412994905415728,
    "results_end_to_end_latency_s_quantiles_p25": 2.9672956974973204,
    "results_end_to_end_latency_s_quantiles_p50": 3.0128286175022367,
    "results_end_to_end_latency_s_quantiles_p75": 3.2485296664999623,
    "results_end_to_end_latency_s_quantiles_p90": 3.3510565841046627,
    "results_end_to_end_latency_s_quantiles_p95": 3.4209729630485524,
    "results_end_to_end_latency_s_quantiles_p99": 3.4769060662036644,
    "results_end_to_end_latency_s_mean": 3.053143620098126,
    "results_end_to_end_latency_s_min": 2.4819248489948222,
    "results_end_to_end_latency_s_max": 3.4908893419924425,
    "results_end_to_end_latency_s_stddev": 0.2805926408319417,
    "results_request_output_throughput_token_per_s_quantiles_p25": 105.27269560159061,
    "results_request_output_throughput_token_per_s_quantiles_p50": 111.4095924851325,
    "results_request_output_throughput_token_per_s_quantiles_p75": 115.2820544410662,
    "results_request_output_throughput_token_per_s_quantiles_p90": 117.28948567771793,
    "results_request_output_throughput_token_per_s_quantiles_p95": 120.28718360291258,
    "results_request_output_throughput_token_per_s_quantiles_p99": 122.68534194306831,
    "results_request_output_throughput_token_per_s_mean": 108.49229868439,
    "results_request_output_throughput_token_per_s_min": 88.38171022029813,
    "results_request_output_throughput_token_per_s_max": 123.28488152810723,
    "results_request_output_throughput_token_per_s_stddev": 11.150706972622363,
    "results_number_input_tokens_quantiles_p25": 1890.25,
    "results_number_input_tokens_quantiles_p50": 2059.0,
    "results_number_input_tokens_quantiles_p75": 6813.5,
    "results_number_input_tokens_quantiles_p90": 7837.0,
    "results_number_input_tokens_quantiles_p95": 7837.0,
    "results_number_input_tokens_quantiles_p99": 7837.0,
    "results_number_input_tokens_mean": 4047.9,
    "results_number_input_tokens_min": "1834",
    "results_number_input_tokens_max": "7837",
    "results_number_input_tokens_stddev": 2757.6005048673105,
    "results_number_output_tokens_quantiles_p25": 289.25,
    "results_number_output_tokens_quantiles_p50": 348.5,
    "results_number_output_tokens_quantiles_p75": 365.0,
    "results_number_output_tokens_quantiles_p90": 368.8,
    "results_number_output_tokens_quantiles_p95": 372.4,
    "results_number_output_tokens_quantiles_p99": 375.28,
    "results_number_output_tokens_mean": 331.2,
    "results_number_output_tokens_min": "265",
    "results_number_output_tokens_max": "376",
    "results_number_output_tokens_stddev": 44.80773742707094,
    "results_num_requests_started": 10,
    "results_error_rate": 0.0,
    "results_number_errors": 0,
    "results_error_code_frequency": "{}",
    "results_mean_output_throughput_token_per_s": 237.80062759125352,
    "results_num_completed_requests": 10,
    "results_num_completed_requests_per_min": 43.0798238389952,
    "timestamp": 1769519471
}