{
    "version": "2023-08-31",
    "name": "gpt-4-1-nano_5500_350_summary",
    "model": "gpt-4.1-nano",
    "mean_input_tokens": 5500,
    "stddev_input_tokens": 2250,
    "mean_output_tokens": 350,
    "stddev_output_tokens": 75,
    "num_concurrent_requests": 30,
    "results_inter_token_latency_s_quantiles_p25": 0.006864324743388614,
    "results_inter_token_latency_s_quantiles_p50": 0.00751106642276158,
    "results_inter_token_latency_s_quantiles_p75": 0.008057982400337378,
    "results_inter_token_latency_s_quantiles_p90": 0.008310724847365149,
    "results_inter_token_latency_s_quantiles_p95": 0.008421359684310722,
    "results_inter_token_latency_s_quantiles_p99": 0.008509867553867182,
    "results_inter_token_latency_s_mean": 0.007503235703018167,
    "results_inter_token_latency_s_min": 0.006444146542101011,
    "results_inter_token_latency_s_max": 0.008531994521256296,
    "results_inter_token_latency_s_stddev": 0.0007227008729959721,
    "results_ttft_s_quantiles_p25": 0.4479540147476655,
    "results_ttft_s_quantiles_p50": 0.46855966000293847,
    "results_ttft_s_quantiles_p75": 0.490237723748578,
    "results_ttft_s_quantiles_p90": 0.6394542316935258,
    "results_ttft_s_quantiles_p95": 0.6396666978514987,
    "results_ttft_s_quantiles_p99": 0.6398366707778769,
    "results_ttft_s_mean": 0.4859311144988169,
    "results_ttft_s_min": 0.3740491439966718,
    "results_ttft_s_max": 0.6398791640094714,
    "results_ttft_s_stddev": 0.08898041674024641,
    "results_end_to_end_latency_s_quantiles_p25": 2.343431311503082,
    "results_end_to_end_latency_s_quantiles_p50": 2.455600734501786,
    "results_end_to_end_latency_s_quantiles_p75": 2.5151290962421626,
    "results_end_to_end_latency_s_quantiles_p90": 2.6996647869003936,
    "results_end_to_end_latency_s_quantiles_p95": 2.7602835619502,
    "results_end_to_end_latency_s_quantiles_p99": 2.8087785819900457,
    "results_end_to_end_latency_s_mean": 2.4734619098991972,
    "results_end_to_end_latency_s_min": 2.2461758790013846,
    "results_end_to_end_latency_s_max": 2.820902337000007,
    "results_end_to_end_latency_s_stddev": 0.1740103640477553,
    "results_request_output_throughput_token_per_s_quantiles_p25": 147.84660651874094,
    "results_request_output_throughput_token_per_s_quantiles_p50": 157.60419170771513,
    "results_request_output_throughput_token_per_s_quantiles_p75": 177.08302228068158,
    "results_request_output_throughput_token_per_s_quantiles_p90": 183.11621157352502,
    "results_request_output_throughput_token_per_s_quantiles_p95": 185.71814106148446,
    "results_request_output_throughput_token_per_s_quantiles_p99": 187.79968465185203,
    "results_request_output_throughput_token_per_s_mean": 161.56397966443026,
    "results_request_output_throughput_token_per_s_min": 142.15309574540547,
    "results_request_output_throughput_token_per_s_max": 188.32007054944393,
    "results_request_output_throughput_token_per_s_stddev": 17.051901750613183,
    "results_number_input_tokens_quantiles_p25": 4400.0,
    "results_number_input_tokens_quantiles_p50": 6364.5,
    "results_number_input_tokens_quantiles_p75": 8329.0,
    "results_number_input_tokens_quantiles_p90": 11902.0,
    "results_number_input_tokens_quantiles_p95": 11902.0,
    "results_number_input_tokens_quantiles_p99": 11902.0,
    "results_number_input_tokens_mean": 7026.9,
    "results_number_input_tokens_min": "4139",
    "results_number_input_tokens_max": "11902",
    "results_number_input_tokens_stddev": 3162.301147020069,
    "results_number_output_tokens_quantiles_p25": 391.75,
    "results_number_output_tokens_quantiles_p50": 397.5,
    "results_number_output_tokens_quantiles_p75": 417.0,
    "results_number_output_tokens_quantiles_p90": 423.1,
    "results_number_output_tokens_quantiles_p95": 423.55,
    "results_number_output_tokens_quantiles_p99": 423.91,
    "results_number_output_tokens_mean": 397.4,
    "results_number_output_tokens_min": "361",
    "results_number_output_tokens_max": "424",
    "results_number_output_tokens_stddev": 22.71661164092137,
    "results_num_requests_started": 10,
    "results_error_rate": 0.0,
    "results_number_errors": 0,
    "results_error_code_frequency": "{}",
    "results_mean_output_throughput_token_per_s": 438.03095645028077,
    "results_num_completed_requests": 10,
    "results_num_completed_requests_per_min": 66.1345178334596,
    "timestamp": 1769510399
}