Concurrent_Users,P25,P50,P75
1,0.009444782374284285,0.009893638396400353,0.010561977230112114
10,0.008587883274941376,0.008974100453175069,0.009406258115026387
20,0.007474863733094401,0.0082026263800123,0.009942194625480792
30,0.00899241928411792,0.0090361033301232,0.00986497320329363
40,0.009585545530102277,0.010316283223986079,0.011213271892665064
50,0.00837978820357628,0.00876510481847838,0.00940091267665125
