Concurrent_Users,P25,P50,P75
1,114.39819978436529,121.98883549671493,127.32941866840274
10,126.93043527515982,133.0807567829882,135.147673752443
20,121.60353541049635,144.06572130512893,160.25059563791072
30,122.97397737493442,131.95017629585914,135.80180570158228
40,105.589278603604,116.96651039755804,123.53173260080305
50,128.40964069214962,137.6366919804978,142.71088478414643
