Concurrent_Users,P25,P50,P75
1,0.5089141652460967,0.6413473569919006,0.8047837892554526
10,0.46673481000834727,0.516857415503182,0.6005950750040938
20,0.4347591569967335,0.46097500899486477,0.5046893840008124
30,0.42702081024981453,0.5445436649897601,0.7581496932471055
40,0.43272440574583015,0.4876642185045057,0.5310591314992053
50,0.520495382748777,0.6743068089999724,0.7971040177471878
