{
    "version": "2023-08-31",
    "name": "gpt-4-1-nano_5500_350_summary",
    "model": "gpt-4.1-nano",
    "mean_input_tokens": 5500,
    "stddev_input_tokens": 2250,
    "mean_output_tokens": 350,
    "stddev_output_tokens": 75,
    "num_concurrent_requests": 10,
    "results_inter_token_latency_s_quantiles_p25": 0.008538828942724766,
    "results_inter_token_latency_s_quantiles_p50": 0.009323879760867338,
    "results_inter_token_latency_s_quantiles_p75": 0.010331076868400176,
    "results_inter_token_latency_s_quantiles_p90": 0.011350403564768276,
    "results_inter_token_latency_s_quantiles_p95": 0.01217280479022543,
    "results_inter_token_latency_s_quantiles_p99": 0.012830725770591156,
    "results_inter_token_latency_s_mean": 0.009625092182338391,
    "results_inter_token_latency_s_min": 0.007882036776204665,
    "results_inter_token_latency_s_max": 0.012995206015682588,
    "results_inter_token_latency_s_stddev": 0.0015946172032261397,
    "results_ttft_s_quantiles_p25": 0.4308800892504223,
    "results_ttft_s_quantiles_p50": 0.5177811204994214,
    "results_ttft_s_quantiles_p75": 0.6186119960002543,
    "results_ttft_s_quantiles_p90": 0.7099254579967236,
    "results_ttft_s_quantiles_p95": 0.9278112774925825,
    "results_ttft_s_quantiles_p99": 1.1021199330892706,
    "results_ttft_s_mean": 0.5725731921978877,
    "results_ttft_s_min": 0.39854921599908266,
    "results_ttft_s_max": 1.1456970969884424,
    "results_ttft_s_stddev": 0.22116345709914578,
    "results_end_to_end_latency_s_quantiles_p25": 2.5710519710009976,
    "results_end_to_end_latency_s_quantiles_p50": 2.898807934499928,
    "results_end_to_end_latency_s_quantiles_p75": 3.51887715324483,
    "results_end_to_end_latency_s_quantiles_p90": 3.7660956544961666,
    "results_end_to_end_latency_s_quantiles_p95": 3.8165186292440922,
    "results_end_to_end_latency_s_quantiles_p99": 3.856857009042433,
    "results_end_to_end_latency_s_mean": 2.938514622199,
    "results_end_to_end_latency_s_min": 1.6435259629943175,
    "results_end_to_end_latency_s_max": 3.866941603992018,
    "results_end_to_end_latency_s_stddev": 0.7027196824974966,
    "results_request_output_throughput_token_per_s_quantiles_p25": 118.44761640277957,
    "results_request_output_throughput_token_per_s_quantiles_p50": 128.35301434057976,
    "results_request_output_throughput_token_per_s_quantiles_p75": 139.88779167263817,
    "results_request_output_throughput_token_per_s_quantiles_p90": 150.23310338700256,
    "results_request_output_throughput_token_per_s_quantiles_p95": 153.56035461400145,
    "results_request_output_throughput_token_per_s_quantiles_p99": 156.2221555956006,
    "results_request_output_throughput_token_per_s_mean": 128.3456751434175,
    "results_request_output_throughput_token_per_s_min": 93.71864773882135,
    "results_request_output_throughput_token_per_s_max": 156.88760584100038,
    "results_request_output_throughput_token_per_s_stddev": 18.981723540020344,
    "results_number_input_tokens_quantiles_p25": 3230.0,
    "results_number_input_tokens_quantiles_p50": 4719.0,
    "results_number_input_tokens_quantiles_p75": 5325.0,
    "results_number_input_tokens_quantiles_p90": 6384.899999999999,
    "results_number_input_tokens_quantiles_p95": 7765.949999999997,
    "results_number_input_tokens_quantiles_p99": 8870.79,
    "results_number_input_tokens_mean": 4473.1,
    "results_number_input_tokens_min": "1204",
    "results_number_input_tokens_max": "9147",
    "results_number_input_tokens_stddev": 2297.524921881516,
    "results_number_output_tokens_quantiles_p25": 281.75,
    "results_number_output_tokens_quantiles_p50": 369.0,
    "results_number_output_tokens_quantiles_p75": 487.5,
    "results_number_output_tokens_quantiles_p90": 508.59999999999997,
    "results_number_output_tokens_quantiles_p95": 524.8,
    "results_number_output_tokens_quantiles_p99": 537.76,
    "results_number_output_tokens_mean": 379.1,
    "results_number_output_tokens_min": "231",
    "results_number_output_tokens_max": "541",
    "results_number_output_tokens_stddev": 115.65509067913959,
    "results_num_requests_started": 10,
    "results_error_rate": 0.0,
    "results_number_errors": 0,
    "results_error_code_frequency": "{}",
    "results_mean_output_throughput_token_per_s": 383.17587194392775,
    "results_num_completed_requests": 10,
    "results_num_completed_requests_per_min": 60.64508656458894,
    "timestamp": 1769510363
}