{
    "version": "2023-08-31",
    "name": "gpt-4-1-nano_150_5500_summary",
    "model": "gpt-4.1-nano",
    "mean_input_tokens": 150,
    "stddev_input_tokens": 25,
    "mean_output_tokens": 5500,
    "stddev_output_tokens": 2250,
    "num_concurrent_requests": 10,
    "results_inter_token_latency_s_quantiles_p25": 0.01143166021388102,
    "results_inter_token_latency_s_quantiles_p50": 0.01217843406463186,
    "results_inter_token_latency_s_quantiles_p75": 0.013427554047386646,
    "results_inter_token_latency_s_quantiles_p90": 0.014030578647639418,
    "results_inter_token_latency_s_quantiles_p95": 0.014077807239213794,
    "results_inter_token_latency_s_quantiles_p99": 0.014115590112473295,
    "results_inter_token_latency_s_mean": 0.012390936489963717,
    "results_inter_token_latency_s_min": 0.010332490899250283,
    "results_inter_token_latency_s_max": 0.01412503583078817,
    "results_inter_token_latency_s_stddev": 0.0012757574120361155,
    "results_ttft_s_quantiles_p25": 0.38863967924771714,
    "results_ttft_s_quantiles_p50": 0.4036900705032167,
    "results_ttft_s_quantiles_p75": 0.4161869102536002,
    "results_ttft_s_quantiles_p90": 0.4324054903961951,
    "results_ttft_s_quantiles_p95": 0.4500970576977124,
    "results_ttft_s_quantiles_p99": 0.4642503115389263,
    "results_ttft_s_mean": 0.40649560169986215,
    "results_ttft_s_min": 0.3702736449922668,
    "results_ttft_s_max": 0.4677886249992298,
    "results_ttft_s_stddev": 0.02790034302349606,
    "results_end_to_end_latency_s_quantiles_p25": 1.0239234075015702,
    "results_end_to_end_latency_s_quantiles_p50": 1.16885507999541,
    "results_end_to_end_latency_s_quantiles_p75": 1.4717248379929515,
    "results_end_to_end_latency_s_quantiles_p90": 1.9600330967965418,
    "results_end_to_end_latency_s_quantiles_p95": 2.0582550279003042,
    "results_end_to_end_latency_s_quantiles_p99": 2.1368325727833146,
    "results_end_to_end_latency_s_mean": 1.3318489821991535,
    "results_end_to_end_latency_s_min": 0.9323015469999518,
    "results_end_to_end_latency_s_max": 2.156476959004067,
    "results_end_to_end_latency_s_stddev": 0.42496031569866305,
    "results_request_output_throughput_token_per_s_quantiles_p25": 90.09648120213947,
    "results_request_output_throughput_token_per_s_quantiles_p50": 94.89040682244217,
    "results_request_output_throughput_token_per_s_quantiles_p75": 106.10334053543029,
    "results_request_output_throughput_token_per_s_quantiles_p90": 110.96298778336686,
    "results_request_output_throughput_token_per_s_quantiles_p95": 115.30128443541197,
    "results_request_output_throughput_token_per_s_quantiles_p99": 118.77192175704809,
    "results_request_output_throughput_token_per_s_mean": 96.53152366996433,
    "results_request_output_throughput_token_per_s_min": 72.52457534183361,
    "results_request_output_throughput_token_per_s_max": 119.63958108745712,
    "results_request_output_throughput_token_per_s_stddev": 14.054587499921663,
    "results_number_input_tokens_quantiles_p25": 141.0,
    "results_number_input_tokens_quantiles_p50": 146.0,
    "results_number_input_tokens_quantiles_p75": 146.75,
    "results_number_input_tokens_quantiles_p90": 150.6,
    "results_number_input_tokens_quantiles_p95": 166.79999999999995,
    "results_number_input_tokens_quantiles_p99": 179.76,
    "results_number_input_tokens_mean": 146.3,
    "results_number_input_tokens_min": "133",
    "results_number_input_tokens_max": "183",
    "results_number_input_tokens_stddev": 13.976567691834946,
    "results_number_output_tokens_quantiles_p25": 88.5,
    "results_number_output_tokens_quantiles_p50": 117.5,
    "results_number_output_tokens_quantiles_p75": 154.0,
    "results_number_output_tokens_quantiles_p90": 194.99999999999997,
    "results_number_output_tokens_quantiles_p95": 226.49999999999991,
    "results_number_output_tokens_quantiles_p99": 251.70000000000002,
    "results_number_output_tokens_mean": 132.4,
    "results_number_output_tokens_min": "74",
    "results_number_output_tokens_max": "258",
    "results_number_output_tokens_stddev": 58.602616551367966,
    "results_num_requests_started": 10,
    "results_error_rate": 0.0,
    "results_number_errors": 0,
    "results_error_code_frequency": "{}",
    "results_mean_output_throughput_token_per_s": 173.3289692259395,
    "results_num_completed_requests": 10,
    "results_num_completed_requests_per_min": 78.54787125042576,
    "timestamp": 1769511272
}