Concurrent_Users,P25,P50,P75
1,1.1185113145002106,1.7738361160008935,2.5218169092549942
10,1.2153998762587435,1.3748656840034528,1.754672588998801
20,1.0301260012493003,1.1834151270013535,1.276094853245013
30,0.924308994995954,1.068418089998886,1.152151359245181
40,0.9584743082450586,1.0404105834968504,1.1429637272449327
50,1.0234031002510164,1.493762506506755,2.0005542959988816
