Concurrent_Users,P25,P50,P75
1,0.01161952969720049,0.013149140999289273,0.02625984717329775
10,0.009814676440521784,0.010563488415742586,0.011471017981475986
20,0.012761769842529826,0.013739840725856127,0.014791707596253088
30,0.01548546953419547,0.016724061316897097,0.017447298248346975
40,0.012292868584103717,0.014217667876493506,0.015475690739418924
50,0.014729283720612614,0.01873485707553863,0.02308792453725083
