Concurrent_Users,P25,P50,P75
1,45.593934733640104,89.70546925673193,106.48737846937547
10,104.07209618150328,116.76804345742916,120.91489318584397
20,72.82430343714047,80.87854004934937,89.02337299171933
30,65.70541984106649,68.87803383790938,78.25770020716436
40,75.51076992570451,79.44323027133998,95.1015874165619
50,52.28804082400361,60.33035590740111,79.70733001689507
