Concurrent_Users,P25,P50,P75
1,0.4319700829946669,0.47813723000581376,0.5834667069939314
10,0.42832176624506246,0.48818415150162764,0.5739998137505609
20,0.3879563947484712,0.4145464039975195,0.47289110474594054
30,0.40713562174278195,0.4664538895012811,0.514686752751004
40,0.4439309749977838,0.4769181040028343,0.5206656205118634
50,0.540145950501028,0.5904263539996464,0.7637694340010057
