{
    "version": "2023-08-31",
    "name": "gpt-4-1-nano_5500_350_summary",
    "model": "gpt-4.1-nano",
    "mean_input_tokens": 5500,
    "stddev_input_tokens": 2250,
    "mean_output_tokens": 350,
    "stddev_output_tokens": 75,
    "num_concurrent_requests": 50,
    "results_inter_token_latency_s_quantiles_p25": 0.010941013743410716,
    "results_inter_token_latency_s_quantiles_p50": 0.012579878764020586,
    "results_inter_token_latency_s_quantiles_p75": 0.012917057275741531,
    "results_inter_token_latency_s_quantiles_p90": 0.014652807292191537,
    "results_inter_token_latency_s_quantiles_p95": 0.015411508659313683,
    "results_inter_token_latency_s_quantiles_p99": 0.016018469753011404,
    "results_inter_token_latency_s_mean": 0.012460059761843447,
    "results_inter_token_latency_s_min": 0.010095943763897393,
    "results_inter_token_latency_s_max": 0.016170210026435834,
    "results_inter_token_latency_s_stddev": 0.0019098469485904054,
    "results_ttft_s_quantiles_p25": 1.6507253567542648,
    "results_ttft_s_quantiles_p50": 1.9708590955124237,
    "results_ttft_s_quantiles_p75": 2.3892875515011838,
    "results_ttft_s_quantiles_p90": 2.665149768569972,
    "results_ttft_s_quantiles_p95": 2.8931688707903955,
    "results_ttft_s_quantiles_p99": 3.075584152566735,
    "results_ttft_s_mean": 2.0234847148007247,
    "results_ttft_s_min": 1.1595323589863256,
    "results_ttft_s_max": 3.1211879730108194,
    "results_ttft_s_stddev": 0.6041886039832998,
    "results_end_to_end_latency_s_quantiles_p25": 3.07254967802146,
    "results_end_to_end_latency_s_quantiles_p50": 3.6626131484808866,
    "results_end_to_end_latency_s_quantiles_p75": 4.654452280752594,
    "results_end_to_end_latency_s_quantiles_p90": 4.901797850779258,
    "results_end_to_end_latency_s_quantiles_p95": 4.935435102373594,
    "results_end_to_end_latency_s_quantiles_p99": 4.962344903649064,
    "results_end_to_end_latency_s_mean": 3.7670582860999273,
    "results_end_to_end_latency_s_min": 2.1994850920164026,
    "results_end_to_end_latency_s_max": 4.969072353967931,
    "results_end_to_end_latency_s_stddev": 0.9520204046035605,
    "results_request_output_throughput_token_per_s_quantiles_p25": 93.94407865063918,
    "results_request_output_throughput_token_per_s_quantiles_p50": 96.66330978867026,
    "results_request_output_throughput_token_per_s_quantiles_p75": 111.63818659036394,
    "results_request_output_throughput_token_per_s_quantiles_p90": 117.17405819250891,
    "results_request_output_throughput_token_per_s_quantiles_p95": 117.23711973257598,
    "results_request_output_throughput_token_per_s_quantiles_p99": 117.28756896462963,
    "results_request_output_throughput_token_per_s_mean": 98.78655897039606,
    "results_request_output_throughput_token_per_s_min": 74.65935738648197,
    "results_request_output_throughput_token_per_s_max": 117.30018127264304,
    "results_request_output_throughput_token_per_s_stddev": 14.505715427887893,
    "results_number_input_tokens_quantiles_p25": 4826.25,
    "results_number_input_tokens_quantiles_p50": 5862.0,
    "results_number_input_tokens_quantiles_p75": 6589.5,
    "results_number_input_tokens_quantiles_p90": 6702.599999999999,
    "results_number_input_tokens_quantiles_p95": 6826.799999999999,
    "results_number_input_tokens_quantiles_p99": 6926.16,
    "results_number_input_tokens_mean": 5652.6,
    "results_number_input_tokens_min": "3753",
    "results_number_input_tokens_max": "6951",
    "results_number_input_tokens_stddev": 1089.5621138787822,
    "results_number_output_tokens_quantiles_p25": 310.0,
    "results_number_output_tokens_quantiles_p50": 355.0,
    "results_number_output_tokens_quantiles_p75": 397.25,
    "results_number_output_tokens_quantiles_p90": 470.4,
    "results_number_output_tokens_quantiles_p95": 490.19999999999993,
    "results_number_output_tokens_quantiles_p99": 506.04,
    "results_number_output_tokens_mean": 364.4,
    "results_number_output_tokens_min": "258",
    "results_number_output_tokens_max": "510",
    "results_number_output_tokens_stddev": 77.95468769312936,
    "results_num_requests_started": 10,
    "results_error_rate": 0.0,
    "results_number_errors": 0,
    "results_error_code_frequency": "{}",
    "results_mean_output_throughput_token_per_s": 160.49309191449842,
    "results_num_completed_requests": 10,
    "results_num_completed_requests_per_min": 26.425865847612254,
    "timestamp": 1768990358
}