{
    "version": "2023-08-31",
    "name": "gpt-4-1-nano_5500_350_summary",
    "model": "gpt-4.1-nano",
    "mean_input_tokens": 5500,
    "stddev_input_tokens": 2250,
    "mean_output_tokens": 350,
    "stddev_output_tokens": 75,
    "num_concurrent_requests": 20,
    "results_inter_token_latency_s_quantiles_p25": 0.007368173934112615,
    "results_inter_token_latency_s_quantiles_p50": 0.00763310486830094,
    "results_inter_token_latency_s_quantiles_p75": 0.00822836790939403,
    "results_inter_token_latency_s_quantiles_p90": 0.008518560539154445,
    "results_inter_token_latency_s_quantiles_p95": 0.008692813137522203,
    "results_inter_token_latency_s_quantiles_p99": 0.00883221521621641,
    "results_inter_token_latency_s_mean": 0.007752940016381276,
    "results_inter_token_latency_s_min": 0.006744877156888031,
    "results_inter_token_latency_s_max": 0.008867065735889962,
    "results_inter_token_latency_s_stddev": 0.000651554333705613,
    "results_ttft_s_quantiles_p25": 0.7199125014994934,
    "results_ttft_s_quantiles_p50": 0.7755462789996272,
    "results_ttft_s_quantiles_p75": 0.8058345932502107,
    "results_ttft_s_quantiles_p90": 0.812115999299931,
    "results_ttft_s_quantiles_p95": 0.8167381036501865,
    "results_ttft_s_quantiles_p99": 0.820435787130391,
    "results_ttft_s_mean": 0.7601922931998161,
    "results_ttft_s_min": 0.6591333099995609,
    "results_ttft_s_max": 0.8213602080004421,
    "results_ttft_s_stddev": 0.05794245533365527,
    "results_end_to_end_latency_s_quantiles_p25": 2.0841891765001037,
    "results_end_to_end_latency_s_quantiles_p50": 2.3968551725001817,
    "results_end_to_end_latency_s_quantiles_p75": 2.7656884062503195,
    "results_end_to_end_latency_s_quantiles_p90": 2.9546972107997136,
    "results_end_to_end_latency_s_quantiles_p95": 2.961220171399691,
    "results_end_to_end_latency_s_quantiles_p99": 2.966438539879673,
    "results_end_to_end_latency_s_mean": 2.3994412240999736,
    "results_end_to_end_latency_s_min": 1.5880027449993577,
    "results_end_to_end_latency_s_max": 2.9677431319996685,
    "results_end_to_end_latency_s_stddev": 0.473208748750916,
    "results_request_output_throughput_token_per_s_quantiles_p25": 146.95834665391996,
    "results_request_output_throughput_token_per_s_quantiles_p50": 158.32940364287157,
    "results_request_output_throughput_token_per_s_quantiles_p75": 159.83399631733684,
    "results_request_output_throughput_token_per_s_quantiles_p90": 167.7497634334245,
    "results_request_output_throughput_token_per_s_quantiles_p95": 173.5001521384094,
    "results_request_output_throughput_token_per_s_quantiles_p99": 178.1004631023973,
    "results_request_output_throughput_token_per_s_mean": 156.04438628514714,
    "results_request_output_throughput_token_per_s_min": 139.79824701127313,
    "results_request_output_throughput_token_per_s_max": 179.25054084339428,
    "results_request_output_throughput_token_per_s_stddev": 11.860557611320965,
    "results_number_input_tokens_quantiles_p25": 4314.0,
    "results_number_input_tokens_quantiles_p50": 6233.5,
    "results_number_input_tokens_quantiles_p75": 6861.0,
    "results_number_input_tokens_quantiles_p90": 7687.799999999999,
    "results_number_input_tokens_quantiles_p95": 8280.899999999998,
    "results_number_input_tokens_quantiles_p99": 8755.380000000001,
    "results_number_input_tokens_mean": 5758.8,
    "results_number_input_tokens_min": "1890",
    "results_number_input_tokens_max": "8874",
    "results_number_input_tokens_stddev": 2028.2917169107823,
    "results_number_output_tokens_quantiles_p25": 308.75,
    "results_number_output_tokens_quantiles_p50": 390.0,
    "results_number_output_tokens_quantiles_p75": 442.5,
    "results_number_output_tokens_quantiles_p90": 472.5,
    "results_number_output_tokens_quantiles_p95": 483.75,
    "results_number_output_tokens_quantiles_p99": 492.75,
    "results_number_output_tokens_mean": 377.0,
    "results_number_output_tokens_min": "222",
    "results_number_output_tokens_max": "495",
    "results_number_output_tokens_stddev": 90.00987600134653,
    "results_num_requests_started": 10,
    "results_error_rate": 0.0,
    "results_number_errors": 0,
    "results_error_code_frequency": "{}",
    "results_mean_output_throughput_token_per_s": 234.69063019839945,
    "results_num_completed_requests": 10,
    "results_num_completed_requests_per_min": 37.351293930779754,
    "timestamp": 1769149475
}