{
    "version": "2023-08-31",
    "name": "gpt-4-1-nano_550_150_summary",
    "model": "gpt-4.1-nano",
    "mean_input_tokens": 550,
    "stddev_input_tokens": 150,
    "mean_output_tokens": 150,
    "stddev_output_tokens": 10,
    "num_concurrent_requests": 10,
    "results_inter_token_latency_s_quantiles_p25": 0.011378001862851666,
    "results_inter_token_latency_s_quantiles_p50": 0.01196818201695516,
    "results_inter_token_latency_s_quantiles_p75": 0.014268853296252253,
    "results_inter_token_latency_s_quantiles_p90": 0.015134188104928201,
    "results_inter_token_latency_s_quantiles_p95": 0.016676220076120154,
    "results_inter_token_latency_s_quantiles_p99": 0.017909845653073724,
    "results_inter_token_latency_s_mean": 0.012956453861548556,
    "results_inter_token_latency_s_min": 0.010238416053357765,
    "results_inter_token_latency_s_max": 0.018218252047312113,
    "results_inter_token_latency_s_stddev": 0.00238169428091134,
    "results_ttft_s_quantiles_p25": 0.7526089035018231,
    "results_ttft_s_quantiles_p50": 0.8434586324874545,
    "results_ttft_s_quantiles_p75": 1.1433470349875279,
    "results_ttft_s_quantiles_p90": 1.2435420669178712,
    "results_ttft_s_quantiles_p95": 1.2868789294574525,
    "results_ttft_s_quantiles_p99": 1.3215484194891178,
    "results_ttft_s_mean": 0.9316609241970581,
    "results_ttft_s_min": 0.6906872469990049,
    "results_ttft_s_max": 1.330215791997034,
    "results_ttft_s_stddev": 0.23883089158764897,
    "results_end_to_end_latency_s_quantiles_p25": 1.5889466237422312,
    "results_end_to_end_latency_s_quantiles_p50": 1.7197263575071702,
    "results_end_to_end_latency_s_quantiles_p75": 1.9947239534958499,
    "results_end_to_end_latency_s_quantiles_p90": 2.1284419879026246,
    "results_end_to_end_latency_s_quantiles_p95": 2.2342698014515916,
    "results_end_to_end_latency_s_quantiles_p99": 2.3189320522907657,
    "results_end_to_end_latency_s_mean": 1.8042702862992883,
    "results_end_to_end_latency_s_min": 1.4504329249903094,
    "results_end_to_end_latency_s_max": 2.340097615000559,
    "results_end_to_end_latency_s_stddev": 0.2847421052132885,
    "results_request_output_throughput_token_per_s_quantiles_p25": 84.6351076796994,
    "results_request_output_throughput_token_per_s_quantiles_p50": 92.31615130149557,
    "results_request_output_throughput_token_per_s_quantiles_p75": 100.31634457902608,
    "results_request_output_throughput_token_per_s_quantiles_p90": 107.05610394322362,
    "results_request_output_throughput_token_per_s_quantiles_p95": 110.1582087626793,
    "results_request_output_throughput_token_per_s_quantiles_p99": 112.63989261824383,
    "results_request_output_throughput_token_per_s_mean": 92.41811727538507,
    "results_request_output_throughput_token_per_s_min": 68.44767401257864,
    "results_request_output_throughput_token_per_s_max": 113.26031358213497,
    "results_request_output_throughput_token_per_s_stddev": 13.18018236695062,
    "results_number_input_tokens_quantiles_p25": 514.5,
    "results_number_input_tokens_quantiles_p50": 549.0,
    "results_number_input_tokens_quantiles_p75": 577.75,
    "results_number_input_tokens_quantiles_p90": 637.5999999999999,
    "results_number_input_tokens_quantiles_p95": 802.2999999999996,
    "results_number_input_tokens_quantiles_p99": 934.0600000000001,
    "results_number_input_tokens_mean": 581.0,
    "results_number_input_tokens_min": "472",
    "results_number_input_tokens_max": "967",
    "results_number_input_tokens_stddev": 141.8230509394639,
    "results_number_output_tokens_quantiles_p25": 148.5,
    "results_number_output_tokens_quantiles_p50": 170.0,
    "results_number_output_tokens_quantiles_p75": 175.25,
    "results_number_output_tokens_quantiles_p90": 181.7,
    "results_number_output_tokens_quantiles_p95": 189.35,
    "results_number_output_tokens_quantiles_p99": 195.47,
    "results_number_output_tokens_mean": 164.6,
    "results_number_output_tokens_min": "133",
    "results_number_output_tokens_max": "197",
    "results_number_output_tokens_stddev": 20.630075133164205,
    "results_num_requests_started": 10,
    "results_error_rate": 0.0,
    "results_number_errors": 0,
    "results_error_code_frequency": "{}",
    "results_mean_output_throughput_token_per_s": 181.65116285431333,
    "results_num_completed_requests": 10,
    "results_num_completed_requests_per_min": 66.2154907123864,
    "timestamp": 1768967773
}