{
    "version": "2023-08-31",
    "name": "gpt-4-1-nano_150_350_summary",
    "model": "gpt-4.1-nano",
    "mean_input_tokens": 150,
    "stddev_input_tokens": 25,
    "mean_output_tokens": 350,
    "stddev_output_tokens": 75,
    "num_concurrent_requests": 30,
    "results_inter_token_latency_s_quantiles_p25": 0.012789314716795515,
    "results_inter_token_latency_s_quantiles_p50": 0.014709619081701524,
    "results_inter_token_latency_s_quantiles_p75": 0.01750223604274429,
    "results_inter_token_latency_s_quantiles_p90": 0.0201664817562132,
    "results_inter_token_latency_s_quantiles_p95": 0.02030385316388173,
    "results_inter_token_latency_s_quantiles_p99": 0.02041375029001656,
    "results_inter_token_latency_s_mean": 0.015317141649098115,
    "results_inter_token_latency_s_min": 0.010913376162716305,
    "results_inter_token_latency_s_max": 0.020441224571550266,
    "results_inter_token_latency_s_stddev": 0.0034563815264678738,
    "results_ttft_s_quantiles_p25": 0.37702436974359443,
    "results_ttft_s_quantiles_p50": 0.42047753799852217,
    "results_ttft_s_quantiles_p75": 0.5046588732548116,
    "results_ttft_s_quantiles_p90": 0.5187629505016957,
    "results_ttft_s_quantiles_p95": 0.5507359027506026,
    "results_ttft_s_quantiles_p99": 0.5763142645497282,
    "results_ttft_s_mean": 0.4404434999989462,
    "results_ttft_s_min": 0.3457736420095898,
    "results_ttft_s_max": 0.5827088549995096,
    "results_ttft_s_stddev": 0.0808009196684674,
    "results_end_to_end_latency_s_quantiles_p25": 0.7404146065055102,
    "results_end_to_end_latency_s_quantiles_p50": 0.8469333124958212,
    "results_end_to_end_latency_s_quantiles_p75": 0.8746941562458233,
    "results_end_to_end_latency_s_quantiles_p90": 0.989070358601748,
    "results_end_to_end_latency_s_quantiles_p95": 0.9993999178055674,
    "results_end_to_end_latency_s_quantiles_p99": 1.007663565168623,
    "results_end_to_end_latency_s_mean": 0.8241129445988917,
    "results_end_to_end_latency_s_min": 0.6152037790016038,
    "results_end_to_end_latency_s_max": 1.0097294770093868,
    "results_end_to_end_latency_s_stddev": 0.12230650786518417,
    "results_request_output_throughput_token_per_s_quantiles_p25": 62.21854681835455,
    "results_request_output_throughput_token_per_s_quantiles_p50": 77.30576208287667,
    "results_request_output_throughput_token_per_s_quantiles_p75": 90.68195816620192,
    "results_request_output_throughput_token_per_s_quantiles_p90": 98.05908478596253,
    "results_request_output_throughput_token_per_s_quantiles_p95": 103.40484185876551,
    "results_request_output_throughput_token_per_s_quantiles_p99": 107.68144751700792,
    "results_request_output_throughput_token_per_s_mean": 77.90624889575659,
    "results_request_output_throughput_token_per_s_min": 54.50494030004919,
    "results_request_output_throughput_token_per_s_max": 108.75059893156852,
    "results_request_output_throughput_token_per_s_stddev": 18.022243358769913,
    "results_number_input_tokens_quantiles_p25": 114.0,
    "results_number_input_tokens_quantiles_p50": 116.0,
    "results_number_input_tokens_quantiles_p75": 141.75,
    "results_number_input_tokens_quantiles_p90": 148.6,
    "results_number_input_tokens_quantiles_p95": 155.79999999999998,
    "results_number_input_tokens_quantiles_p99": 161.56,
    "results_number_input_tokens_mean": 122.3,
    "results_number_input_tokens_min": "90",
    "results_number_input_tokens_max": "163",
    "results_number_input_tokens_stddev": 24.023368253061896,
    "results_number_output_tokens_quantiles_p25": 55.75,
    "results_number_output_tokens_quantiles_p50": 60.0,
    "results_number_output_tokens_quantiles_p75": 81.25,
    "results_number_output_tokens_quantiles_p90": 83.39999999999999,
    "results_number_output_tokens_quantiles_p95": 89.69999999999999,
    "results_number_output_tokens_quantiles_p99": 94.74000000000001,
    "results_number_output_tokens_mean": 64.8,
    "results_number_output_tokens_min": "37",
    "results_number_output_tokens_max": "96",
    "results_number_output_tokens_stddev": 19.441079073846584,
    "results_num_requests_started": 10,
    "results_error_rate": 0.0,
    "results_number_errors": 0,
    "results_error_code_frequency": "{}",
    "results_mean_output_throughput_token_per_s": 84.9719396481982,
    "results_num_completed_requests": 10,
    "results_num_completed_requests_per_min": 78.67772189647981,
    "timestamp": 1769511429
}