{
    "version": "2023-08-31",
    "name": "gpt-4-1-nano_5500_350_summary",
    "model": "gpt-4.1-nano",
    "mean_input_tokens": 5500,
    "stddev_input_tokens": 2250,
    "mean_output_tokens": 350,
    "stddev_output_tokens": 75,
    "num_concurrent_requests": 30,
    "results_inter_token_latency_s_quantiles_p25": 0.007535904064676913,
    "results_inter_token_latency_s_quantiles_p50": 0.008627678935955733,
    "results_inter_token_latency_s_quantiles_p75": 0.009157816916515665,
    "results_inter_token_latency_s_quantiles_p90": 0.009340906794290098,
    "results_inter_token_latency_s_quantiles_p95": 0.009485276162940379,
    "results_inter_token_latency_s_quantiles_p99": 0.009600771657860606,
    "results_inter_token_latency_s_mean": 0.008430105535106234,
    "results_inter_token_latency_s_min": 0.007412095131635064,
    "results_inter_token_latency_s_max": 0.009629645531590661,
    "results_inter_token_latency_s_stddev": 0.0008544210549555696,
    "results_ttft_s_quantiles_p25": 0.40247298450412927,
    "results_ttft_s_quantiles_p50": 0.4284383815029287,
    "results_ttft_s_quantiles_p75": 0.5173158377474465,
    "results_ttft_s_quantiles_p90": 0.581777658505598,
    "results_ttft_s_quantiles_p95": 0.6168997917498926,
    "results_ttft_s_quantiles_p99": 0.6449974983453285,
    "results_ttft_s_mean": 0.4650647675007349,
    "results_ttft_s_min": 0.36372239800402895,
    "results_ttft_s_max": 0.6520219249941874,
    "results_ttft_s_stddev": 0.09263429093401106,
    "results_end_to_end_latency_s_quantiles_p25": 2.2469890494976426,
    "results_end_to_end_latency_s_quantiles_p50": 2.4830873675018665,
    "results_end_to_end_latency_s_quantiles_p75": 2.6003578547570214,
    "results_end_to_end_latency_s_quantiles_p90": 2.6496977851958947,
    "results_end_to_end_latency_s_quantiles_p95": 2.694449800097209,
    "results_end_to_end_latency_s_quantiles_p99": 2.7302514120182604,
    "results_end_to_end_latency_s_mean": 2.433532150500105,
    "results_end_to_end_latency_s_min": 2.0519108019943815,
    "results_end_to_end_latency_s_max": 2.7392018149985233,
    "results_end_to_end_latency_s_stddev": 0.23781089990524143,
    "results_request_output_throughput_token_per_s_quantiles_p25": 128.98894544825083,
    "results_request_output_throughput_token_per_s_quantiles_p50": 138.45666171911625,
    "results_request_output_throughput_token_per_s_quantiles_p75": 158.0742802574979,
    "results_request_output_throughput_token_per_s_quantiles_p90": 159.98926547208708,
    "results_request_output_throughput_token_per_s_quantiles_p95": 160.00596817100592,
    "results_request_output_throughput_token_per_s_quantiles_p99": 160.01933033014097,
    "results_request_output_throughput_token_per_s_mean": 141.4461884044345,
    "results_request_output_throughput_token_per_s_min": 117.93075178784734,
    "results_request_output_throughput_token_per_s_max": 160.02267086992472,
    "results_request_output_throughput_token_per_s_stddev": 16.458242927885582,
    "results_number_input_tokens_quantiles_p25": 4040.75,
    "results_number_input_tokens_quantiles_p50": 4528.5,
    "results_number_input_tokens_quantiles_p75": 7685.0,
    "results_number_input_tokens_quantiles_p90": 8189.0,
    "results_number_input_tokens_quantiles_p95": 8189.0,
    "results_number_input_tokens_quantiles_p99": 8189.0,
    "results_number_input_tokens_mean": 5454.1,
    "results_number_input_tokens_min": "1495",
    "results_number_input_tokens_max": "8189",
    "results_number_input_tokens_stddev": 2312.9546976396523,
    "results_number_output_tokens_quantiles_p25": 280.0,
    "results_number_output_tokens_quantiles_p50": 353.5,
    "results_number_output_tokens_quantiles_p75": 407.75,
    "results_number_output_tokens_quantiles_p90": 416.3,
    "results_number_output_tokens_quantiles_p95": 422.15,
    "results_number_output_tokens_quantiles_p99": 426.83,
    "results_number_output_tokens_mean": 347.0,
    "results_number_output_tokens_min": "256",
    "results_number_output_tokens_max": "428",
    "results_number_output_tokens_stddev": 68.29023030826266,
    "results_num_requests_started": 10,
    "results_error_rate": 0.0,
    "results_number_errors": 0,
    "results_error_code_frequency": "{}",
    "results_mean_output_throughput_token_per_s": 453.36085955772404,
    "results_num_completed_requests": 10,
    "results_num_completed_requests_per_min": 78.39092672467852,
    "timestamp": 1769510603
}