{
    "version": "2023-08-31",
    "name": "gpt-4-1-nano_150_5500_summary",
    "model": "gpt-4.1-nano",
    "mean_input_tokens": 150,
    "stddev_input_tokens": 25,
    "mean_output_tokens": 5500,
    "stddev_output_tokens": 2250,
    "num_concurrent_requests": 1,
    "results_inter_token_latency_s_quantiles_p25": 0.009460817218279035,
    "results_inter_token_latency_s_quantiles_p50": 0.012185801581270573,
    "results_inter_token_latency_s_quantiles_p75": 0.01599675403288348,
    "results_inter_token_latency_s_quantiles_p90": 0.019522442028140945,
    "results_inter_token_latency_s_quantiles_p95": 0.02020415712414608,
    "results_inter_token_latency_s_quantiles_p99": 0.020749529200950186,
    "results_inter_token_latency_s_mean": 0.013086168403279124,
    "results_inter_token_latency_s_min": 0.007947540834650378,
    "results_inter_token_latency_s_max": 0.020885872220151213,
    "results_inter_token_latency_s_stddev": 0.004617501392779913,
    "results_ttft_s_quantiles_p25": 0.5766086130001895,
    "results_ttft_s_quantiles_p50": 0.6196246814997721,
    "results_ttft_s_quantiles_p75": 0.6322680389998823,
    "results_ttft_s_quantiles_p90": 0.8840634858005615,
    "results_ttft_s_quantiles_p95": 0.9024418809003236,
    "results_ttft_s_quantiles_p99": 0.9171445969801334,
    "results_ttft_s_mean": 0.655738237100104,
    "results_ttft_s_min": 0.5198103339998852,
    "results_ttft_s_max": 0.9208202760000859,
    "results_ttft_s_stddev": 0.13422827182666977,
    "results_end_to_end_latency_s_quantiles_p25": 1.0872328172499692,
    "results_end_to_end_latency_s_quantiles_p50": 1.2826824865001072,
    "results_end_to_end_latency_s_quantiles_p75": 1.7971506492503977,
    "results_end_to_end_latency_s_quantiles_p90": 2.162493917799929,
    "results_end_to_end_latency_s_quantiles_p95": 2.5757618479000928,
    "results_end_to_end_latency_s_quantiles_p99": 2.906376191980226,
    "results_end_to_end_latency_s_mean": 1.5326972676000878,
    "results_end_to_end_latency_s_min": 0.912227613000141,
    "results_end_to_end_latency_s_max": 2.9890297780002584,
    "results_end_to_end_latency_s_stddev": 0.6335238331481728,
    "results_request_output_throughput_token_per_s_quantiles_p25": 70.68621218574641,
    "results_request_output_throughput_token_per_s_quantiles_p50": 101.66550583437896,
    "results_request_output_throughput_token_per_s_quantiles_p75": 124.61755437712887,
    "results_request_output_throughput_token_per_s_quantiles_p90": 147.5495806573471,
    "results_request_output_throughput_token_per_s_quantiles_p95": 147.5948817862195,
    "results_request_output_throughput_token_per_s_quantiles_p99": 147.6311226893174,
    "results_request_output_throughput_token_per_s_mean": 101.0507758578747,
    "results_request_output_throughput_token_per_s_min": 57.449150516930885,
    "results_request_output_throughput_token_per_s_max": 147.64018291509188,
    "results_request_output_throughput_token_per_s_stddev": 33.79601221672355,
    "results_number_input_tokens_quantiles_p25": 129.5,
    "results_number_input_tokens_quantiles_p50": 141.0,
    "results_number_input_tokens_quantiles_p75": 153.75,
    "results_number_input_tokens_quantiles_p90": 169.7,
    "results_number_input_tokens_quantiles_p95": 177.35,
    "results_number_input_tokens_quantiles_p99": 183.47,
    "results_number_input_tokens_mean": 144.2,
    "results_number_input_tokens_min": "118",
    "results_number_input_tokens_max": "185",
    "results_number_input_tokens_stddev": 21.012165788207344,
    "results_number_output_tokens_quantiles_p25": 81.5,
    "results_number_output_tokens_quantiles_p50": 143.0,
    "results_number_output_tokens_quantiles_p75": 219.75,
    "results_number_output_tokens_quantiles_p90": 289.79999999999995,
    "results_number_output_tokens_quantiles_p95": 365.3999999999998,
    "results_number_output_tokens_quantiles_p99": 425.88,
    "results_number_output_tokens_mean": 169.0,
    "results_number_output_tokens_min": "60",
    "results_number_output_tokens_max": "441",
    "results_number_output_tokens_stddev": 119.94628427388282,
    "results_num_requests_started": 10,
    "results_error_rate": 0.0,
    "results_number_errors": 0,
    "results_error_code_frequency": "{}",
    "results_mean_output_throughput_token_per_s": 96.43216416596708,
    "results_num_completed_requests": 10,
    "results_num_completed_requests_per_min": 34.23627130152677,
    "timestamp": 1769149634
}