Concurrent_Users,P25,P50,P75
1,1.122316568504175,1.24858219250018,1.724783004490746
10,1.1127227252472949,1.324855551996734,1.6059474685098394
20,1.0281290449966036,1.2479150510043837,1.3810540195045178
30,1.1570217964945186,1.2784421114920406,1.317659778505913
40,0.922204556001816,1.0518582250006148,1.1737718177428178
50,1.207610470992222,1.3361253375041997,1.4495840812560346
