Concurrent_Users,P25,P50,P75
1,0.012314215343786895,0.014063810464401073,0.014650110727499341
10,0.012443836100658565,0.013593763261898557,0.014748260076268544
20,0.013402045720969607,0.015113817945527092,0.02104202453743793
30,0.012235325874159268,0.014775204906071752,0.016454577204049622
40,0.01375304746047573,0.016463258510712654,0.016771382241818268
50,0.015009756565837404,0.017886417619351606,0.019998103417732976
