Concurrent_Users,P25,P50,P75
1,76.77234723869279,78.26772989937928,89.1857184721719
10,79.80158725500252,87.89608388711062,93.96759146274722
20,55.07037427478919,77.56573808772879,87.65411295515479
30,68.51656924389829,80.67760662197034,90.74448661739675
40,68.6648857792781,71.44084233787677,84.39012459138361
50,61.54014324275954,63.66477023706309,80.05488015549187
