Concurrent_Users,P25,P50,P75
1,0.40687563600658905,0.5092339984985301,0.5299197577442101
10,0.4057234572501329,0.4468507039928227,0.5040232682476926
20,0.40617235725949286,0.4913520289992448,0.5620624577422859
30,0.390588615246088,0.4386384169993107,0.5734481610015791
40,0.4530134845081193,0.546138941499521,0.5986587877523561
50,0.6505340114999854,0.7176304169988725,0.9508980792561488
