{
    "version": "2023-08-31",
    "name": "gpt-4-1-nano_150_5500_summary",
    "model": "gpt-4.1-nano",
    "mean_input_tokens": 150,
    "stddev_input_tokens": 25,
    "mean_output_tokens": 5500,
    "stddev_output_tokens": 2250,
    "num_concurrent_requests": 1,
    "results_inter_token_latency_s_quantiles_p25": 0.011147944582135735,
    "results_inter_token_latency_s_quantiles_p50": 0.012579234076532868,
    "results_inter_token_latency_s_quantiles_p75": 0.014541777807984872,
    "results_inter_token_latency_s_quantiles_p90": 0.015189100475979505,
    "results_inter_token_latency_s_quantiles_p95": 0.0159564490034915,
    "results_inter_token_latency_s_quantiles_p99": 0.0165703278255011,
    "results_inter_token_latency_s_mean": 0.012838270611328247,
    "results_inter_token_latency_s_min": 0.009052075874667314,
    "results_inter_token_latency_s_max": 0.0167237975310035,
    "results_inter_token_latency_s_stddev": 0.002317327177465652,
    "results_ttft_s_quantiles_p25": 0.4493283744996006,
    "results_ttft_s_quantiles_p50": 0.46899025400489336,
    "results_ttft_s_quantiles_p75": 0.5267735682464263,
    "results_ttft_s_quantiles_p90": 0.5576233113984926,
    "results_ttft_s_quantiles_p95": 0.5663167101964063,
    "results_ttft_s_quantiles_p99": 0.5732714292347373,
    "results_ttft_s_mean": 0.4776094726999872,
    "results_ttft_s_min": 0.3352203969989205,
    "results_ttft_s_max": 0.57501010899432,
    "results_ttft_s_stddev": 0.07060901359103805,
    "results_end_to_end_latency_s_quantiles_p25": 1.140907733253698,
    "results_end_to_end_latency_s_quantiles_p50": 1.5593092380004236,
    "results_end_to_end_latency_s_quantiles_p75": 2.0084340865032573,
    "results_end_to_end_latency_s_quantiles_p90": 3.0461855275032574,
    "results_end_to_end_latency_s_quantiles_p95": 3.390178062253107,
    "results_end_to_end_latency_s_quantiles_p99": 3.665372090052988,
    "results_end_to_end_latency_s_mean": 1.805680390400812,
    "results_end_to_end_latency_s_min": 0.9408831449982245,
    "results_end_to_end_latency_s_max": 3.734170597002958,
    "results_end_to_end_latency_s_stddev": 0.9166865368066461,
    "results_request_output_throughput_token_per_s_quantiles_p25": 81.43540254562518,
    "results_request_output_throughput_token_per_s_quantiles_p50": 93.419401777503,
    "results_request_output_throughput_token_per_s_quantiles_p75": 106.2891221570751,
    "results_request_output_throughput_token_per_s_quantiles_p90": 113.12092514637453,
    "results_request_output_throughput_token_per_s_quantiles_p95": 124.9165518494802,
    "results_request_output_throughput_token_per_s_quantiles_p99": 134.35305321196478,
    "results_request_output_throughput_token_per_s_mean": 94.95343019141453,
    "results_request_output_throughput_token_per_s_min": 70.14686186149561,
    "results_request_output_throughput_token_per_s_max": 136.71217855258593,
    "results_request_output_throughput_token_per_s_stddev": 20.12128045795047,
    "results_number_input_tokens_quantiles_p25": 139.75,
    "results_number_input_tokens_quantiles_p50": 152.0,
    "results_number_input_tokens_quantiles_p75": 162.75,
    "results_number_input_tokens_quantiles_p90": 185.0,
    "results_number_input_tokens_quantiles_p95": 189.5,
    "results_number_input_tokens_quantiles_p99": 193.1,
    "results_number_input_tokens_mean": 155.0,
    "results_number_input_tokens_min": "131",
    "results_number_input_tokens_max": "194",
    "results_number_input_tokens_stddev": 21.395742047841615,
    "results_number_output_tokens_quantiles_p25": 95.25,
    "results_number_output_tokens_quantiles_p50": 136.0,
    "results_number_output_tokens_quantiles_p75": 192.5,
    "results_number_output_tokens_quantiles_p90": 405.1,
    "results_number_output_tokens_quantiles_p95": 405.55,
    "results_number_output_tokens_quantiles_p99": 405.91,
    "results_number_output_tokens_mean": 182.0,
    "results_number_output_tokens_min": "66",
    "results_number_output_tokens_max": "406",
    "results_number_output_tokens_stddev": 124.71924025140984,
    "results_num_requests_started": 10,
    "results_error_rate": 0.0,
    "results_number_errors": 0,
    "results_error_code_frequency": "{}",
    "results_mean_output_throughput_token_per_s": 93.10824639179577,
    "results_num_completed_requests": 10,
    "results_num_completed_requests_per_min": 30.695026283009593,
    "timestamp": 1769519502
}