{
    "version": "2023-08-31",
    "name": "gpt-4-1-nano_5500_350_summary",
    "model": "gpt-4.1-nano",
    "mean_input_tokens": 5500,
    "stddev_input_tokens": 2250,
    "mean_output_tokens": 350,
    "stddev_output_tokens": 75,
    "num_concurrent_requests": 40,
    "results_inter_token_latency_s_quantiles_p25": 0.009585545530102277,
    "results_inter_token_latency_s_quantiles_p50": 0.010316283223986079,
    "results_inter_token_latency_s_quantiles_p75": 0.011213271892665064,
    "results_inter_token_latency_s_quantiles_p90": 0.011710753170220165,
    "results_inter_token_latency_s_quantiles_p95": 0.011771027633603874,
    "results_inter_token_latency_s_quantiles_p99": 0.011819247204310842,
    "results_inter_token_latency_s_mean": 0.010265223536915951,
    "results_inter_token_latency_s_min": 0.008387375683245678,
    "results_inter_token_latency_s_max": 0.011831302096987585,
    "results_inter_token_latency_s_stddev": 0.0011533550893033818,
    "results_ttft_s_quantiles_p25": 0.43272440574583015,
    "results_ttft_s_quantiles_p50": 0.4876642185045057,
    "results_ttft_s_quantiles_p75": 0.5310591314992053,
    "results_ttft_s_quantiles_p90": 0.591014196803735,
    "results_ttft_s_quantiles_p95": 0.7569342269045588,
    "results_ttft_s_quantiles_p99": 0.8896702509852185,
    "results_ttft_s_mean": 0.5193372931011254,
    "results_ttft_s_min": 0.40497032200801186,
    "results_ttft_s_max": 0.9228542570053833,
    "results_ttft_s_stddev": 0.15082617544244747,
    "results_end_to_end_latency_s_quantiles_p25": 1.8625367872409697,
    "results_end_to_end_latency_s_quantiles_p50": 2.539602630000445,
    "results_end_to_end_latency_s_quantiles_p75": 3.266904239753785,
    "results_end_to_end_latency_s_quantiles_p90": 3.3154392195050604,
    "results_end_to_end_latency_s_quantiles_p95": 3.508891283253615,
    "results_end_to_end_latency_s_quantiles_p99": 3.6636529342524593,
    "results_end_to_end_latency_s_mean": 2.5365759941021677,
    "results_end_to_end_latency_s_min": 1.360544438008219,
    "results_end_to_end_latency_s_max": 3.70234334700217,
    "results_end_to_end_latency_s_stddev": 0.8249781079553995,
    "results_request_output_throughput_token_per_s_quantiles_p25": 105.589278603604,
    "results_request_output_throughput_token_per_s_quantiles_p50": 116.96651039755804,
    "results_request_output_throughput_token_per_s_quantiles_p75": 123.53173260080305,
    "results_request_output_throughput_token_per_s_quantiles_p90": 135.61029286935113,
    "results_request_output_throughput_token_per_s_quantiles_p95": 139.1274124330404,
    "results_request_output_throughput_token_per_s_quantiles_p99": 141.94110808399182,
    "results_request_output_throughput_token_per_s_mean": 117.43834800019113,
    "results_request_output_throughput_token_per_s_min": 97.75498416994488,
    "results_request_output_throughput_token_per_s_max": 142.64453199672968,
    "results_request_output_throughput_token_per_s_stddev": 14.604574288768262,
    "results_number_input_tokens_quantiles_p25": 281.0,
    "results_number_input_tokens_quantiles_p50": 2149.0,
    "results_number_input_tokens_quantiles_p75": 4652.0,
    "results_number_input_tokens_quantiles_p90": 4688.9,
    "results_number_input_tokens_quantiles_p95": 4854.95,
    "results_number_input_tokens_quantiles_p99": 4987.79,
    "results_number_input_tokens_mean": 2423.9,
    "results_number_input_tokens_min": "201",
    "results_number_input_tokens_max": "5021",
    "results_number_input_tokens_stddev": 2130.6224155813666,
    "results_number_output_tokens_quantiles_p25": 218.0,
    "results_number_output_tokens_quantiles_p50": 352.0,
    "results_number_output_tokens_quantiles_p75": 379.75,
    "results_number_output_tokens_quantiles_p90": 390.5,
    "results_number_output_tokens_quantiles_p95": 424.24999999999994,
    "results_number_output_tokens_quantiles_p99": 451.25,
    "results_number_output_tokens_mean": 302.6,
    "results_number_output_tokens_min": "133",
    "results_number_output_tokens_max": "458",
    "results_number_output_tokens_stddev": 111.94661426074683,
    "results_num_requests_started": 10,
    "results_error_rate": 0.0,
    "results_number_errors": 0,
    "results_error_code_frequency": "{}",
    "results_mean_output_throughput_token_per_s": 332.94540601667603,
    "results_num_completed_requests": 10,
    "results_num_completed_requests_per_min": 66.0169344382041,
    "timestamp": 1769511193
}