{
    "version": "2023-08-31",
    "name": "gpt-4-1-nano_5500_350_summary",
    "model": "gpt-4.1-nano",
    "mean_input_tokens": 5500,
    "stddev_input_tokens": 2250,
    "mean_output_tokens": 350,
    "stddev_output_tokens": 75,
    "num_concurrent_requests": 20,
    "results_inter_token_latency_s_quantiles_p25": 0.010440394561657018,
    "results_inter_token_latency_s_quantiles_p50": 0.010993472174230527,
    "results_inter_token_latency_s_quantiles_p75": 0.011898557559864409,
    "results_inter_token_latency_s_quantiles_p90": 0.013244690025973449,
    "results_inter_token_latency_s_quantiles_p95": 0.014069183561361932,
    "results_inter_token_latency_s_quantiles_p99": 0.01472877838967272,
    "results_inter_token_latency_s_mean": 0.011475119106887414,
    "results_inter_token_latency_s_min": 0.009900714819566073,
    "results_inter_token_latency_s_max": 0.014893677096750418,
    "results_inter_token_latency_s_stddev": 0.0015377371873957267,
    "results_ttft_s_quantiles_p25": 1.7946465252607595,
    "results_ttft_s_quantiles_p50": 1.8995352740166709,
    "results_ttft_s_quantiles_p75": 2.016684196976712,
    "results_ttft_s_quantiles_p90": 2.0913403063197618,
    "results_ttft_s_quantiles_p95": 2.163774539681617,
    "results_ttft_s_quantiles_p99": 2.221721926371101,
    "results_ttft_s_mean": 1.8590330147126224,
    "results_ttft_s_min": 1.2799688469967805,
    "results_ttft_s_max": 2.2362087730434723,
    "results_ttft_s_stddev": 0.27582615575069364,
    "results_end_to_end_latency_s_quantiles_p25": 3.7869987792655593,
    "results_end_to_end_latency_s_quantiles_p50": 4.075114364997717,
    "results_end_to_end_latency_s_quantiles_p75": 4.361715153732803,
    "results_end_to_end_latency_s_quantiles_p90": 4.508648500492563,
    "results_end_to_end_latency_s_quantiles_p95": 4.740025443755439,
    "results_end_to_end_latency_s_quantiles_p99": 4.92512699836574,
    "results_end_to_end_latency_s_mean": 4.070132496103179,
    "results_end_to_end_latency_s_min": 3.2997326650074683,
    "results_end_to_end_latency_s_max": 4.9714023870183155,
    "results_end_to_end_latency_s_stddev": 0.49377766183406324,
    "results_request_output_throughput_token_per_s_quantiles_p25": 93.33721545701155,
    "results_request_output_throughput_token_per_s_quantiles_p50": 108.35104913926182,
    "results_request_output_throughput_token_per_s_quantiles_p75": 113.6498715314195,
    "results_request_output_throughput_token_per_s_quantiles_p90": 118.0671145588653,
    "results_request_output_throughput_token_per_s_quantiles_p95": 119.33158278703239,
    "results_request_output_throughput_token_per_s_quantiles_p99": 120.34315736956606,
    "results_request_output_throughput_token_per_s_mean": 103.83295709672984,
    "results_request_output_throughput_token_per_s_min": 81.15611660875786,
    "results_request_output_throughput_token_per_s_max": 120.59605101519948,
    "results_request_output_throughput_token_per_s_stddev": 14.411525919836977,
    "results_number_input_tokens_quantiles_p25": 4659.0,
    "results_number_input_tokens_quantiles_p50": 5622.5,
    "results_number_input_tokens_quantiles_p75": 6640.0,
    "results_number_input_tokens_quantiles_p90": 7605.9,
    "results_number_input_tokens_quantiles_p95": 7920.449999999999,
    "results_number_input_tokens_quantiles_p99": 8172.09,
    "results_number_input_tokens_mean": 5689.9,
    "results_number_input_tokens_min": "2818",
    "results_number_input_tokens_max": "8235",
    "results_number_input_tokens_stddev": 1618.7976642489257,
    "results_number_output_tokens_quantiles_p25": 377.75,
    "results_number_output_tokens_quantiles_p50": 432.0,
    "results_number_output_tokens_quantiles_p75": 456.75,
    "results_number_output_tokens_quantiles_p90": 517.8,
    "results_number_output_tokens_quantiles_p95": 521.4,
    "results_number_output_tokens_quantiles_p99": 524.28,
    "results_number_output_tokens_mean": 422.7,
    "results_number_output_tokens_min": "273",
    "results_number_output_tokens_max": "525",
    "results_number_output_tokens_stddev": 76.06583405913007,
    "results_num_requests_started": 10,
    "results_error_rate": 0.0,
    "results_number_errors": 0,
    "results_error_code_frequency": "{}",
    "results_mean_output_throughput_token_per_s": 177.286734887875,
    "results_num_completed_requests": 10,
    "results_num_completed_requests_per_min": 25.164902042281764,
    "timestamp": 1769053093
}