{
    "version": "2023-08-31",
    "name": "gpt-4-1-nano_150_350_summary",
    "model": "gpt-4.1-nano",
    "mean_input_tokens": 150,
    "stddev_input_tokens": 25,
    "mean_output_tokens": 350,
    "stddev_output_tokens": 75,
    "num_concurrent_requests": 1,
    "results_inter_token_latency_s_quantiles_p25": 0.012314215343786895,
    "results_inter_token_latency_s_quantiles_p50": 0.014063810464401073,
    "results_inter_token_latency_s_quantiles_p75": 0.014650110727499341,
    "results_inter_token_latency_s_quantiles_p90": 0.014912149366681941,
    "results_inter_token_latency_s_quantiles_p95": 0.0159060310472917,
    "results_inter_token_latency_s_quantiles_p99": 0.016701136391779507,
    "results_inter_token_latency_s_mean": 0.013769105017692842,
    "results_inter_token_latency_s_min": 0.011770212764333172,
    "results_inter_token_latency_s_max": 0.016899912727901457,
    "results_inter_token_latency_s_stddev": 0.001622650297316286,
    "results_ttft_s_quantiles_p25": 0.40687563600658905,
    "results_ttft_s_quantiles_p50": 0.5092339984985301,
    "results_ttft_s_quantiles_p75": 0.5299197577442101,
    "results_ttft_s_quantiles_p90": 0.6805927931069162,
    "results_ttft_s_quantiles_p95": 0.8143226685540864,
    "results_ttft_s_quantiles_p99": 0.921306568911823,
    "results_ttft_s_mean": 0.5264837894006632,
    "results_ttft_s_min": 0.3604949649889022,
    "results_ttft_s_max": 0.948052544001257,
    "results_ttft_s_stddev": 0.17256971101487378,
    "results_end_to_end_latency_s_quantiles_p25": 1.122316568504175,
    "results_end_to_end_latency_s_quantiles_p50": 1.24858219250018,
    "results_end_to_end_latency_s_quantiles_p75": 1.724783004490746,
    "results_end_to_end_latency_s_quantiles_p90": 1.8699754674002178,
    "results_end_to_end_latency_s_quantiles_p95": 2.0708507216979335,
    "results_end_to_end_latency_s_quantiles_p99": 2.231550925136107,
    "results_end_to_end_latency_s_mean": 1.4120461939004598,
    "results_end_to_end_latency_s_min": 0.912765497007058,
    "results_end_to_end_latency_s_max": 2.2717259759956505,
    "results_end_to_end_latency_s_stddev": 0.42818218856708246,
    "results_request_output_throughput_token_per_s_quantiles_p25": 76.77234723869279,
    "results_request_output_throughput_token_per_s_quantiles_p50": 78.26772989937928,
    "results_request_output_throughput_token_per_s_quantiles_p75": 89.1857184721719,
    "results_request_output_throughput_token_per_s_quantiles_p90": 100.15280297803228,
    "results_request_output_throughput_token_per_s_quantiles_p95": 102.39552119595314,
    "results_request_output_throughput_token_per_s_quantiles_p99": 104.18969577028983,
    "results_request_output_throughput_token_per_s_mean": 83.36249162140811,
    "results_request_output_throughput_token_per_s_min": 69.2818353769776,
    "results_request_output_throughput_token_per_s_max": 104.638239413874,
    "results_request_output_throughput_token_per_s_stddev": 11.58006052251598,
    "results_number_input_tokens_quantiles_p25": 134.5,
    "results_number_input_tokens_quantiles_p50": 147.5,
    "results_number_input_tokens_quantiles_p75": 153.75,
    "results_number_input_tokens_quantiles_p90": 177.2,
    "results_number_input_tokens_quantiles_p95": 178.1,
    "results_number_input_tokens_quantiles_p99": 178.82,
    "results_number_input_tokens_mean": 149.2,
    "results_number_input_tokens_min": "130",
    "results_number_input_tokens_max": "179",
    "results_number_input_tokens_stddev": 17.510631691124747,
    "results_number_output_tokens_quantiles_p25": 82.75,
    "results_number_output_tokens_quantiles_p50": 100.0,
    "results_number_output_tokens_quantiles_p75": 164.0,
    "results_number_output_tokens_quantiles_p90": 192.4,
    "results_number_output_tokens_quantiles_p95": 198.7,
    "results_number_output_tokens_quantiles_p99": 203.74,
    "results_number_output_tokens_mean": 121.0,
    "results_number_output_tokens_min": "71",
    "results_number_output_tokens_max": "205",
    "results_number_output_tokens_stddev": 51.188106257432715,
    "results_num_requests_started": 10,
    "results_error_rate": 0.0,
    "results_number_errors": 0,
    "results_error_code_frequency": "{}",
    "results_mean_output_throughput_token_per_s": 77.4430576402895,
    "results_num_completed_requests": 10,
    "results_num_completed_requests_per_min": 38.40151618526752,
    "timestamp": 1769519637
}